Time (UTC),Toyama,sado (m),fukaura (m),saigo (m),rudnaya (m),preobrazheniye (m),sosunovo (m)
2024/01/01 0:00,0.075,0.031,0.006,0.058,-0.06,-0.009,0.01
2024/01/01 0:01,0.074,0.037,0.021,0.06,0.041,-0.048,0
2024/01/01 0:02,0.051,0.037,0.012,0.059,-0.068,-0.017,0.001
2024/01/01 0:03,0.038,0.006,0.021,0.055,0.022,0.004,0.002
2024/01/01 0:04,0.073,0.027,0.027,0.054,-0.037,-0.015,0.003
2024/01/01 0:05,0.072,0.04,0.036,0.056,-0.016,0.005,0.004
2024/01/01 0:06,0.068,0.045,0.029,0.062,-0.005,0.006,-0.016
2024/01/01 0:07,0.061,0.021,0.029,0.049,0.036,0.007,-0.005
2024/01/01 0:08,0.05,0.048,-0.001,0.051,-0.013,0.028,0.016
2024/01/01 0:09,0.058,0.015,0.011,0.035,0.048,0.009,-0.003
2024/01/01 0:10,0.054,-0.016,-0.004,0.046,-0.051,0.03,0.007
2024/01/01 0:11,0.032,0.008,-0.001,0.037,-0.01,0.04,0.028
2024/01/01 0:12,0.031,0.011,0.008,0.027,-0.059,0.031,0.009
2024/01/01 0:13,0.057,0.011,0.008,0.035,-0.018,0.042,0
2024/01/01 0:14,0.034,0.017,0.005,0.025,-0.027,0.013,0
2024/01/01 0:15,0.033,0.017,0.026,0.016,0.014,0.004,-0.009
2024/01/01 0:16,0.035,0.011,0.002,0.009,-0.005,0.015,0.002
2024/01/01 0:17,0.062,0.005,0.02,0.012,-0.005,0.025,0.013
2024/01/01 0:18,0.036,0.002,0.002,-0.004,-0.044,0.016,0.013
2024/01/01 0:19,0.008,0.018,-0.01,0.005,-0.083,0.027,-0.006
2024/01/01 0:20,0.043,0.015,-0.022,-0.011,-0.032,0.028,-0.005
2024/01/01 0:21,0.036,0.027,-0.007,-0.005,-0.031,0.039,-0.005
2024/01/01 0:22,0.035,-0.003,-0.016,-0.018,-0.02,0.02,-0.004
2024/01/01 0:23,0.022,-0.003,0,-0.021,0.001,0.011,0.017
2024/01/01 0:24,0.03,-0.015,0.015,-0.015,-0.068,0.001,0.017
2024/01/01 0:25,0.041,-0.021,-0.003,-0.013,0.003,0.002,0.018
2024/01/01 0:26,0.021,0.019,0.028,-0.016,-0.077,-0.027,-0.002
2024/01/01 0:27,0.008,0.007,-0.017,-0.016,-0.026,-0.026,-0.011
2024/01/01 0:28,0.026,0.022,-0.002,-0.022,0.015,-0.035,0.02
2024/01/01 0:29,0.013,0.004,-0.02,-0.019,0.006,-0.044,0.01
2024/01/01 0:30,-0.001,-0.008,0.002,-0.01,0.037,-0.033,0.011
2024/01/01 0:31,0.005,-0.007,0.005,-0.001,0.027,-0.062,0.011
2024/01/01 0:32,0.004,0.002,0.012,-0.001,0.068,-0.021,-0.008
2024/01/01 0:33,0.043,0.006,0.013,-0.007,0.009,-0.04,0.002
2024/01/01 0:34,0.02,0.015,-0.002,0.003,-0.02,-0.019,-0.007
2024/01/01 0:35,0.02,0.015,0.004,0,-0.009,0.002,-0.007
2024/01/01 0:36,0.01,-0.015,-0.029,0.003,0.001,-0.027,-0.006
2024/01/01 0:37,0.018,-0.014,-0.016,0.006,0.002,-0.026,-0.006
2024/01/01 0:38,0.005,-0.029,0,0.013,-0.037,-0.015,0.005
2024/01/01 0:39,-0.01,0.002,-0.012,0.004,-0.006,0.006,0.005
2024/01/01 0:40,-0.014,0.018,-0.002,0.001,-0.046,0.027,-0.005
2024/01/01 0:41,-0.015,0.018,-0.001,0.005,-0.025,0.008,-0.004
2024/01/01 0:42,-0.009,0.019,-0.003,0.008,0.026,-0.011,0.006
2024/01/01 0:43,-0.006,-0.002,0.013,0.006,0.046,0.01,-0.003
2024/01/01 0:44,0.002,-0.02,-0.017,0.012,0.067,0.021,0.007
2024/01/01 0:45,-0.001,-0.019,0.014,-0.012,0.048,0.022,-0.003
2024/01/01 0:46,0.005,-0.018,-0.016,-0.002,0.059,0.043,-0.012
2024/01/01 0:47,-0.02,-0.003,0.004,-0.01,0.059,0.014,-0.002
2024/01/01 0:48,-0.002,0.007,0.011,-0.003,0.04,0.025,-0.022
2024/01/01 0:49,-0.002,-0.001,0.002,-0.003,0.051,0.046,-0.001
2024/01/01 0:50,-0.015,-0.007,0.037,-0.008,0.011,0.037,-0.011
2024/01/01 0:51,-0.03,-0.006,-0.011,-0.001,0.002,0.038,-0.011
2024/01/01 0:52,-0.024,-0.018,0.011,-0.01,-0.038,0.029,-0.001
2024/01/01 0:53,-0.015,-0.005,-0.009,-0.015,0.033,0,-0.01
2024/01/01 0:54,-0.021,-0.001,-0.03,-0.014,-0.016,0.002,0
2024/01/01 0:55,-0.015,0.009,-0.017,0.005,-0.026,-0.007,0
2024/01/01 0:56,-0.014,-0.015,-0.034,-0.003,0.035,-0.006,0
2024/01/01 0:57,0.004,-0.005,0.01,-0.002,-0.024,-0.015,-0.009
2024/01/01 0:58,-0.017,0.011,-0.026,-0.004,0.056,-0.024,0.001
2024/01/01 0:59,0.002,0,0.015,-0.012,0.067,-0.053,0.001
2024/01/01 1:00,-0.001,-0.002,0.007,-0.002,-0.043,-0.042,0.001
2024/01/01 1:01,-0.007,-0.005,-0.014,0.002,-0.022,-0.031,0.002
2024/01/01 1:02,-0.031,-0.013,-0.012,0.006,-0.052,-0.04,0.002
2024/01/01 1:03,-0.021,-0.006,0.001,0.007,0.029,-0.029,0.002
2024/01/01 1:04,-0.011,-0.018,-0.016,-0.001,-0.02,-0.018,0.012
2024/01/01 1:05,-0.035,-0.017,-0.009,0.012,-0.01,-0.026,0.002
2024/01/01 1:06,-0.034,-0.007,0.004,0.001,-0.029,-0.015,-0.007
2024/01/01 1:07,-0.034,-0.012,-0.013,-0.007,0.021,-0.034,-0.007
2024/01/01 1:08,0.004,0.007,0.018,0.003,0.052,-0.023,0.003
2024/01/01 1:09,-0.02,-0.005,-0.011,0.022,-0.038,-0.032,-0.007
2024/01/01 1:10,-0.031,0.015,0.014,0.008,-0.047,-0.021,-0.007
2024/01/01 1:11,-0.009,0.003,-0.015,-0.009,-0.056,0,0.004
2024/01/01 1:12,0.019,-0.023,-0.008,0.004,0.064,-0.009,0.014
2024/01/01 1:13,-0.016,-0.053,-0.007,-0.004,0.015,0.002,0.034
2024/01/01 1:14,-0.027,-0.025,-0.006,0.007,-0.005,0.003,0.034
2024/01/01 1:15,-0.017,0.006,-0.004,-0.011,-0.034,0.004,0.025
2024/01/01 1:16,-0.031,0.004,-0.034,0.003,-0.024,0.015,0.005
2024/01/01 1:17,-0.027,0.008,0.025,0.001,-0.013,0.006,-0.005
2024/01/01 1:18,-0.035,0,-0.001,-0.008,-0.033,-0.013,-0.005
2024/01/01 1:19,-0.009,0.003,0.024,-0.01,-0.002,-0.002,-0.005
2024/01/01 1:20,-0.017,-0.005,0.004,-0.005,0.019,-0.021,0.006
2024/01/01 1:21,-0.004,-0.007,0.014,-0.008,0.009,-0.02,0.006
2024/01/01 1:22,-0.017,0,0.015,-0.01,0.02,0.001,-0.004
2024/01/01 1:23,0.011,-0.006,0.004,-0.015,0.09,-0.008,-0.004
2024/01/01 1:24,0.007,-0.011,-0.007,0.002,-0.009,-0.017,-0.023
2024/01/01 1:25,-0.016,-0.013,0.012,-0.019,-0.009,-0.006,-0.033
2024/01/01 1:26,-0.003,0.03,0.013,-0.003,-0.058,-0.005,-0.023
2024/01/01 1:27,-0.004,0.031,-0.001,-0.017,-0.047,-0.004,-0.002
2024/01/01 1:28,0,0.016,0.009,-0.01,0.033,0.007,-0.002
2024/01/01 1:29,-0.023,-0.01,0.007,-0.006,-0.036,0.128,0.008
2024/01/01 1:30,-0.009,-0.013,0.008,-0.02,-0.006,0.219,0.009
2024/01/01 1:31,-0.01,0.012,-0.006,-0.01,0.025,0.04,-0.001
2024/01/01 1:32,0.003,-0.002,-0.015,0,0.025,0.001,-0.011
2024/01/01 1:33,-0.013,0.026,-0.008,0.003,0.016,0.002,-0.01
2024/01/01 1:34,0.006,0.021,-0.013,-0.017,-0.033,-0.008,0.01
2024/01/01 1:35,0.014,0.012,-0.018,-0.007,-0.023,-0.007,0
2024/01/01 1:36,0.009,-0.002,0.016,-0.016,-0.002,-0.026,0.001
2024/01/01 1:37,0.005,-0.002,0.02,-0.003,-0.002,-0.015,0.001
2024/01/01 1:38,0.01,-0.01,0.015,-0.008,0.049,-0.014,-0.018
2024/01/01 1:39,0.002,-0.003,0.013,-0.001,-0.011,-0.024,0.002
2024/01/01 1:40,0.007,0.006,0.013,-0.004,0,-0.003,0.002
2024/01/01 1:41,0.002,0.016,-0.004,0.003,-0.009,-0.002,0.003
2024/01/01 1:42,-0.018,0.017,-0.003,-0.009,-0.009,-0.001,0.003
2024/01/01 1:43,0.002,0.011,-0.012,-0.002,0.052,-0.001,-0.016
2024/01/01 1:44,0,0.009,-0.005,0.002,0.002,0,0.004
2024/01/01 1:45,-0.007,-0.015,-0.001,-0.001,-0.017,0.001,0.005
2024/01/01 1:46,0.003,-0.005,0.015,0.012,-0.006,0.012,0.015
2024/01/01 1:47,0.002,-0.017,-0.009,0.006,-0.026,0.002,0.006
2024/01/01 1:48,0.024,-0.022,-0.011,0.013,-0.015,-0.007,0.016
2024/01/01 1:49,0.026,0.003,0.011,0.007,-0.045,0.004,0.007
2024/01/01 1:50,0.024,0.025,0.011,0.01,-0.034,0.004,-0.013
2024/01/01 1:51,0.016,0.01,-0.015,0.014,-0.004,0.005,0.018
2024/01/01 1:52,0.008,0.026,0.003,0.023,-0.033,0.005,-0.002
2024/01/01 1:53,0.007,-0.001,0.001,0.027,-0.012,0.006,0.009
2024/01/01 1:54,0.014,-0.022,-0.008,0.027,-0.022,0.007,-0.011
2024/01/01 1:55,0.012,-0.021,-0.004,0.018,-0.001,0.007,-0.02
2024/01/01 1:56,-0.011,-0.005,0.012,0.021,-0.011,0.008,-0.03
2024/01/01 1:57,-0.004,-0.005,0.015,0.009,0.01,0.018,-0.019
2024/01/01 1:58,0.012,0.002,0.019,0.013,0.071,0.009,-0.009
2024/01/01 1:59,0.001,0.018,0.007,0.016,0.011,-0.001,-0.008
2024/01/01 2:00,0.005,0.024,0.005,0.022,0.032,-0.01,0.012
2024/01/01 2:01,0.006,-0.003,0.002,0.013,0.012,-0.01,0.013
2024/01/01 2:02,0.025,0.001,-0.016,0.01,0.013,-0.009,0.013
2024/01/01 2:03,0.014,0.017,0.003,0.004,-0.007,-0.029,-0.006
2024/01/01 2:04,0.012,-0.001,-0.009,-0.005,0.014,-0.008,-0.016
2024/01/01 2:05,0.013,-0.016,-0.011,0.002,0.004,-0.008,-0.005
2024/01/01 2:06,0.016,-0.012,0.008,-0.001,-0.025,-0.017,0.015
2024/01/01 2:07,0.005,0.016,0.032,0.011,-0.034,-0.007,0.016
2024/01/01 2:08,-0.007,0.001,0.03,0.005,-0.014,-0.027,0.006
2024/01/01 2:09,0.012,0.002,-0.003,-0.007,0.047,-0.016,-0.013
2024/01/01 2:10,-0.009,0.02,-0.006,-0.01,0.017,-0.006,-0.003
2024/01/01 2:11,0.01,0,-0.009,0.002,-0.022,-0.005,0.008
2024/01/01 2:12,0.011,-0.012,-0.021,0.005,-0.022,-0.005,0.008
2024/01/01 2:13,0.023,0.001,-0.051,-0.001,0.039,-0.015,-0.001
2024/01/01 2:14,0.017,-0.011,-0.008,-0.001,0.029,-0.014,0.009
2024/01/01 2:15,0.024,-0.017,-0.004,-0.007,0.02,-0.004,0.01
2024/01/01 2:16,0.009,0.008,0.002,0.002,0,-0.013,0
2024/01/01 2:17,0.012,0.009,0.039,-0.001,0.011,-0.013,0.021
2024/01/01 2:18,0.009,0.015,0.018,0.005,0.031,-0.013,-0.029
2024/01/01 2:19,-0.006,0.025,0.01,0.005,0.022,0.018,-0.018
2024/01/01 2:20,0.01,0.01,-0.005,-0.013,0.022,0.008,0.002
2024/01/01 2:21,-0.015,-0.002,-0.023,-0.013,0.012,0.018,-0.017
2024/01/01 2:22,0.007,-0.016,-0.001,-0.004,-0.047,0.019,-0.007
2024/01/01 2:23,-0.006,-0.01,-0.035,-0.001,0.013,0.019,-0.006
2024/01/01 2:24,0.016,-0.009,0.005,-0.007,0.004,0.019,-0.006
2024/01/01 2:25,0.016,-0.003,0.015,-0.001,0.024,0.02,-0.006
2024/01/01 2:26,0.006,0.013,0.009,0.003,0.035,0.03,0.015
2024/01/01 2:27,0.003,0.019,0.022,-0.013,-0.015,0.03,-0.005
2024/01/01 2:28,0.021,-0.001,0.013,-0.022,0.015,0.021,0.006
2024/01/01 2:29,0.012,-0.019,0.007,-0.006,-0.004,0.021,-0.004
2024/01/01 2:30,-0.004,-0.013,-0.017,0.006,-0.044,-0.009,-0.034
2024/01/01 2:31,-0.004,-0.018,-0.028,0.009,0.006,-0.018,-0.013
2024/01/01 2:32,0.005,-0.015,-0.007,-0.003,-0.023,0.002,-0.013
2024/01/01 2:33,-0.004,-0.017,-0.003,-0.003,-0.053,0.022,0.007
2024/01/01 2:34,-0.008,-0.014,0.003,-0.003,0.007,0.013,-0.032
2024/01/01 2:35,-0.002,0.008,0.001,-0.009,-0.012,-0.007,-0.002
2024/01/01 2:36,0.007,0.03,-0.002,0.001,-0.022,0.023,-0.002
2024/01/01 2:37,0.004,0.015,-0.005,0.004,-0.012,0.024,0.008
2024/01/01 2:38,0,-0.003,-0.004,0.001,0.019,0.004,-0.001
2024/01/01 2:39,0.018,-0.015,-0.019,-0.002,-0.011,0.004,0.029
2024/01/01 2:40,0.009,-0.039,-0.009,-0.005,0.029,-0.005,0.019
2024/01/01 2:41,0.023,-0.035,-0.003,-0.013,0.04,-0.005,0.039
2024/01/01 2:42,0.005,-0.001,-0.005,-0.001,-0.01,-0.025,0.01
2024/01/01 2:43,-0.008,0.02,0.01,0.002,-0.01,-0.014,0.03
2024/01/01 2:44,-0.005,0.03,0.002,-0.01,-0.04,-0.014,0.03
2024/01/01 2:45,0.004,0.027,-0.001,0,-0.059,-0.054,0.01
2024/01/01 2:46,-0.024,-0.009,-0.006,-0.015,-0.009,-0.053,-0.02
2024/01/01 2:47,-0.034,-0.03,-0.006,-0.003,-0.059,-0.023,-0.009
2024/01/01 2:48,-0.003,-0.02,-0.005,0.001,0.011,-0.043,0.011
2024/01/01 2:49,0.002,-0.005,-0.014,-0.011,-0.018,-0.022,0.021
2024/01/01 2:50,-0.007,0.002,0.005,0.005,0.012,-0.022,0.011
2024/01/01 2:51,0.008,0.026,-0.004,0.005,-0.008,-0.012,0.011
2024/01/01 2:52,0.014,0.024,0.021,-0.01,0.022,0.019,0.001
2024/01/01 2:53,0.019,0,0.003,0.003,-0.027,-0.001,0.022
2024/01/01 2:54,0.004,-0.018,-0.005,0,-0.017,0.009,0.002
2024/01/01 2:55,-0.011,-0.006,0.026,-0.011,0.003,0.02,0.002
2024/01/01 2:56,-0.027,-0.021,-0.026,0.001,-0.007,0.01,0.012
2024/01/01 2:57,-0.024,0.004,0.011,-0.011,0.023,0.01,0.012
2024/01/01 2:58,-0.012,0.007,0.009,-0.004,0.033,0.031,0.022
2024/01/01 2:59,-0.042,0.01,-0.018,-0.003,0.014,0.021,0.012
2024/01/01 3:00,-0.015,0.02,0.025,0.006,-0.006,0.021,-0.008
2024/01/01 3:01,-0.009,0.002,-0.02,0.004,-0.006,0.002,-0.008
2024/01/01 3:02,0,0.002,0.011,-0.005,0.034,0.002,-0.018
2024/01/01 3:03,0,-0.013,-0.013,-0.017,-0.006,0.002,-0.017
2024/01/01 3:04,0,-0.013,-0.018,-0.001,0.024,0.013,-0.007
2024/01/01 3:05,-0.021,-0.006,-0.011,0,0.015,0.003,0.023
2024/01/01 3:06,-0.012,0,0.01,0,-0.025,-0.037,0.003
2024/01/01 3:07,-0.009,0.016,0.002,0.007,0.015,-0.006,0.003
2024/01/01 3:08,-0.039,0.016,0.002,0.008,0.005,-0.016,0.013
2024/01/01 3:09,-0.017,0.01,0.024,0.008,0.035,-0.036,0.003
2024/01/01 3:10,-0.023,-0.008,0.01,-0.004,0.025,-0.015,-0.017
2024/01/01 3:11,-0.011,-0.017,-0.005,0,0.005,-0.035,0.013
2024/01/01 3:12,-0.041,-0.002,-0.02,-0.002,0.026,-0.035,0.013
2024/01/01 3:13,-0.022,0.017,0.008,0.017,0.006,-0.035,0.023
2024/01/01 3:14,0.002,0.017,-0.006,0.005,0.016,-0.034,-0.007
2024/01/01 3:15,-0.006,0.014,0,0.005,0.036,-0.014,-0.007
2024/01/01 3:16,-0.015,-0.001,0.016,0,0.026,0.006,0.013
2024/01/01 3:17,-0.005,-0.022,-0.008,0.01,-0.004,0.017,0.003
2024/01/01 3:18,-0.002,-0.016,0.005,0.001,-0.004,0.007,-0.026
2024/01/01 3:19,-0.01,-0.004,-0.004,-0.017,-0.044,0.017,-0.026
2024/01/01 3:20,-0.001,0.015,-0.015,0.002,-0.013,0.007,-0.026
2024/01/01 3:21,0.003,0.033,0.004,-0.003,-0.013,0.018,-0.016
2024/01/01 3:22,-0.005,0.027,0.007,0.006,-0.043,0.008,-0.006
2024/01/01 3:23,-0.005,0.006,0.001,0.001,-0.023,0.038,-0.006
2024/01/01 3:24,-0.004,-0.006,0.005,-0.008,-0.003,0.038,-0.006
2024/01/01 3:25,-0.018,-0.024,-0.001,-0.017,0.027,0.029,-0.026
2024/01/01 3:26,-0.021,-0.018,0.009,-0.004,0.017,0.029,-0.016
2024/01/01 3:27,-0.02,-0.021,-0.003,-0.003,0.007,0.029,-0.016
2024/01/01 3:28,-0.013,0.003,0.004,-0.006,0.037,0.039,-0.006
2024/01/01 3:29,0.009,0.015,-0.008,0.004,-0.003,0.04,-0.016
2024/01/01 3:30,-0.005,0.019,0.005,-0.008,0.018,0.03,-0.006
2024/01/01 3:31,0.011,0.016,0.011,0.001,-0.032,0.02,-0.015
2024/01/01 3:32,0.009,0.001,0.012,-0.004,0.038,0,-0.025
2024/01/01 3:33,0.019,-0.012,0,-0.01,0.028,0,-0.025
2024/01/01 3:34,0.011,-0.021,-0.002,0.003,0.008,-0.009,-0.005
2024/01/01 3:35,-0.007,-0.018,0.007,-0.006,-0.032,-0.029,-0.015
2024/01/01 3:36,-0.009,-0.005,-0.005,0,-0.022,-0.029,-0.005
2024/01/01 3:37,0.004,0.028,0.029,0.004,-0.012,-0.039,0.005
2024/01/01 3:38,-0.004,0.013,-0.004,-0.002,-0.042,-0.029,-0.025
2024/01/01 3:39,-0.003,0.004,0.006,0.01,-0.002,-0.028,-0.015
2024/01/01 3:40,0.019,-0.014,0.015,0.008,-0.022,-0.038,-0.005
2024/01/01 3:41,0.017,-0.029,-0.021,0.002,-0.042,-0.028,-0.004
2024/01/01 3:42,0.024,-0.023,0.01,0.002,0.028,-0.038,-0.004
2024/01/01 3:43,0.04,0.007,-0.017,0.002,-0.012,-0.008,-0.014
2024/01/01 3:44,0.014,0.05,-0.002,0.021,-0.082,0.132,-0.004
2024/01/01 3:45,0.008,0.014,-0.008,0.021,-0.002,0.012,0.006
2024/01/01 3:46,0.022,-0.005,0.005,0.006,-0.012,0.042,-0.024
2024/01/01 3:47,0.013,-0.023,0.002,0.012,0.018,0.013,0.006
2024/01/01 3:48,-0.025,-0.026,0.018,0.006,0.038,0.003,-0.004
2024/01/01 3:49,0.003,-0.014,-0.003,0.009,-0.002,0.003,-0.003
2024/01/01 3:50,0.013,-0.001,0.003,0,0.018,0.013,-0.013
2024/01/01 3:51,0.023,-0.001,0.006,0.012,0.008,0.013,0.017
2024/01/01 3:52,-0.01,-0.001,0.007,0.012,0.008,0.013,0.007
2024/01/01 3:53,0.021,0.011,-0.002,0,-0.022,-0.027,0.017
2024/01/01 3:54,0.022,0.011,-0.008,0,-0.012,0.003,0.027
2024/01/01 3:55,0.023,0.008,-0.005,-0.015,-0.002,0.023,0.027
2024/01/01 3:56,-0.001,0.021,0.014,0.009,-0.012,0.023,0.017
2024/01/01 3:57,0.015,0.009,-0.023,-0.006,0.038,0.003,0.037
2024/01/01 3:58,0.022,-0.016,-0.013,-0.006,-0.043,0.003,0.027
2024/01/01 3:59,0.004,-0.016,0.002,0.003,-0.013,0.003,-0.002
2024/01/01 4:00,0.017,-0.013,-0.013,-0.022,-0.013,-0.027,-0.002
2024/01/01 4:01,0.026,0.018,-0.001,0.003,0.027,-0.037,0.008
2024/01/01 4:02,0.02,0.006,-0.01,0.005,-0.023,-0.027,0.028
2024/01/01 4:03,0.006,0.012,0.036,0.002,0.007,-0.027,0.018
2024/01/01 4:04,0.009,0.009,0,0.005,0.017,0.013,0.008
2024/01/01 4:05,-0.012,0.003,-0.012,-0.007,0.026,-0.007,0.008
2024/01/01 4:06,-0.012,-0.015,0.006,0.004,0.036,0.003,-0.002
2024/01/01 4:07,-0.02,-0.009,-0.015,0.007,-0.004,-0.007,-0.002
2024/01/01 4:08,-0.002,0.004,-0.021,0.01,-0.014,0.023,-0.002
2024/01/01 4:09,0.01,-0.008,-0.021,-0.003,0.006,0.013,0.028
2024/01/01 4:10,0.02,0.001,-0.009,0.012,0.025,0.003,-0.002
2024/01/01 4:11,0.008,-0.005,-0.009,0.015,0.005,-0.007,0.008
2024/01/01 4:12,0.023,0.01,0.007,0.006,-0.035,0.003,-0.002
2024/01/01 4:13,0.017,-0.002,-0.005,-0.004,-0.005,-0.007,-0.002
2024/01/01 4:14,-0.005,0.001,0.022,0.005,0.024,-0.007,-0.002
2024/01/01 4:15,-0.014,-0.005,0.007,0.017,0.014,-0.007,-0.002
2024/01/01 4:16,-0.005,-0.02,0.007,0.013,0.004,-0.007,0.008
2024/01/01 4:17,-0.017,-0.013,0.007,-0.002,-0.006,-0.027,0.008
2024/01/01 4:18,-0.023,-0.016,0.01,-0.006,-0.027,-0.007,0.018
2024/01/01 4:19,-0.024,0.005,0.004,0.012,0.033,-0.007,0.008
2024/01/01 4:20,0.001,0.005,-0.011,0.003,0.003,-0.027,0.008
2024/01/01 4:21,0.003,0.005,-0.008,-0.013,0.022,-0.027,-0.012
2024/01/01 4:22,-0.009,0.005,0.001,-0.007,-0.008,-0.007,-0.023
2024/01/01 4:23,-0.001,-0.007,-0.005,0.004,-0.018,-0.007,-0.013
2024/01/01 4:24,0.033,-0.013,-0.005,-0.005,0.021,-0.007,0.017
2024/01/01 4:25,0.014,-0.004,0.016,-0.009,0.011,0.002,0.017
2024/01/01 4:26,-0.002,-0.003,0.022,-0.018,0.01,0.012,0.017
2024/01/01 4:27,-0.008,0.018,-0.002,0,-0.03,0.002,-0.003
2024/01/01 4:28,0.018,0.003,0.004,-0.004,-0.01,-0.008,-0.023
2024/01/01 4:29,-0.006,-0.003,0.001,-0.023,-0.021,0.012,-0.024
2024/01/01 4:30,-0.013,-0.006,-0.021,-0.011,-0.021,-0.008,-0.004
2024/01/01 4:31,-0.011,-0.006,-0.017,-0.012,-0.022,0.012,0.006
2024/01/01 4:32,0.004,-0.009,-0.011,-0.006,0.018,0.002,-0.004
2024/01/01 4:33,-0.015,0.009,0.001,-0.018,-0.033,0.002,-0.004
2024/01/01 4:34,-0.004,0.024,-0.008,-0.022,-0.003,0.012,-0.015
2024/01/01 4:35,0.02,-0.003,0.013,-0.007,-0.033,0.012,-0.005
2024/01/01 4:36,0.001,0,0.01,-0.002,0.026,0.002,0.015
2024/01/01 4:37,0.003,0,0.019,-0.008,0.036,0.001,0.004
2024/01/01 4:38,0.027,-0.009,0.001,-0.012,0.015,0.011,0.024
2024/01/01 4:39,0.029,0.003,0.001,0.009,0.005,0.021,-0.006
2024/01/01 4:40,0.001,0.006,-0.003,-0.003,0.024,-0.009,-0.016
2024/01/01 4:41,-0.024,0.012,-0.018,0.008,0.024,0.011,0.013
2024/01/01 4:42,0,0.003,0.006,-0.001,0.003,0.001,0.013
2024/01/01 4:43,0.008,0,-0.003,-0.005,0.003,0.001,0.003
2024/01/01 4:44,-0.014,0,0.012,0.007,-0.008,-0.029,-0.018
2024/01/01 4:45,-0.027,0.003,0.003,0.019,0.012,-0.03,0.002
2024/01/01 4:46,-0.003,-0.007,0.012,0.003,0.002,-0.01,0.002
2024/01/01 4:47,0.014,0.002,-0.006,0.006,0.001,-0.01,-0.019
2024/01/01 4:48,0.004,0.005,-0.009,-0.001,0.031,0,-0.009
2024/01/01 4:49,0.003,0.008,-0.006,-0.001,-0.03,-0.04,-0.009
2024/01/01 4:50,0.021,0.011,-0.01,-0.01,0.01,-0.03,0
2024/01/01 4:51,0.032,0.002,0.003,-0.005,-0.021,0.01,0.02
2024/01/01 4:52,0.001,0.005,-0.001,-0.002,-0.001,-0.001,0.01
2024/01/01 4:53,-0.015,-0.02,0.002,0.01,-0.002,0.009,-0.001
2024/01/01 4:54,-0.009,0.004,0.017,-0.009,-0.012,-0.001,-0.021
2024/01/01 4:55,-0.016,-0.002,0.005,-0.006,-0.023,0.009,-0.022
2024/01/01 4:56,-0.017,0.01,0.002,-0.003,0.017,0.019,0.008
2024/01/01 4:57,-0.032,0.022,0.002,-0.01,-0.004,0.028,0.028
2024/01/01 4:58,-0.027,0.018,0.005,-0.007,-0.014,0.018,0.007
2024/01/01 4:59,-0.024,0.006,-0.005,-0.004,0.016,0.018,0.007
2024/01/01 5:00,-0.007,-0.019,-0.014,0.001,0.025,0.028,-0.004
2024/01/01 5:01,-0.007,-0.019,0.007,-0.002,0.015,0.027,0.006
2024/01/01 5:02,0.001,-0.01,-0.008,-0.002,0.014,0.017,-0.004
2024/01/01 5:03,-0.005,0.004,0.001,-0.018,0.004,0.027,-0.005
2024/01/01 5:04,-0.012,0.019,-0.024,0.006,-0.017,0.027,-0.015
2024/01/01 5:05,0,0.031,0.004,-0.006,-0.027,-0.004,-0.025
2024/01/01 5:06,-0.006,0.016,-0.012,-0.003,0.033,0.006,-0.016
2024/01/01 5:07,-0.007,-0.009,-0.006,-0.007,0.002,0.006,0.004
2024/01/01 5:08,-0.016,-0.025,-0.006,-0.007,0.012,-0.004,0.013
2024/01/01 5:09,-0.013,-0.016,-0.003,0.002,0.002,-0.005,-0.007
2024/01/01 5:10,-0.02,-0.017,0,-0.004,0.011,0.015,-0.007
2024/01/01 5:11,-0.017,0.004,-0.004,-0.005,0.001,0.005,-0.018
2024/01/01 5:12,-0.014,0.019,-0.01,0.001,0.001,-0.016,0.002
2024/01/01 5:13,0.001,0.019,0.014,0.01,-0.02,-0.036,0.012
2024/01/01 5:14,-0.005,0.018,0.008,0.007,-0.05,-0.036,0.011
2024/01/01 5:15,-0.008,-0.01,0.002,0.004,0.01,-0.007,-0.009
2024/01/01 5:16,0.001,-0.016,-0.008,0.016,-0.001,-0.057,-0.009
2024/01/01 5:17,0.001,-0.017,0.01,0.006,-0.001,-0.048,-0.01
2024/01/01 5:18,-0.002,-0.005,-0.002,0.021,-0.021,-0.048,0
2024/01/01 5:19,-0.005,0.001,-0.003,0.018,0.028,-0.018,0
2024/01/01 5:20,-0.014,0,0.015,0.012,-0.012,0.041,-0.011
2024/01/01 5:21,-0.002,0.009,0.021,0.03,0.008,-0.009,0.009
2024/01/01 5:22,-0.017,-0.001,0.018,0.008,0.008,0.01,-0.001
2024/01/01 5:23,-0.014,0.002,-0.019,0.014,-0.013,-0.02,-0.001
2024/01/01 5:24,-0.011,0.007,0.005,0.014,0.007,-0.011,0.008
2024/01/01 5:25,0.005,0.013,-0.023,0.011,0.007,0.029,-0.002
2024/01/01 5:26,-0.001,-0.012,-0.011,0.011,-0.003,0.018,-0.022
2024/01/01 5:27,-0.007,-0.012,-0.023,0.007,-0.014,0.028,-0.023
2024/01/01 5:28,-0.001,-0.025,-0.011,-0.002,-0.034,0.007,-0.023
2024/01/01 5:29,0.018,-0.007,0.013,0.004,-0.014,0.027,-0.003
2024/01/01 5:30,-0.015,0.02,-0.006,0.004,-0.034,0.026,-0.003
2024/01/01 5:31,-0.024,0.019,0.027,-0.003,-0.004,0.026,-0.003
2024/01/01 5:32,-0.006,0.013,0.015,0,-0.005,0.025,-0.004
2024/01/01 5:33,0.001,0.006,0.018,0,-0.015,0.025,0.006
2024/01/01 5:34,-0.02,-0.016,0.005,-0.009,-0.045,0.024,-0.004
2024/01/01 5:35,-0.011,-0.035,0.005,-0.009,-0.025,0.014,0.016
2024/01/01 5:36,0.011,-0.017,-0.002,0.003,0.005,0.013,0.006
2024/01/01 5:37,0.014,0.001,0.007,-0.007,0.025,0.003,0.005
2024/01/01 5:38,0.012,0.007,0.001,0.005,0.014,0.012,-0.005
2024/01/01 5:39,0.012,0.003,0.012,-0.016,0.004,0.001,-0.005
2024/01/01 5:40,0.018,0.003,0.024,0.002,0.024,0.001,-0.005
2024/01/01 5:41,0.01,0.012,0,0.001,0.044,0.02,-0.005
2024/01/01 5:42,0.001,-0.013,-0.01,-0.014,0.064,-0.02,-0.015
2024/01/01 5:43,0.019,-0.023,0.005,-0.002,0.004,-0.021,-0.006
2024/01/01 5:44,-0.008,-0.029,-0.02,-0.012,0.004,-0.031,-0.006
2024/01/01 5:45,-0.007,-0.017,-0.026,-0.009,-0.057,-0.032,0.024
2024/01/01 5:46,0.008,0.003,-0.002,-0.006,-0.037,-0.013,0.014
2024/01/01 5:47,0.014,0.006,0.006,0,-0.007,-0.033,0.024
2024/01/01 5:48,0.005,0.012,0.012,-0.006,-0.027,-0.014,-0.006
2024/01/01 5:49,0.003,-0.004,0.006,0.008,-0.017,-0.015,-0.016
2024/01/01 5:50,0.033,0.008,0.002,-0.01,0.023,-0.015,0.014
2024/01/01 5:51,0.018,-0.001,0.008,-0.01,0.002,-0.006,0.003
2024/01/01 5:52,0.003,-0.014,-0.02,0.008,0.012,0.024,0.023
2024/01/01 5:53,0.012,-0.017,-0.008,-0.005,0.012,0.003,0.003
2024/01/01 5:54,0.019,-0.005,0.022,0.01,0.052,0.012,0.003
2024/01/01 5:55,-0.006,0.013,0.006,0.007,0.062,0.012,0.023
2024/01/01 5:56,0,0.012,0.012,0,0.062,0.011,0.003
2024/01/01 5:57,0.016,0.003,0.024,0.015,0.001,0.021,0.003
2024/01/01 5:58,0.019,-0.007,-0.001,0,0.001,0.01,0.013
2024/01/01 5:59,0.009,-0.022,0.008,-0.019,0.001,0.019,0.003
2024/01/01 6:00,0.006,-0.013,-0.017,0.005,0.011,0.009,0.022
2024/01/01 6:01,0.027,0.008,-0.02,0.002,-0.01,0.008,0.022
2024/01/01 6:02,0.021,0.008,-0.006,0.001,-0.03,0.017,0.022
2024/01/01 6:03,0.006,0.01,-0.009,-0.008,-0.01,0.017,0.022
2024/01/01 6:04,0.005,0.001,-0.012,0.004,0,0.006,0.012
2024/01/01 6:05,0.011,-0.03,0.006,-0.006,-0.011,-0.004,0.012
2024/01/01 6:06,0.008,-0.006,0.002,-0.006,-0.011,-0.015,0.002
2024/01/01 6:07,-0.002,0.021,0.005,-0.01,-0.021,0.005,0.002
2024/01/01 6:08,-0.014,0.012,-0.008,-0.016,0.019,-0.006,-0.009
2024/01/01 6:09,0.003,0.012,-0.002,0.002,0.008,-0.007,-0.019
2024/01/01 6:10,0.003,0.005,0.001,0.001,0.008,-0.037,0.001
2024/01/01 6:11,-0.007,0.002,-0.006,0.007,-0.012,-0.018,0.001
2024/01/01 6:12,-0.01,-0.016,0,-0.002,-0.003,-0.048,-0.009
2024/01/01 6:13,0.032,-0.007,0.005,0.009,-0.003,-0.039,0.001
2024/01/01 6:14,0.013,0.007,0.002,-0.003,-0.004,-0.039,0
2024/01/01 6:15,0.006,0.016,-0.001,0.003,-0.004,-0.04,0
2024/01/01 6:16,0.017,0.019,0.007,0.002,-0.034,-0.01,-0.01
2024/01/01 6:17,0.014,0.016,-0.008,0.011,-0.035,-0.031,0.02
2024/01/01 6:18,0.013,0.009,0.001,0.007,0.005,-0.001,-0.01
2024/01/01 6:19,0,0,0,0.004,0.014,-0.002,-0.011
2024/01/01 6:20,-0.001,-0.013,0.006,-0.006,0.004,-0.002,-0.031
2024/01/01 6:21,-0.008,-0.001,-0.01,0.006,-0.017,-0.003,-0.011
2024/01/01 6:22,-0.006,0.008,-0.007,0.006,-0.007,-0.003,-0.021
2024/01/01 6:23,-0.007,-0.016,-0.001,-0.01,-0.018,-0.004,-0.012
2024/01/01 6:24,-0.008,0.017,-0.011,0.005,0.002,-0.004,0.008
2024/01/01 6:25,0.006,0.016,-0.017,0.002,-0.019,0.026,-0.002
2024/01/01 6:26,0.017,-0.002,-0.008,0.01,0.011,-0.005,0.008
2024/01/01 6:27,0.025,-0.003,0,-0.011,0,0.025,-0.013
2024/01/01 6:28,0.024,-0.012,-0.003,0.006,0,0.024,0.007
2024/01/01 6:29,0.02,-0.013,-0.016,0,-0.011,0.014,-0.003
2024/01/01 6:30,-0.003,-0.007,-0.007,0.009,-0.011,0.014,-0.004
2024/01/01 6:31,-0.001,0.026,-0.001,-0.001,-0.012,0.013,-0.004
2024/01/01 6:32,-0.014,0.007,-0.002,0.011,-0.003,0.023,0.016
2024/01/01 6:33,-0.006,0.007,-0.008,0.008,-0.013,0.022,0.016
2024/01/01 6:34,-0.013,-0.006,-0.002,-0.008,0.006,0.012,0.005
2024/01/01 6:35,-0.005,-0.006,0.003,0.004,0.005,0.012,-0.015
2024/01/01 6:36,-0.007,-0.007,0.012,0.006,0.025,0.011,-0.015
2024/01/01 6:37,0.017,0.017,-0.004,0.003,0.014,0.011,-0.026
2024/01/01 6:38,0.012,0.022,0.008,-0.016,-0.007,0.011,-0.016
2024/01/01 6:39,0.023,0.013,0.005,-0.016,-0.007,0,-0.007
2024/01/01 6:40,0.016,0.009,-0.008,0.002,0.002,-0.01,0.003
2024/01/01 6:41,0.003,0.002,-0.011,0.001,-0.009,-0.01,0.003
2024/01/01 6:42,-0.005,-0.008,0.01,-0.014,0.021,-0.011,-0.008
2024/01/01 6:43,0.01,-0.005,0.006,-0.027,0.01,-0.011,0.002
2024/01/01 6:44,-0.025,0.012,0.018,-0.018,0.009,-0.021,0.002
2024/01/01 6:45,-0.017,0.008,-0.004,-0.003,0.028,-0.002,-0.019
2024/01/01 6:46,-0.009,0.035,-0.001,-0.013,0.008,-0.012,0.011
2024/01/01 6:47,-0.004,0.031,-0.008,-0.019,-0.003,-0.012,0
2024/01/01 6:48,0.007,0.03,-0.011,-0.01,-0.004,-0.003,0.01
2024/01/01 6:49,0.015,-0.019,-0.012,0.011,0.035,0.007,0.01
2024/01/01 6:50,0.026,-0.008,-0.006,-0.005,0.035,-0.003,0.009
2024/01/01 6:51,0.01,-0.012,0.011,-0.008,-0.016,-0.004,0.009
2024/01/01 6:52,0.018,-0.004,0.02,-0.008,0.033,-0.014,0.019
2024/01/01 6:53,0.008,0.014,0.007,0.007,-0.018,0.006,0.008
2024/01/01 6:54,0.01,0.028,0.013,0.003,0.011,-0.005,-0.002
2024/01/01 6:55,-0.006,0.03,0,0.009,0.031,0.005,0.007
2024/01/01 6:56,-0.009,-0.014,-0.013,0,-0.01,-0.006,0.007
2024/01/01 6:57,0.002,-0.015,-0.001,0.002,0.009,-0.006,-0.003
2024/01/01 6:58,-0.002,-0.025,-0.004,-0.007,-0.032,0.024,0.006
2024/01/01 6:59,-0.002,-0.026,0.004,-0.004,0.067,0.003,0.006
2024/01/01 7:00,0,-0.009,0.019,0.011,0.017,0.023,0.005
2024/01/01 7:01,0.018,0.017,0.018,-0.002,0.006,0.012,0.005
2024/01/01 7:02,0.002,0.007,0.018,0.01,-0.015,0.012,-0.015
2024/01/01 7:03,0.005,-0.009,0.005,-0.006,-0.006,0.031,-0.006
2024/01/01 7:04,-0.002,-0.007,0.001,0.003,-0.027,0.021,0.004
2024/01/01 7:05,0.007,-0.027,-0.006,-0.003,0.003,0.011,0.004
2024/01/01 7:06,0.004,-0.013,-0.013,0.006,0.002,0.01,0.003
2024/01/01 7:07,-0.012,-0.008,-0.016,0.015,-0.029,0.019,0.003
2024/01/01 7:08,-0.015,0.006,0.008,0.008,0,-0.001,0.003
2024/01/01 7:09,-0.012,0.008,0.016,0.008,-0.04,0.008,-0.008
2024/01/01 7:10,-0.012,-0.024,0.018,0.002,-0.021,0.018,-0.008
2024/01/01 7:11,-0.046,-0.022,0.018,0.002,-0.012,-0.013,-0.008
2024/01/01 7:12,-0.006,-0.029,0.023,0.02,0.007,-0.003,0.001
2024/01/01 7:13,-0.113,-0.006,0.01,0.004,0.026,-0.004,-0.009
2024/01/01 7:14,-0.363,0.008,-0.006,0.01,0.026,-0.005,0.001
2024/01/01 7:15,-0.5,0.01,-0.01,0.013,0.005,-0.005,-0.009
2024/01/01 7:16,-0.457,0.005,-0.026,0.007,-0.036,-0.006,-0.02
2024/01/01 7:17,-0.414,-0.017,-0.008,0,-0.006,-0.007,0
2024/01/01 7:18,-0.234,-0.043,-0.015,-0.006,0.013,-0.018,0
2024/01/01 7:19,-0.111,-0.035,0.006,-0.009,-0.008,0.012,0
2024/01/01 7:20,0.041,0.004,0.011,0.018,-0.039,0.021,-0.001
2024/01/01 7:21,0.197,-0.01,0.013,0.011,-0.019,0.02,-0.001
2024/01/01 7:22,0.362,0.001,0.012,-0.016,-0.02,0.039,-0.021
2024/01/01 7:23,0.39,-0.006,0.008,-0.004,-0.011,0.038,-0.001
2024/01/01 7:24,0.22,-0.017,0.002,0.005,-0.031,-0.013,-0.011
2024/01/01 7:25,0.084,-0.024,-0.008,0.008,-0.032,0.007,-0.012
2024/01/01 7:26,-0.144,-0.031,-0.006,-0.011,-0.023,0.036,-0.012
2024/01/01 7:27,-0.344,-0.002,-0.01,0.001,-0.013,-0.015,-0.002
2024/01/01 7:28,-0.389,0.01,0.001,0.01,0.016,0.004,-0.002
2024/01/01 7:29,-0.282,-0.013,0.013,0.028,-0.035,-0.017,-0.002
2024/01/01 7:30,-0.19,-0.035,0.003,-0.003,-0.015,-0.018,-0.002
2024/01/01 7:31,-0.04,-0.024,-0.004,-0.003,0.024,-0.039,-0.002
2024/01/01 7:32,0.172,-0.019,0.004,0.012,0.013,-0.03,-0.003
2024/01/01 7:33,0.401,0.005,0,0.003,0.023,-0.032,-0.003
2024/01/01 7:34,0.655,0.055,-0.013,0.006,0.022,-0.013,-0.003
2024/01/01 7:35,0.784,0.088,-0.007,-0.001,-0.008,-0.044,-0.003
2024/01/01 7:36,0.651,0.069,-0.011,0.02,-0.039,-0.025,0.007
2024/01/01 7:37,0.56,0.004,-0.012,-0.004,0,-0.016,-0.003
2024/01/01 7:38,0.537,-0.045,-0.013,-0.007,-0.01,-0.017,-0.003
2024/01/01 7:39,0.294,-0.064,-0.011,-0.017,-0.001,-0.009,-0.003
2024/01/01 7:40,-0.043,-0.068,0.004,0.007,0.019,0,-0.003
2024/01/01 7:41,-0.313,-0.035,0.003,0.004,0.008,0.019,0.017
2024/01/01 7:42,-0.334,0.031,-0.007,0.007,0.028,0.058,0.027
2024/01/01 7:43,-0.217,0.083,0.008,-0.005,0.007,-0.014,0.006
2024/01/01 7:44,-0.186,0.091,0.001,-0.009,0.007,0.015,0.016
2024/01/01 7:45,-0.185,0.063,-0.006,0.009,0.016,-0.006,0.006
2024/01/01 7:46,-0.004,-0.007,-0.01,-0.021,0.015,0.012,-0.004
2024/01/01 7:47,0.229,-0.059,-0.004,0,0.065,-0.039,-0.004
2024/01/01 7:48,0.385,-0.06,-0.005,0,0.064,0.01,-0.004
2024/01/01 7:49,0.261,-0.011,-0.012,0.002,0.024,0.018,0.016
2024/01/01 7:50,0,0.05,-0.013,-0.016,0.013,-0.013,-0.004
2024/01/01 7:51,-0.228,0.12,-0.013,-0.004,0.013,-0.015,0.006
2024/01/01 7:52,-0.361,0.132,-0.008,-0.016,0.032,-0.016,-0.004
2024/01/01 7:53,-0.385,0.116,-0.014,-0.023,0.022,0.003,-0.004
2024/01/01 7:54,-0.283,0.068,-0.009,-0.02,-0.009,0.001,0.006
2024/01/01 7:55,-0.161,-0.039,-0.01,-0.014,-0.019,0,0.006
2024/01/01 7:56,-0.133,-0.143,-0.004,-0.002,0.011,-0.002,0.016
2024/01/01 7:57,-0.077,-0.176,0.002,-0.014,-0.02,-0.003,0.026
2024/01/01 7:58,0.039,-0.124,-0.002,-0.033,-0.01,-0.025,0.025
2024/01/01 7:59,0.016,-0.054,-0.009,-0.015,-0.011,-0.026,0.035
2024/01/01 8:00,-0.145,0.05,-0.012,-0.006,-0.031,-0.037,0.015
2024/01/01 8:01,-0.27,0.121,-0.013,-0.006,-0.002,-0.049,0.005
2024/01/01 8:02,-0.15,0.109,-0.016,0.003,-0.002,-0.05,0.005
2024/01/01 8:03,-0.031,0.012,0.017,-0.01,-0.013,-0.042,0.005
2024/01/01 8:04,0.103,-0.107,0.029,0.008,-0.023,-0.053,0.005
2024/01/01 8:05,0.244,-0.158,0.056,0.005,-0.004,-0.055,-0.005
2024/01/01 8:06,0.436,-0.112,0.065,0.002,-0.034,0.014,-0.006
2024/01/01 8:07,0.54,0.002,0.058,-0.004,-0.015,-0.047,-0.006
2024/01/01 8:08,0.415,0.118,0.037,0.017,-0.025,-0.019,-0.006
2024/01/01 8:09,0.195,0.192,0.018,0.014,-0.035,-0.01,-0.006
2024/01/01 8:10,-0.051,0.15,-0.021,0.007,-0.006,-0.021,0.004
2024/01/01 8:11,-0.274,0.047,-0.025,-0.005,-0.016,-0.003,0.003
2024/01/01 8:12,-0.423,-0.065,-0.003,0.001,-0.027,-0.004,-0.007
2024/01/01 8:13,-0.457,-0.122,0.003,0.007,0.003,-0.005,-0.007
2024/01/01 8:14,-0.317,-0.139,0.012,0,-0.008,0.123,-0.007
2024/01/01 8:15,-0.098,-0.126,0.027,-0.006,0.012,0.012,-0.008
2024/01/01 8:16,0.051,-0.064,0.011,0,0.001,0.001,0.002
2024/01/01 8:17,0.206,0.007,-0.01,-0.012,0.061,0,-0.008
2024/01/01 8:18,0.315,0.065,-0.043,0,0.011,-0.011,0.001
2024/01/01 8:19,0.272,0.085,-0.065,0.003,0,0.207,-0.009
2024/01/01 8:20,0.073,0.061,-0.074,-0.016,0.02,0.236,0.001
2024/01/01 8:21,-0.18,0.044,-0.043,-0.01,-0.001,0.135,-0.01
2024/01/01 8:22,-0.416,0.021,-0.013,0.002,0.019,0.034,-0.01
2024/01/01 8:23,-0.523,-0.021,0.027,0.011,-0.002,0.023,-0.01
2024/01/01 8:24,-0.418,-0.069,0.04,0.008,0.008,0.042,-0.011
2024/01/01 8:25,-0.245,-0.049,0.049,-0.007,-0.032,0.001,-0.011
2024/01/01 8:26,-0.05,-0.015,0.046,0.017,-0.003,0.01,-0.012
2024/01/01 8:27,0.131,0.004,0.001,0.02,-0.023,0.019,-0.012
2024/01/01 8:28,0.368,0.009,-0.051,0.032,-0.014,-0.021,-0.013
2024/01/01 8:29,0.586,0.089,-0.072,0.05,-0.024,-0.032,-0.003
2024/01/01 8:30,0.54,0.169,-0.069,0.068,-0.054,-0.023,-0.004
2024/01/01 8:31,0.298,0.143,-0.071,0.059,0.025,-0.034,-0.004
2024/01/01 8:32,0.098,0.046,-0.044,0.034,0.015,-0.034,-0.005
2024/01/01 8:33,-0.125,-0.139,0.015,0.022,0.054,-0.065,-0.015
2024/01/01 8:34,-0.367,-0.235,0.079,0.007,0.004,-0.036,-0.006
2024/01/01 8:35,-0.558,-0.204,0.098,0.022,0.024,-0.016,0.014
2024/01/01 8:36,-0.562,-0.087,0.083,0.016,0.013,-0.027,0.013
2024/01/01 8:37,-0.368,0.118,0.08,0.009,0.013,0.003,-0.008
2024/01/01 8:38,-0.132,0.289,0.041,-0.049,-0.018,0.042,0.002
2024/01/01 8:39,0.055,0.327,-0.031,-0.128,-0.018,0.042,0.011
2024/01/01 8:40,0.267,0.215,-0.089,-0.14,-0.018,0.041,0.011
2024/01/01 8:41,0.424,-0.04,-0.058,-0.021,0.021,0.041,-0.01
2024/01/01 8:42,0.493,-0.259,-0.018,0.082,-0.029,0.021,0.009
2024/01/01 8:43,0.44,-0.289,0.056,0.042,-0.029,0.04,-0.001
2024/01/01 8:44,0.319,-0.123,0.163,0.006,0,0.04,0.018
2024/01/01 8:45,0.171,0.103,0.267,0.015,-0.04,0.02,0.017
2024/01/01 8:46,0.045,0.256,0.201,0.003,-0.02,0.03,0.007
2024/01/01 8:47,-0.088,0.244,0.018,-0.083,0,0,0.006
2024/01/01 8:48,-0.193,0.034,-0.133,-0.162,0.059,-0.01,-0.005
2024/01/01 8:49,-0.292,-0.179,-0.239,0.109,0.099,-0.03,-0.006
2024/01/01 8:50,-0.315,-0.233,-0.367,0.274,0.089,-0.05,0.004
2024/01/01 8:51,-0.31,-0.166,-0.348,0.13,0.068,-0.07,0.003
2024/01/01 8:52,-0.263,-0.089,-0.128,-0.071,0.048,-0.11,0.002
2024/01/01 8:53,-0.173,0.063,0.168,-0.132,0.068,-0.11,0.012
2024/01/01 8:54,-0.074,0.173,0.306,0.027,0.078,-0.11,-0.009
2024/01/01 8:55,0.034,0.155,0.343,0.048,0.067,-0.05,0.01
2024/01/01 8:56,0.167,0.043,0.282,-0.077,-0.013,-0.049,0.019
2024/01/01 8:57,0.272,-0.061,0.073,-0.059,-0.073,-0.039,-0.001
2024/01/01 8:58,0.365,-0.14,-0.162,0.048,-0.093,0.011,0.008
2024/01/01 8:59,0.376,-0.15,-0.323,0.002,-0.043,0.032,-0.003
2024/01/01 9:00,0.28,-0.08,-0.383,-0.117,0.037,0.032,-0.004
2024/01/01 9:01,0.169,0.067,-0.261,-0.147,0.016,0.102,-0.014
2024/01/01 9:02,0.037,0.158,-0.032,0.011,-0.044,0.013,-0.015
2024/01/01 9:03,-0.126,0.151,0.219,0.115,-0.074,0.013,-0.006
2024/01/01 9:04,-0.307,0.087,0.35,0.038,-0.064,0.014,-0.016
2024/01/01 9:05,-0.436,-0.045,0.338,-0.077,-0.034,-0.006,0.003
2024/01/01 9:06,-0.447,-0.182,0.205,-0.157,-0.054,0.005,-0.018
2024/01/01 9:07,-0.353,-0.235,-0.03,-0.141,-0.034,0.045,-0.008
2024/01/01 9:08,-0.223,-0.214,-0.224,-0.035,-0.034,0.056,-0.009
2024/01/01 9:09,-0.09,-0.117,-0.355,0.002,-0.024,-0.004,0
2024/01/01 9:10,0.095,0.047,-0.334,0.048,0.016,-0.073,-0.02
2024/01/01 9:11,0.24,0.156,-0.166,0.096,0.045,-0.082,-0.031
2024/01/01 9:12,0.322,0.125,0.027,0.105,0.045,-0.012,-0.002
2024/01/01 9:13,0.312,-0.016,0.182,-0.001,0.015,-0.031,-0.002
2024/01/01 9:14,0.241,-0.127,0.204,-0.157,-0.035,-0.08,-0.003
2024/01/01 9:15,0.118,-0.143,0.112,-0.166,-0.065,-0.02,-0.003
2024/01/01 9:16,-0.047,-0.083,-0.018,-0.044,0.005,-0.019,-0.004
2024/01/01 9:17,-0.219,0.022,-0.119,0.069,0.016,-0.058,-0.015
2024/01/01 9:18,-0.317,0.104,-0.186,0.059,-0.044,-0.068,0.015
2024/01/01 9:19,-0.308,0.087,-0.128,0.072,-0.044,-0.037,0.034
2024/01/01 9:20,-0.208,-0.024,0.04,0.151,0.016,-0.006,0.044
2024/01/01 9:21,-0.08,-0.119,0.226,0.136,0.086,0.025,0.023
2024/01/01 9:22,0.05,-0.142,0.287,0.004,0.036,0.015,0.013
2024/01/01 9:23,0.172,-0.095,0.232,-0.124,0.006,0.016,-0.008
2024/01/01 9:24,0.293,0.008,0.128,-0.051,-0.044,-0.003,-0.008
2024/01/01 9:25,0.324,0.122,-0.025,0.135,0.096,0.077,0.022
2024/01/01 9:26,0.269,0.179,-0.165,0.151,0.106,0.058,0.001
2024/01/01 9:27,0.214,0.178,-0.241,0.093,0.046,0.029,0.011
2024/01/01 9:28,0.134,0.13,-0.19,0.089,-0.074,0.03,-0.01
2024/01/01 9:29,0.037,0.068,-0.047,-0.002,-0.153,-0.01,-0.02
2024/01/01 9:30,-0.082,0.006,0.084,-0.039,-0.243,0.051,-0.01
2024/01/01 9:31,-0.152,-0.032,0.181,-0.051,-0.323,0.062,-0.001
2024/01/01 9:32,-0.177,-0.022,0.172,-0.057,-0.143,0.102,0.009
2024/01/01 9:33,-0.165,0.023,0.08,0.041,0.037,0.043,-0.001
2024/01/01 9:34,-0.088,0.052,-0.033,0.013,0.177,0.003,-0.001
2024/01/01 9:35,-0.006,0.044,-0.137,0.08,0.227,-0.016,-0.012
2024/01/01 9:36,0.11,0.024,-0.235,0.031,0.167,-0.005,-0.002
2024/01/01 9:37,0.193,-0.032,-0.232,-0.124,0.058,0.025,-0.002
2024/01/01 9:38,0.236,-0.098,-0.09,-0.112,0.078,-0.014,-0.002
2024/01/01 9:39,0.209,-0.117,0.062,-0.036,0.008,-0.044,-0.013
2024/01/01 9:40,0.178,-0.024,0.144,0.049,-0.042,-0.043,-0.003
2024/01/01 9:41,0.09,0.053,0.205,0.058,-0.082,0.027,0.017
2024/01/01 9:42,-0.04,0.055,0.186,0.034,-0.012,0.018,0.047
2024/01/01 9:43,-0.165,0.102,0.081,0.076,-0.012,-0.052,0.017
2024/01/01 9:44,-0.238,0.104,-0.001,0.079,0.158,-0.012,-0.033
2024/01/01 9:45,-0.28,0.091,-0.042,-0.064,0.019,-0.041,-0.053
2024/01/01 9:46,-0.268,0.074,-0.042,-0.14,0.009,-0.091,-0.063
2024/01/01 9:47,-0.219,0.1,-0.025,-0.137,-0.021,-0.091,-0.003
2024/01/01 9:48,-0.111,0.081,0.02,-0.082,0.059,0.04,0.117
2024/01/01 9:49,-0.016,0.012,0.038,0.009,0.109,0.04,0.126
2024/01/01 9:50,0.048,-0.077,0.001,0.061,0.099,0.04,0.016
2024/01/01 9:51,0.097,-0.149,-0.073,0.088,0.009,0.04,-0.084
2024/01/01 9:52,0.128,-0.162,-0.132,0.052,-0.111,0.041,-0.114
2024/01/01 9:53,0.162,-0.102,-0.139,-0.016,-0.071,0.031,-0.054
2024/01/01 9:54,0.147,0.022,-0.097,-0.089,-0.081,0.131,0.016
2024/01/01 9:55,0.135,0.131,-0.034,-0.055,-0.021,0.181,0.016
2024/01/01 9:56,0.108,0.142,0.008,-0.031,-0.091,0.191,-0.004
2024/01/01 9:57,0.133,0.047,0.059,0.021,-0.181,0.131,-0.033
2024/01/01 9:58,0.152,-0.079,0.101,0.131,-0.251,0.111,-0.033
2024/01/01 9:59,0.14,-0.156,0.082,0.134,-0.151,0.071,0.077
2024/01/01 10:00,0.076,-0.175,0.066,0.042,-0.011,0.081,0.117
2024/01/01 10:01,0.009,-0.133,0.111,-0.08,0.119,0.041,0.047
2024/01/01 10:02,-0.057,0.021,0.174,-0.135,0.119,-0.079,-0.053
2024/01/01 10:03,-0.103,0.189,0.128,-0.077,0.209,-0.18,-0.053
2024/01/01 10:04,-0.155,0.279,0.036,-0.062,0.239,-0.22,-0.003
2024/01/01 10:05,-0.215,0.212,-0.02,-0.046,0.219,-0.17,0.097
2024/01/01 10:06,-0.182,0.01,-0.061,-0.028,0.128,-0.21,0.077
2024/01/01 10:07,-0.117,-0.234,-0.125,-0.089,-0.012,-0.19,-0.003
2024/01/01 10:08,-0.059,-0.347,-0.12,-0.095,-0.062,-0.181,-0.063
2024/01/01 10:09,0.017,-0.311,-0.026,-0.129,-0.052,-0.161,-0.063
2024/01/01 10:10,0.109,-0.128,0.077,-0.089,-0.032,-0.171,-0.053
2024/01/01 10:11,0.139,0.104,0.067,-0.001,-0.023,-0.172,0.047
2024/01/01 10:12,0.118,0.232,-0.001,0.057,0.047,-0.072,0.047
2024/01/01 10:13,0.038,0.22,-0.066,0.103,0.007,-0.053,0.007
2024/01/01 10:14,-0.032,0.034,-0.149,0.091,-0.023,-0.083,-0.012
2024/01/01 10:15,-0.126,-0.192,-0.21,0.057,-0.024,-0.024,0.018
2024/01/01 10:16,-0.236,-0.286,-0.208,0.042,0.016,-0.014,-0.042
2024/01/01 10:17,-0.309,-0.243,-0.072,0.079,0.146,0.055,-0.022
2024/01/01 10:18,-0.261,-0.099,0.12,0.064,0.175,0.125,0.018
2024/01/01 10:19,-0.2,0.105,0.217,0.17,0.075,0.134,-0.022
2024/01/01 10:20,-0.109,0.279,0.228,0.228,-0.075,0.114,-0.022
2024/01/01 10:21,-0.024,0.292,0.188,0.134,-0.116,0.113,0.038
2024/01/01 10:22,0.07,0.195,0.06,0.015,-0.196,0.222,0.018
2024/01/01 10:23,0.116,0.004,-0.066,-0.009,-0.117,0.282,-0.042
2024/01/01 10:24,0.113,-0.17,-0.152,0.055,-0.077,0.301,-0.002
2024/01/01 10:25,0.072,-0.248,-0.149,0.073,-0.058,0.271,0.008
2024/01/01 10:26,0.026,-0.153,-0.095,0.049,-0.038,0.2,0.007
2024/01/01 10:27,-0.008,0.04,-0.037,-0.009,-0.109,0.139,-0.003
2024/01/01 10:28,-0.038,0.214,0.023,-0.024,-0.149,0.199,0.007
2024/01/01 10:29,-0.033,0.267,0.035,-0.109,-0.06,0.158,0.027
2024/01/01 10:30,0.003,0.146,-0.014,-0.1,0.04,0.077,0.077
2024/01/01 10:31,0.07,-0.069,-0.063,-0.063,0.159,0.027,0.037
2024/01/01 10:32,0.112,-0.187,-0.079,-0.047,0.109,-0.004,-0.003
2024/01/01 10:33,0.148,-0.141,-0.07,-0.041,0.078,-0.005,0.007
2024/01/01 10:34,0.135,-0.015,-0.079,-0.12,0.108,-0.036,0.037
2024/01/01 10:35,0.086,0.108,0.003,-0.169,0.147,-0.086,-0.043
2024/01/01 10:36,0.058,0.192,0.082,-0.144,-0.034,-0.147,-0.074
2024/01/01 10:37,0.015,0.162,0.094,-0.111,-0.254,-0.238,-0.054
2024/01/01 10:38,-0.032,0.051,0.06,-0.071,-0.195,-0.238,-0.004
2024/01/01 10:39,-0.026,-0.07,0.042,-0.028,-0.045,-0.249,-0.034
2024/01/01 10:40,-0.002,-0.096,0.008,-0.046,0.194,-0.31,-0.014
2024/01/01 10:41,0.019,-0.074,-0.026,-0.064,0.143,-0.29,-0.065
2024/01/01 10:42,0.024,-0.009,0.011,-0.042,0.023,-0.231,-0.025
2024/01/01 10:43,0.005,0.102,0.069,-0.015,-0.028,-0.202,-0.045
2024/01/01 10:44,-0.002,0.155,0.124,0.04,0.002,-0.182,-0.005
2024/01/01 10:45,-0.014,0.098,0.117,0.044,0.061,-0.113,-0.015
2024/01/01 10:46,-0.048,-0.022,0.05,0.071,0.06,-0.024,0.014
2024/01/01 10:47,-0.076,-0.094,-0.032,0.05,0.06,-0.004,-0.036
2024/01/01 10:48,-0.052,-0.13,-0.096,0.087,-0.011,0.015,0.004
2024/01/01 10:49,0.014,-0.138,-0.148,0.161,-0.141,0.004,0.013
2024/01/01 10:50,0.062,-0.058,-0.175,0.167,-0.262,0.054,0.013
2024/01/01 10:51,0.093,0.05,-0.099,0.109,-0.253,0.143,0.033
2024/01/01 10:52,0.107,0.079,0.005,0.042,-0.093,0.173,0.003
2024/01/01 10:53,0.073,0.043,0.084,0.073,0.106,0.162,0.002
2024/01/01 10:54,0.012,-0.038,0.066,0.089,0.106,0.152,-0.058
2024/01/01 10:55,-0.049,-0.11,0.036,0.123,0.085,0.151,-0.028
2024/01/01 10:56,-0.12,-0.106,0.027,0.065,0.095,0.161,-0.049
2024/01/01 10:57,-0.163,-0.004,-0.015,0.023,-0.016,0.04,0.011
2024/01/01 10:58,-0.142,0.143,-0.07,-0.047,-0.106,-0.02,0.041
2024/01/01 10:59,-0.093,0.235,-0.048,-0.111,-0.147,-0.08,0.04
2024/01/01 11:00,-0.005,0.203,0.01,-0.098,0.013,-0.121,0.02
2024/01/01 11:01,0.071,0.03,0.05,-0.055,0.152,-0.101,0
2024/01/01 11:02,0.126,-0.207,0.05,-0.037,0.222,-0.072,-0.021
2024/01/01 11:03,0.156,-0.344,0.071,-0.097,0.191,-0.052,-0.061
2024/01/01 11:04,0.147,-0.334,0.12,-0.17,0.101,-0.002,-0.051
2024/01/01 11:05,0.114,-0.235,0.118,-0.197,0.05,0.068,0.028
2024/01/01 11:06,0.059,-0.058,0.051,-0.182,-0.05,0.057,0.118
2024/01/01 11:07,-0.002,0.113,-0.004,-0.142,-0.07,0.077,0.128
2024/01/01 11:08,-0.069,0.154,-0.012,-0.044,0.019,0.337,0.037
2024/01/01 11:09,-0.093,0.093,-0.021,0.02,0.059,0.117,-0.053
2024/01/01 11:10,-0.102,-0.043,-0.064,0.033,0.089,0.027,-0.064
2024/01/01 11:11,-0.083,-0.113,-0.042,-0.07,-0.142,-0.114,0.016
2024/01/01 11:12,-0.077,-0.079,0.037,-0.131,-0.322,-0.174,0.076
2024/01/01 11:13,-0.055,0.019,0.065,-0.036,-0.352,-0.124,0.096
2024/01/01 11:14,-0.021,0.153,0.023,0.116,-0.262,-0.124,0.085
2024/01/01 11:15,0.022,0.193,-0.029,0.147,-0.023,-0.104,-0.015
2024/01/01 11:16,0.035,0.099,-0.044,0.129,0.187,-0.054,-0.025
2024/01/01 11:17,0.045,-0.075,-0.092,0.096,0.187,-0.004,0.034
2024/01/01 11:18,0.054,-0.191,-0.174,0.099,0.197,0.006,0.104
2024/01/01 11:19,0.052,-0.178,-0.177,0.146,0.177,-0.014,0.004
2024/01/01 11:20,0.037,-0.075,-0.091,0.155,0.177,0.117,-0.037
2024/01/01 11:21,0.041,0.09,0.01,0.216,0.037,0.107,-0.017
2024/01/01 11:22,0.036,0.212,0.123,0.214,-0.133,0.137,0.003
2024/01/01 11:23,0.009,0.218,0.202,0.101,-0.213,0.117,0.023
2024/01/01 11:24,-0.029,0.092,0.266,0.047,-0.153,0.177,0.032
2024/01/01 11:25,-0.062,-0.094,0.242,0.086,0.037,0.257,-0.038
2024/01/01 11:26,-0.085,-0.21,0.133,0.087,0.177,0.248,-0.058
2024/01/01 11:27,-0.091,-0.21,0.008,0.02,0.157,0.218,-0.028
2024/01/01 11:28,-0.071,-0.122,-0.098,-0.071,0.037,0.098,0.032
2024/01/01 11:29,-0.037,0.012,-0.174,-0.095,-0.073,0.008,0.031
2024/01/01 11:30,0.016,0.139,-0.241,-0.119,-0.113,-0.041,0.031
2024/01/01 11:31,0.075,0.185,-0.229,-0.201,0.038,-0.121,-0.039
2024/01/01 11:32,0.116,0.157,-0.137,-0.238,0.128,-0.171,-0.069
2024/01/01 11:33,0.117,0.095,-0.04,-0.192,0.168,-0.12,-0.029
2024/01/01 11:34,0.109,0.055,0.028,-0.17,0.108,-0.11,-0.019
2024/01/01 11:35,0.04,0.027,0.098,-0.188,0.048,-0.039,-0.07
2024/01/01 11:36,-0.038,-0.013,0.119,-0.154,-0.051,-0.019,-0.07
2024/01/01 11:37,-0.116,-0.017,0.08,-0.068,-0.131,0.002,-0.01
2024/01/01 11:38,-0.151,0.016,0.031,0.042,-0.121,-0.048,0.02
2024/01/01 11:39,-0.162,0.049,0.001,0.103,-0.07,-0.078,0.02
2024/01/01 11:40,-0.121,0.063,-0.036,0.1,0.02,-0.147,0.01
2024/01/01 11:41,-0.025,0.047,-0.072,0.052,-0.04,-0.237,0.02
2024/01/01 11:42,0.064,0.004,-0.081,0.061,-0.129,-0.246,0
2024/01/01 11:43,0.139,-0.058,-0.042,0.11,-0.209,-0.196,-0.04
2024/01/01 11:44,0.18,-0.059,0.022,0.19,-0.128,-0.115,-0.06
2024/01/01 11:45,0.202,-0.005,0.062,0.175,-0.078,-0.004,-0.02
2024/01/01 11:46,0.176,0.077,0.083,0.12,0.013,0.016,0.02
2024/01/01 11:47,0.107,0.115,0.099,0.087,0.013,0.077,0.07
2024/01/01 11:48,0.029,0.118,0.056,0.047,0.103,0.107,0.02
2024/01/01 11:49,-0.058,0.095,-0.017,0.054,0.194,0.118,-0.06
2024/01/01 11:50,-0.109,0.049,-0.094,0.03,0.174,0.048,-0.08
2024/01/01 11:51,-0.12,0.011,-0.127,0.006,-0.015,-0.011,-0.07
2024/01/01 11:52,-0.091,-0.008,-0.133,-0.037,-0.145,-0.06,-0.03
2024/01/01 11:53,-0.041,-0.039,-0.094,-0.058,-0.114,-0.03,0.03
2024/01/01 11:54,0.018,-0.086,0.016,-0.046,0.086,-0.019,0.04
2024/01/01 11:55,0.046,-0.111,0.104,-0.088,0.237,-0.019,-0.04
2024/01/01 11:56,0.05,-0.072,0.135,-0.085,0.147,-0.038,-0.07
2024/01/01 11:57,0.048,0.006,0.116,-0.054,0.038,-0.027,-0.05
2024/01/01 11:58,0.009,0.073,0.043,-0.002,-0.112,-0.007,0.02
2024/01/01 11:59,-0.048,0.087,-0.03,-0.005,-0.161,-0.096,0.031
2024/01/01 12:00,-0.144,0.001,-0.085,-0.065,-0.11,-0.076,-0.009
2024/01/01 12:01,-0.171,-0.143,-0.094,-0.074,-0.04,-0.055,-0.029
2024/01/01 12:02,-0.17,-0.253,-0.031,-0.062,0.001,0.026,0.011
2024/01/01 12:03,-0.133,-0.233,0.055,-0.095,0.001,0.056,-0.009
2024/01/01 12:04,-0.074,-0.099,0.119,-0.128,0.072,0.077,0.061
2024/01/01 12:05,-0.016,0.101,0.137,-0.076,0.142,0.177,0.021
2024/01/01 12:06,0.043,0.235,0.085,0.012,0.193,0.268,-0.009
2024/01/01 12:07,0.071,0.219,-0.004,0.031,0.083,0.249,-0.039
2024/01/01 12:08,0.068,0.054,-0.071,-0.002,-0.066,0.179,0.022
2024/01/01 12:09,0.05,-0.184,-0.108,-0.045,-0.086,0.13,0.092
2024/01/01 12:10,0.017,-0.316,-0.117,-0.048,-0.006,0.12,0.072
2024/01/01 12:11,-0.044,-0.295,-0.056,-0.026,0.145,0.131,-0.008
2024/01/01 12:12,-0.08,-0.122,0.02,-0.007,0.165,0.131,-0.028
2024/01/01 12:13,-0.04,0.122,0.069,0.045,0.086,0.112,0.022
2024/01/01 12:14,0.012,0.274,0.066,0.054,-0.034,0.062,0.102
2024/01/01 12:15,0.054,0.292,0.035,0.054,-0.023,0.043,0.112
2024/01/01 12:16,0.106,0.166,-0.017,0.051,-0.083,0.034,0.013
2024/01/01 12:17,0.167,-0.014,-0.072,-0.006,-0.123,-0.006,-0.037
2024/01/01 12:18,0.192,-0.191,-0.118,-0.034,-0.102,-0.075,-0.007
2024/01/01 12:19,0.161,-0.227,-0.13,-0.006,-0.032,-0.185,0.093
2024/01/01 12:20,0.118,-0.2,-0.112,0.022,0.068,-0.214,0.033
2024/01/01 12:21,0.069,-0.106,-0.039,0.007,0.059,-0.234,0.003
2024/01/01 12:22,-0.011,0.01,0.062,-0.072,-0.041,-0.263,-0.057
2024/01/01 12:23,-0.102,0.108,0.175,-0.057,-0.101,-0.303,-0.037
2024/01/01 12:24,-0.124,0.132,0.242,-0.02,-0.04,-0.233,0.023
2024/01/01 12:25,-0.091,0.077,0.254,-0.011,-0.03,-0.202,0.084
2024/01/01 12:26,-0.07,0.013,0.226,-0.047,-0.1,-0.122,0.014
2024/01/01 12:27,-0.053,-0.023,0.126,-0.022,-0.24,-0.091,-0.026
2024/01/01 12:28,-0.01,-0.011,-0.027,0.075,-0.219,-0.041,-0.046
2024/01/01 12:29,0.029,0.026,-0.152,0.121,-0.129,0.07,-0.056
2024/01/01 12:30,0.037,0.066,-0.249,0.097,0.051,0.11,-0.016
2024/01/01 12:31,0.027,0.078,-0.313,0.085,0.151,0.08,0.074
2024/01/01 12:32,-0.028,0.048,-0.258,0.097,0.131,0.111,0.084
2024/01/01 12:33,-0.051,0.024,-0.124,0.104,0.131,0.131,-0.026
2024/01/01 12:34,-0.064,0.003,-0.011,0.107,0.191,0.141,-0.006
2024/01/01 12:35,-0.089,-0.012,0.041,0.104,0.232,0.102,0.004
2024/01/01 12:36,-0.087,0.01,0.077,0.128,0.142,0.062,0.074
2024/01/01 12:37,-0.057,0.041,0.078,0.153,-0.098,0.042,0.014
2024/01/01 12:38,-0.006,0.032,0.047,0.101,-0.248,0.043,-0.056
2024/01/01 12:39,0.033,-0.001,0.038,0.013,-0.268,0.083,-0.066
2024/01/01 12:40,0.053,-0.019,0.038,-0.023,-0.108,0.093,-0.026
2024/01/01 12:41,0.052,-0.031,0.087,-0.069,-0.048,0.054,0.014
2024/01/01 12:42,0.069,-0.021,0.133,-0.057,0.002,0.054,-0.006
2024/01/01 12:43,0.053,0.019,0.127,-0.035,-0.038,0.054,-0.056
2024/01/01 12:44,0.01,0.053,0.103,-0.081,0.052,0.024,-0.096
2024/01/01 12:45,-0.022,0.033,0.06,-0.117,0.072,-0.045,-0.096
2024/01/01 12:46,-0.017,-0.025,0,-0.114,0.101,-0.065,-0.046
2024/01/01 12:47,0.004,-0.07,-0.061,-0.081,0.091,-0.095,-0.006
2024/01/01 12:48,0.033,-0.081,-0.11,-0.038,-0.029,-0.115,-0.006
2024/01/01 12:49,0.066,-0.075,-0.097,-0.047,-0.009,-0.164,-0.026
2024/01/01 12:50,0.071,-0.047,-0.085,-0.035,0.001,-0.114,-0.056
2024/01/01 12:51,0.061,-0.006,-0.06,0.011,0.121,-0.114,-0.046
2024/01/01 12:52,0.03,0.022,-0.051,-0.044,0.121,-0.134,-0.006
2024/01/01 12:53,-0.026,0.062,-0.041,-0.117,-0.069,-0.094,0.034
2024/01/01 12:54,-0.103,0.063,-0.032,-0.077,-0.159,-0.064,0.004
2024/01/01 12:55,-0.15,0.014,-0.032,0.011,-0.17,0.017,0.004
2024/01/01 12:56,-0.16,-0.034,-0.019,0.045,-0.13,0.047,0.004
2024/01/01 12:57,-0.142,-0.054,0.014,0.011,-0.01,0.127,0.024
2024/01/01 12:58,-0.106,-0.026,0.045,-0.05,0.05,0.137,0.013
2024/01/01 12:59,-0.018,0.005,0.067,-0.038,0.09,0.157,-0.007
2024/01/01 13:00,0.073,0.045,0.043,-0.013,0.139,0.187,-0.027
2024/01/01 13:01,0.133,0.048,0,-0.044,0.069,0.207,0.013
2024/01/01 13:02,0.154,0.025,-0.033,-0.044,-0.061,0.177,0.063
2024/01/01 13:03,0.165,-0.027,-0.051,0.029,-0.111,0.067,0.093
2024/01/01 13:04,0.125,-0.054,-0.078,0.059,-0.041,0.008,0.073
2024/01/01 13:05,0.037,-0.068,-0.048,0.029,0.028,-0.042,0.023
2024/01/01 13:06,-0.061,-0.065,0.041,0.004,0.038,-0.062,-0.017
2024/01/01 13:07,-0.15,-0.034,0.087,0.029,0.048,-0.072,-0.047
2024/01/01 13:08,-0.19,0.009,0.097,0.077,0.088,-0.052,-0.027
2024/01/01 13:09,-0.181,0.049,0.085,0.062,0.178,-0.012,-0.027
2024/01/01 13:10,-0.147,0.035,0.03,0.065,0.168,-0.052,0.023
2024/01/01 13:11,-0.086,0.014,-0.04,0.089,-0.023,-0.082,0.013
2024/01/01 13:12,-0.004,-0.013,-0.076,0.077,-0.103,-0.082,0.012
2024/01/01 13:13,0.051,-0.028,-0.085,0.003,-0.073,-0.072,-0.018
2024/01/01 13:14,0.091,-0.061,-0.067,-0.012,0.027,-0.062,-0.018
2024/01/01 13:15,0.1,-0.079,-0.008,0.003,0.047,-0.082,-0.018
2024/01/01 13:16,0.079,-0.058,0.077,0.006,-0.023,-0.092,0.032
2024/01/01 13:17,0.019,0.003,0.108,-0.004,-0.034,-0.102,0.032
2024/01/01 13:18,-0.042,0.068,0.102,-0.031,-0.004,-0.082,0.022
2024/01/01 13:19,-0.072,0.144,0.056,-0.053,0.036,-0.082,0.012
2024/01/01 13:20,-0.077,0.169,0.032,-0.062,0.086,-0.072,0.082
2024/01/01 13:21,-0.08,0.108,0.005,-0.051,0.126,-0.071,0.072
2024/01/01 13:22,-0.043,0.013,-0.025,-0.06,0.056,-0.071,0.002
2024/01/01 13:23,0.019,-0.06,-0.022,-0.045,-0.034,-0.011,-0.038
2024/01/01 13:24,0.084,-0.072,0.009,-0.048,-0.104,0.059,-0.068
2024/01/01 13:25,0.127,-0.069,0.012,-0.018,-0.065,0.129,-0.078
2024/01/01 13:26,0.165,-0.023,0.006,-0.009,-0.025,0.159,-0.068
2024/01/01 13:27,0.175,0.017,0.024,-0.004,0.045,0.179,-0.028
2024/01/01 13:28,0.142,0.032,0.027,0.033,0.035,0.159,-0.028
2024/01/01 13:29,0.095,0.029,0.006,0.078,-0.015,0.209,-0.008
2024/01/01 13:30,0.056,0.05,-0.021,0.063,0.045,0.199,0.002
2024/01/01 13:31,0.033,0.056,-0.045,0.007,0.055,0.159,0.022
2024/01/01 13:32,0.025,0.028,-0.07,-0.03,0.055,0.149,0.032
2024/01/01 13:33,0.035,0.016,-0.094,-0.033,-0.065,0.079,0.042
2024/01/01 13:34,0.055,0.01,-0.082,-0.012,-0.125,0.089,0.002
2024/01/01 13:35,0.081,0.003,-0.033,-0.018,-0.115,0.129,-0.038
2024/01/01 13:36,0.094,-0.015,0.028,-0.013,-0.025,0.119,0.002
2024/01/01 13:37,0.09,-0.034,0.052,-0.013,0.035,0.049,0.002
2024/01/01 13:38,0.048,-0.037,0.058,-0.044,0.005,-0.001,-0.008
2024/01/01 13:39,0.016,-0.031,0.019,-0.084,-0.075,-0.051,0.022
2024/01/01 13:40,-0.025,-0.004,-0.048,-0.099,-0.094,-0.091,0.043
2024/01/01 13:41,-0.072,0.02,-0.079,-0.057,-0.064,-0.211,0.063
2024/01/01 13:42,-0.113,0.047,-0.082,0.013,0.026,-0.291,0.063
2024/01/01 13:43,-0.097,0.047,-0.009,0.046,-0.014,-0.341,0.023
2024/01/01 13:44,-0.083,0.031,0.089,0.046,-0.044,-0.341,-0.037
2024/01/01 13:45,-0.066,-0.003,0.192,0.03,-0.034,-0.32,-0.067
2024/01/01 13:46,-0.055,0.003,0.238,0.057,0.046,-0.21,-0.067
2024/01/01 13:47,-0.039,0.03,0.207,0.093,-0.004,-0.2,-0.037
2024/01/01 13:48,-0.022,0.063,0.101,0.111,-0.064,-0.17,0.013
2024/01/01 13:49,-0.023,0.06,-0.04,0.126,-0.083,-0.06,0.043
2024/01/01 13:50,-0.019,0.017,-0.174,0.135,-0.003,0.05,0.023
2024/01/01 13:51,-0.017,-0.054,-0.29,0.11,0.087,0.05,-0.037
2024/01/01 13:52,-0.004,-0.118,-0.336,0.058,0.057,0.1,-0.036
2024/01/01 13:53,-0.008,-0.128,-0.284,0.015,0.027,0.12,-0.016
2024/01/01 13:54,0.009,-0.094,-0.153,0.009,0.047,0.22,0.034
2024/01/01 13:55,0.022,-0.013,0.011,0.033,0.118,0.26,0.034
2024/01/01 13:56,0.03,0.088,0.139,0.03,0.118,0.281,0.014
2024/01/01 13:57,0.028,0.139,0.194,-0.022,-0.042,0.241,-0.006
2024/01/01 13:58,-0.004,0.105,0.178,-0.08,-0.102,0.211,-0.006
2024/01/01 13:59,-0.021,0.01,0.102,-0.111,-0.112,0.181,-0.006
2024/01/01 14:00,-0.038,-0.091,0.041,-0.096,-0.031,0.051,-0.006
2024/01/01 14:01,-0.052,-0.146,-0.035,-0.066,-0.071,-0.009,-0.016
2024/01/01 14:02,-0.075,-0.146,-0.084,-0.038,-0.101,-0.009,-0.016
2024/01/01 14:03,-0.107,-0.101,-0.054,-0.029,-0.091,-0.009,0.024
2024/01/01 14:04,-0.088,-0.019,0.016,-0.017,0.049,0.012,0.025
2024/01/01 14:05,-0.075,0.023,0.055,-0.027,0.12,0.032,0.035
2024/01/01 14:06,-0.052,0.032,0.067,-0.063,0.1,0.002,0.035
2024/01/01 14:07,-0.036,0.005,0.061,-0.051,0.06,-0.068,0.065
2024/01/01 14:08,-0.008,-0.026,0.03,-0.006,0.04,-0.078,0.025
2024/01/01 14:09,0.008,-0.042,0.003,0.068,0.08,-0.098,-0.015
2024/01/01 14:10,0.006,-0.066,-0.016,0.049,0.071,-0.147,-0.005
2024/01/01 14:11,-0.003,-0.082,-0.013,0.01,0.041,-0.157,0.025
2024/01/01 14:12,-0.011,-0.064,0.027,-0.03,0.041,-0.147,-0.005
2024/01/01 14:13,-0.004,-0.03,0.054,-0.024,0.041,-0.117,-0.025
2024/01/01 14:14,0.002,0.009,0.032,-0.036,0.041,-0.147,-0.065
2024/01/01 14:15,0.024,0.058,0.005,-0.054,-0.028,-0.117,-0.085
2024/01/01 14:16,0.055,0.103,-0.038,-0.024,-0.098,-0.126,-0.085
2024/01/01 14:17,0.107,0.103,-0.081,-0.006,-0.148,-0.096,-0.025
2024/01/01 14:18,0.129,0.067,-0.121,0.01,-0.138,-0.116,0.065
2024/01/01 14:19,0.135,0.009,-0.124,-0.015,-0.098,-0.076,0.025
2024/01/01 14:20,0.111,-0.049,-0.09,0.004,-0.048,-0.036,-0.015
2024/01/01 14:21,0.077,-0.08,-0.063,0.031,0.052,0.075,-0.005
2024/01/01 14:22,0.013,-0.068,-0.014,0.065,0.093,0.185,0.035
2024/01/01 14:23,-0.06,0.003,0.031,0.05,0.093,0.185,0.005
2024/01/01 14:24,-0.121,0.115,0.071,0.035,0.073,0.235,-0.025
2024/01/01 14:25,-0.173,0.198,0.083,0.041,0.073,0.245,-0.035
2024/01/01 14:26,-0.179,0.195,0.092,0.048,0.063,0.226,-0.035
2024/01/01 14:27,-0.167,0.122,0.092,0.045,0.033,0.206,0.015
2024/01/01 14:28,-0.113,-0.025,0.061,0.012,0.013,0.126,0.015
2024/01/01 14:29,-0.046,-0.149,0.012,-0.009,-0.027,0.056,-0.036
2024/01/01 14:30,-0.004,-0.18,-0.039,-0.04,-0.017,-0.033,-0.046
2024/01/01 14:31,0.041,-0.134,-0.061,-0.064,0.043,-0.053,0.014
2024/01/01 14:32,0.056,-0.039,-0.082,-0.097,0.053,-0.073,0.064
2024/01/01 14:33,0.055,0.083,-0.101,-0.1,0.013,-0.073,0.064
2024/01/01 14:34,0.033,0.141,-0.067,-0.112,-0.027,-0.113,0.034
2024/01/01 14:35,0.002,0.102,0.015,-0.081,0.013,-0.122,-0.006
2024/01/01 14:36,-0.03,0.013,0.085,-0.08,0.003,-0.112,-0.026
2024/01/01 14:37,-0.04,-0.056,0.122,-0.074,-0.007,-0.142,-0.017
2024/01/01 14:38,-0.032,-0.065,0.131,-0.022,-0.087,-0.152,0.073
2024/01/01 14:39,-0.005,-0.031,0.119,-0.012,-0.127,-0.091,0.073
2024/01/01 14:40,0.024,0.042,0.067,0.003,-0.127,-0.071,0.003
2024/01/01 14:41,0.054,0.106,0,0.031,-0.067,0.049,-0.037
2024/01/01 14:42,0.086,0.137,-0.058,0.083,-0.007,0.079,-0.038
2024/01/01 14:43,0.116,0.113,-0.097,0.108,-0.037,0.039,-0.028
2024/01/01 14:44,0.133,0.031,-0.113,0.121,-0.037,0.06,-0.038
2024/01/01 14:45,0.119,-0.066,-0.113,0.1,-0.037,0.07,-0.048
2024/01/01 14:46,0.091,-0.142,-0.088,0.091,-0.087,0.06,-0.028
2024/01/01 14:47,0.065,-0.136,-0.036,0.082,-0.097,0.06,0.021
2024/01/01 14:48,0.049,-0.087,0.019,0.062,-0.068,0.06,0.061
2024/01/01 14:49,0.014,0.002,0.074,0.053,-0.018,0.09,0.061
2024/01/01 14:50,0.001,0.081,0.113,0.044,0.032,0.081,0.031
2024/01/01 14:51,0.002,0.088,0.113,0.002,0.092,0.111,0
2024/01/01 14:52,0.004,0.036,0.092,0.005,0.102,0.081,0
2024/01/01 14:53,-0.012,-0.037,0.062,0.006,0.032,0.061,0.03
2024/01/01 14:54,-0.029,-0.091,-0.015,0.012,-0.038,0.021,0.07
2024/01/01 14:55,-0.033,-0.085,-0.085,0.013,-0.069,-0.029,0.109
2024/01/01 14:56,-0.043,-0.057,-0.121,-0.002,-0.019,-0.068,0.079
2024/01/01 14:57,-0.054,-0.005,-0.124,0.011,0.031,-0.118,-0.021
2024/01/01 14:58,-0.058,0.019,-0.094,0.002,0.091,-0.158,-0.071
2024/01/01 14:59,-0.062,0.001,-0.017,-0.019,0.151,-0.168,-0.082
2024/01/01 15:00,-0.054,-0.026,0.059,-0.022,0.23,-0.168,-0.072
2024/01/01 15:01,-0.04,-0.047,0.077,0.015,0.3,-0.108,-0.092
2024/01/01 15:02,-0.032,-0.05,0.077,0.043,0.23,-0.068,-0.072
2024/01/01 15:03,-0.006,-0.032,0.053,0.013,0.11,-0.048,-0.013
2024/01/01 15:04,0.027,-0.035,0.01,-0.026,0,-0.068,-0.043
2024/01/01 15:05,0.044,-0.044,-0.017,-0.075,-0.04,-0.057,-0.063
2024/01/01 15:06,0.052,-0.065,-0.026,-0.093,-0.041,-0.067,-0.034
2024/01/01 15:07,0.079,-0.068,0.004,-0.117,-0.001,-0.057,0.056
2024/01/01 15:08,0.096,-0.019,0.041,-0.128,-0.051,-0.067,0.076
2024/01/01 15:09,0.08,0.039,0.056,-0.101,-0.061,-0.027,0.066
2024/01/01 15:10,0.037,0.091,0.075,-0.079,-0.092,0.013,0.015
2024/01/01 15:11,-0.001,0.09,0.062,-0.036,-0.102,0.023,-0.025
2024/01/01 15:12,-0.01,0.06,-0.011,-0.039,-0.092,0.113,-0.035
2024/01/01 15:13,-0.054,-0.007,-0.056,-0.054,-0.112,0.163,-0.025
2024/01/01 15:14,-0.079,-0.068,-0.09,-0.041,-0.112,0.153,-0.026
2024/01/01 15:15,-0.085,-0.087,-0.118,-0.023,-0.093,0.143,-0.016
2024/01/01 15:16,-0.052,-0.047,-0.105,0.041,-0.093,0.143,-0.026
2024/01/01 15:17,-0.04,0.014,-0.029,0.078,-0.073,0.153,-0.026
2024/01/01 15:18,-0.013,0.078,0.059,0.081,-0.063,0.113,0.003
2024/01/01 15:19,0.011,0.111,0.126,0.069,-0.063,0.103,0.053
2024/01/01 15:20,0.02,0.092,0.15,0.03,-0.054,0.152,0.053
2024/01/01 15:21,0.01,0.043,0.129,0.03,-0.044,0.112,0.013
2024/01/01 15:22,-0.002,-0.003,0.059,0.012,-0.034,0.102,-0.008
2024/01/01 15:23,-0.002,0,-0.036,0.009,-0.004,0.052,0.002
2024/01/01 15:24,0.004,0.021,-0.109,0.024,0.056,-0.028,0.022
2024/01/01 15:25,0.001,0.048,-0.152,0.003,0.056,-0.048,0.032
2024/01/01 15:26,0.01,0.06,-0.161,0.003,0.045,-0.088,0.011
2024/01/01 15:27,0.038,0.038,-0.085,-0.043,0.055,-0.138,0.011
2024/01/01 15:28,0.054,0.014,0.012,-0.04,0.075,-0.108,-0.009
2024/01/01 15:29,0.06,0.001,0.085,-0.04,0.155,-0.089,-0.019
2024/01/01 15:30,0.064,0.025,0.109,0.021,0.145,-0.069,-0.019
2024/01/01 15:31,0.046,0.061,0.103,0.043,0.075,-0.059,0.01
2024/01/01 15:32,0.022,0.085,0.044,0.058,-0.036,-0.049,0
2024/01/01 15:33,-0.008,0.078,-0.014,0.1,-0.106,-0.079,-0.03
2024/01/01 15:34,-0.029,0.044,-0.06,0.082,-0.096,-0.039,-0.06
2024/01/01 15:35,-0.037,0.01,-0.091,0.103,-0.086,-0.06,-0.05
2024/01/01 15:36,-0.031,-0.002,-0.082,0.085,-0.036,-0.1,-0.011
2024/01/01 15:37,-0.018,-0.006,-0.033,0.085,0.004,-0.07,-0.001
2024/01/01 15:38,0.001,0,0.024,0.078,0.063,-0.04,-0.011
2024/01/01 15:39,0.014,-0.007,0.033,0.063,0.133,0.019,-0.001
2024/01/01 15:40,0.009,-0.044,0.011,0.029,0.103,0.049,-0.001
2024/01/01 15:41,-0.008,-0.075,-0.029,0.008,0.003,0.089,0.018
2024/01/01 15:42,-0.022,-0.085,-0.078,-0.005,-0.077,0.099,0.028
2024/01/01 15:43,-0.049,-0.064,-0.127,-0.036,-0.127,0.118,0.018
2024/01/01 15:44,-0.088,-0.028,-0.143,-0.072,-0.117,0.108,0.028
2024/01/01 15:45,-0.12,0.017,-0.085,-0.131,-0.098,0.058,0.048
2024/01/01 15:46,-0.107,0.053,0,-0.149,-0.068,0.018,0.027
2024/01/01 15:47,-0.094,0.062,0.1,-0.131,0.022,0.007,0.017
2024/01/01 15:48,-0.08,0.037,0.151,-0.132,0.062,-0.023,0.017
2024/01/01 15:49,-0.049,-0.025,0.151,-0.132,0.142,-0.043,0.007
2024/01/01 15:50,-0.005,-0.095,0.102,-0.117,0.172,-0.043,0.006
2024/01/01 15:51,0.036,-0.142,0.031,-0.087,0.172,-0.044,-0.014
2024/01/01 15:52,0.065,-0.148,-0.03,-0.063,0.141,-0.024,-0.014
2024/01/01 15:53,0.072,-0.115,-0.074,-0.027,0.141,0.006,-0.044
2024/01/01 15:54,0.085,-0.03,-0.071,0.019,0.121,-0.005,-0.024
2024/01/01 15:55,0.074,0.03,-0.011,0.073,-0.009,-0.045,0.005
2024/01/01 15:56,0.051,0.045,0.065,0.103,-0.099,-0.045,0.025
2024/01/01 15:57,0.025,0.023,0.089,0.094,-0.099,-0.066,0.015
2024/01/01 15:58,0.014,-0.029,0.073,0.093,-0.06,-0.076,0.005
2024/01/01 15:59,-0.007,-0.063,0.039,0.09,-0.02,-0.106,-0.026
2024/01/01 16:00,-0.015,-0.055,-0.013,0.105,-0.04,-0.106,-0.006
2024/01/01 16:01,-0.005,-0.019,-0.044,0.113,-0.05,-0.167,0.054
2024/01/01 16:02,0.012,0.011,-0.066,0.116,-0.04,-0.157,0.054
2024/01/01 16:03,0.028,0.026,-0.042,0.076,-0.08,-0.157,0.063
2024/01/01 16:04,0.026,0.014,0.003,0.063,-0.121,-0.158,0.053
2024/01/01 16:05,0.042,0.001,0.024,0.057,-0.111,-0.108,0.043
2024/01/01 16:06,0.043,-0.011,0.017,0.032,-0.051,0.002,0.003
2024/01/01 16:07,0.017,0.013,-0.014,0.004,0.049,0.032,-0.038
2024/01/01 16:08,-0.013,0.049,-0.051,-0.015,0.059,0.081,-0.058
2024/01/01 16:09,-0.033,0.061,-0.076,-0.024,-0.012,0.131,-0.028
2024/01/01 16:10,-0.054,0.048,-0.088,-0.043,-0.102,0.191,-0.019
2024/01/01 16:11,-0.059,0.03,-0.052,-0.044,-0.082,0.24,0.001
2024/01/01 16:12,-0.043,0.008,0.017,-0.078,-0.052,0.28,0.021
2024/01/01 16:13,-0.025,-0.016,0.078,-0.075,-0.002,0.25,0.01
2024/01/01 16:14,-0.003,-0.026,0.093,-0.082,0.037,0.26,-0.01
2024/01/01 16:15,0.013,-0.026,0.08,-0.094,0.117,0.249,-0.01
2024/01/01 16:16,0.005,-0.014,0.031,-0.107,0.147,0.189,-0.001
2024/01/01 16:17,0.005,-0.008,-0.028,-0.113,0.157,0.119,-0.001
2024/01/01 16:18,-0.007,0.008,-0.071,-0.123,0.076,0.089,0.009
2024/01/01 16:19,-0.022,0.017,-0.09,-0.099,-0.014,0.048,0.018
2024/01/01 16:20,-0.04,0.023,-0.059,-0.093,-0.014,-0.002,0.018
2024/01/01 16:21,-0.039,0.026,0.028,-0.094,-0.005,-0.012,0.017
2024/01/01 16:22,-0.006,0.023,0.12,-0.076,0.045,-0.062,0.037
2024/01/01 16:23,0.037,0.035,0.174,-0.04,-0.005,-0.082,-0.003
2024/01/01 16:24,0.064,0.032,0.183,0.003,-0.005,-0.103,-0.024
2024/01/01 16:25,0.086,0.032,0.143,0.024,-0.046,-0.153,-0.014
2024/01/01 16:26,0.104,0.02,0.075,0.044,-0.026,-0.163,-0.025
2024/01/01 16:27,0.085,0.02,-0.016,0.056,-0.036,-0.203,-0.045
2024/01/01 16:28,0.055,0.011,-0.093,0.114,-0.047,-0.193,-0.055
2024/01/01 16:29,0,0.002,-0.157,0.113,-0.057,-0.154,-0.096
2024/01/01 16:30,-0.056,0.011,-0.176,0.131,-0.057,-0.194,-0.076
2024/01/01 16:31,-0.093,0.024,-0.146,0.131,-0.018,-0.134,-0.007
2024/01/01 16:32,-0.096,0.027,-0.088,0.128,-0.048,-0.104,0.063
2024/01/01 16:33,-0.072,0.003,-0.024,0.091,-0.048,-0.084,0.062
2024/01/01 16:34,-0.033,-0.021,0.027,0.069,-0.039,-0.084,0.042
2024/01/01 16:35,-0.003,-0.039,0.073,0.057,-0.029,0.005,0.031
2024/01/01 16:36,0.051,-0.03,0.106,0.059,0.021,-0.005,0.061
2024/01/01 16:37,0.087,0.001,0.106,0.028,-0.01,0.015,0.07
2024/01/01 16:38,0.092,0.026,0.088,-0.018,-0.01,0.045,0.03
2024/01/01 16:39,0.064,0.035,0.057,-0.073,0.009,0.045,-0.03
2024/01/01 16:40,0.039,0.02,0.017,-0.1,0.049,0.025,-0.061
2024/01/01 16:41,0.004,-0.004,-0.032,-0.11,-0.041,0.045,-0.061
2024/01/01 16:42,-0.036,-0.019,-0.068,-0.098,-0.122,0.044,0.028
2024/01/01 16:43,-0.071,-0.012,-0.078,-0.089,-0.152,0.004,0.058
2024/01/01 16:44,-0.069,-0.015,-0.066,-0.065,-0.092,-0.006,0.027
2024/01/01 16:45,-0.055,-0.021,-0.044,-0.056,-0.013,0.024,-0.013
2024/01/01 16:46,-0.044,-0.039,-0.014,-0.069,0.027,0.074,-0.064
2024/01/01 16:47,-0.029,-0.054,0.01,-0.072,0.006,0.094,-0.094
2024/01/01 16:48,-0.027,-0.053,0.028,-0.054,0.026,0.104,-0.075
2024/01/01 16:49,-0.01,-0.026,0.019,0.01,0.056,0.134,-0.065
2024/01/01 16:50,-0.015,0.014,-0.002,0.062,0.085,0.183,-0.056
2024/01/01 16:51,-0.013,0.051,-0.023,0.083,0.095,0.093,-0.036
2024/01/01 16:52,-0.005,0.055,-0.033,0.086,0.125,0.063,-0.006
2024/01/01 16:53,-0.009,0.021,-0.054,0.101,0.134,0.013,-0.017
2024/01/01 16:54,-0.023,-0.021,-0.039,0.085,0.164,-0.047,0.003
2024/01/01 16:55,-0.009,-0.072,-0.005,0.079,0.124,-0.067,0.022
2024/01/01 16:56,0.008,-0.084,0.034,0.088,0.093,-0.087,0.052
2024/01/01 16:57,0.013,-0.057,0.056,0.106,0.033,-0.087,0.052
2024/01/01 16:58,0.012,0.002,0.074,0.142,-0.037,0.013,0.031
2024/01/01 16:59,0.02,0.054,0.065,0.111,-0.098,0.042,-0.029
2024/01/01 17:00,0.018,0.069,0.022,0.056,-0.168,0.062,-0.079
2024/01/01 17:01,0.005,0.051,-0.042,-0.002,-0.108,0.112,-0.11
2024/01/01 17:02,-0.018,-0.001,-0.084,-0.017,-0.059,0.102,-0.08
2024/01/01 17:03,-0.025,-0.052,-0.118,-0.005,0.041,0.072,0.029
2024/01/01 17:04,-0.032,-0.079,-0.127,-0.002,0.061,0.082,0.109
2024/01/01 17:05,-0.049,-0.061,-0.087,-0.018,0.09,0.042,0.099
2024/01/01 17:06,-0.047,-0.003,-0.005,-0.045,0.07,-0.018,0.029
2024/01/01 17:07,-0.036,0.061,0.09,-0.052,0.04,-0.049,-0.002
2024/01/01 17:08,-0.013,0.095,0.136,-0.064,-0.03,-0.059,-0.002
2024/01/01 17:09,0.011,0.076,0.142,-0.064,-0.061,-0.059,0.018
2024/01/01 17:10,0.022,0.009,0.108,-0.04,-0.061,-0.069,0.018
2024/01/01 17:11,0.048,-0.055,0.041,-0.037,0.039,-0.079,-0.003
2024/01/01 17:12,0.062,-0.076,-0.008,-0.044,0.099,-0.08,0.017
2024/01/01 17:13,0.061,-0.058,-0.059,-0.047,0.079,-0.08,-0.003
2024/01/01 17:14,0.06,-0.021,-0.075,-0.056,0.068,-0.09,-0.023
2024/01/01 17:15,0.053,0.033,-0.068,-0.05,0.068,-0.13,-0.053
2024/01/01 17:16,0.049,0.058,-0.023,-0.026,0.028,-0.12,-0.064
2024/01/01 17:17,0.033,0.036,0.002,-0.02,-0.002,-0.141,-0.054
2024/01/01 17:18,0.036,0.003,0.014,-0.021,-0.042,-0.091,-0.034
2024/01/01 17:19,0.032,-0.022,0.011,-0.036,-0.043,-0.021,0.016
2024/01/01 17:20,0.034,-0.031,-0.004,-0.042,0.017,-0.001,0.056
2024/01/01 17:21,0.037,-0.01,-0.004,-0.015,-0.003,-0.022,0.116
2024/01/01 17:22,0.036,0.032,0.011,0,-0.083,-0.002,0.106
2024/01/01 17:23,0.03,0.05,0.02,0.027,-0.133,0.018,0.116
2024/01/01 17:24,0.026,0.031,0.05,0.024,-0.123,0.028,0.076
2024/01/01 17:25,0.005,-0.002,0.069,0.011,-0.043,0.037,0.066
2024/01/01 17:26,-0.014,-0.018,0.053,-0.001,0.037,0.037,-0.004
2024/01/01 17:27,-0.02,-0.012,-0.002,-0.002,0.037,0.037,-0.014
2024/01/01 17:28,-0.015,0.012,-0.066,0.013,0.017,0.086,-0.034
2024/01/01 17:29,-0.015,0.039,-0.105,0.016,-0.004,0.116,-0.024
2024/01/01 17:30,-0.003,0.069,-0.127,0.001,0.016,0.145,-0.004
2024/01/01 17:31,0.019,0.071,-0.121,-0.012,0.046,0.125,0.026
2024/01/01 17:32,0.028,0.056,-0.063,-0.021,0.046,0.095,-0.024
2024/01/01 17:33,0.025,0.031,0.025,-0.049,0.036,0.094,-0.034
2024/01/01 17:34,0.007,-0.007,0.074,-0.059,-0.024,0.044,-0.064
2024/01/01 17:35,-0.011,-0.028,0.089,-0.068,-0.084,0.014,-0.074
2024/01/01 17:36,-0.033,-0.047,0.077,-0.065,-0.104,-0.047,-0.044
2024/01/01 17:37,-0.06,-0.036,0.04,-0.057,-0.124,-0.057,-0.004
2024/01/01 17:38,-0.075,-0.006,-0.003,-0.048,-0.124,-0.068,0.027
2024/01/01 17:39,-0.059,0.027,-0.04,-0.057,-0.104,-0.058,0.017
2024/01/01 17:40,-0.028,0.036,-0.049,-0.048,-0.064,-0.029,-0.013
2024/01/01 17:41,0.003,0.014,-0.031,-0.024,0.016,-0.059,-0.033
2024/01/01 17:42,0.04,-0.008,0.017,-0.016,0.086,-0.02,0.017
2024/01/01 17:43,0.065,-0.015,0.072,-0.01,0.116,-0.05,0.057
2024/01/01 17:44,0.069,-0.016,0.096,-0.001,0.096,-0.051,0.077
2024/01/01 17:45,0.054,-0.016,0.093,0.026,0.036,-0.061,0.068
2024/01/01 17:46,0.027,-0.017,0.053,0.065,-0.024,-0.012,0.068
2024/01/01 17:47,0.003,-0.033,-0.008,0.083,-0.054,-0.032,0.028
2024/01/01 17:48,-0.038,-0.061,-0.058,0.086,-0.044,-0.023,-0.012
2024/01/01 17:49,-0.068,-0.071,-0.098,0.097,-0.024,0.027,-0.012
2024/01/01 17:50,-0.083,-0.05,-0.113,0.076,0.036,0.046,-0.002
2024/01/01 17:51,-0.073,-0.017,-0.092,0.069,0.006,0.026,0.019
2024/01/01 17:52,-0.041,0.015,-0.032,0.072,-0.024,0.075,0.019
2024/01/01 17:53,-0.016,0.039,0.032,0.084,-0.054,0.074,-0.001
2024/01/01 17:54,-0.003,0.026,0.068,0.086,-0.024,0.044,-0.011
2024/01/01 17:55,0.01,-0.011,0.071,0.101,0.046,0.043,-0.011
2024/01/01 17:56,0.02,-0.027,0.052,0.098,0.056,0.033,0
2024/01/01 17:57,0,-0.037,0.031,0.097,0.046,0.032,0
2024/01/01 17:58,-0.036,-0.04,0.003,0.085,0.056,0.022,0
2024/01/01 17:59,-0.068,-0.017,-0.001,0.078,0.076,-0.019,0.03
2024/01/01 18:00,-0.073,0.004,0.002,0.057,0.086,-0.03,0.02
2024/01/01 18:01,-0.075,0.016,0.017,0.044,0.016,-0.01,0
2024/01/01 18:02,-0.071,0.021,0.019,0.047,-0.064,-0.021,-0.04
2024/01/01 18:03,-0.049,0.033,0.001,0.043,-0.104,-0.031,-0.049
2024/01/01 18:04,-0.023,0.035,-0.021,0.025,-0.064,-0.022,-0.049
2024/01/01 18:05,0.002,0.022,-0.043,-0.016,0.026,-0.023,-0.049
2024/01/01 18:06,0.024,0.007,-0.04,-0.052,0.016,-0.043,-0.049
2024/01/01 18:07,0.041,0,-0.026,-0.077,0.006,-0.004,-0.059
2024/01/01 18:08,0.032,-0.01,0.011,-0.096,-0.004,-0.024,-0.069
2024/01/01 18:09,0.021,-0.025,0.065,-0.114,-0.005,0.005,-0.069
2024/01/01 18:10,0.01,-0.032,0.083,-0.127,0.005,-0.036,-0.049
2024/01/01 18:11,-0.011,-0.029,0.067,-0.124,-0.035,-0.016,0.001
2024/01/01 18:12,-0.025,-0.024,0.021,-0.14,-0.055,-0.027,0.031
2024/01/01 18:13,-0.033,-0.015,-0.034,-0.162,-0.105,-0.017,0.021
2024/01/01 18:14,-0.029,0.003,-0.078,-0.183,-0.075,0.002,0.002
2024/01/01 18:15,-0.019,0.018,-0.096,-0.15,-0.036,0.001,-0.018
2024/01/01 18:16,-0.009,0.027,-0.078,-0.108,0.004,0.001,-0.018
2024/01/01 18:17,0.01,0.017,-0.024,-0.087,0.074,0.01,0.002
2024/01/01 18:18,0.019,0.014,0.058,-0.069,0.114,-0.01,0.042
2024/01/01 18:19,0.023,0.007,0.094,-0.029,0.103,0.009,0.062
2024/01/01 18:20,0.033,0.004,0.087,0.004,0.063,0.009,0.081
2024/01/01 18:21,0.036,-0.002,0.044,0.019,0.013,0.038,0.031
2024/01/01 18:22,0.031,-0.009,-0.023,0.025,0.003,0.057,-0.069
2024/01/01 18:23,0.038,0,-0.082,0.04,-0.038,0.067,-0.089
2024/01/01 18:24,0.044,0.018,-0.122,0.076,-0.048,0.096,-0.039
2024/01/01 18:25,0.054,0.03,-0.125,0.088,-0.048,0.106,0.001
2024/01/01 18:26,0.06,0.04,-0.086,0.106,-0.039,0.115,0.021
2024/01/01 18:27,0.07,0.042,-0.013,0.094,0.041,0.075,0.031
2024/01/01 18:28,0.079,0.039,0.047,0.1,0.091,0.044,0.001
2024/01/01 18:29,0.08,0.024,0.071,0.096,0.11,0.004,0.021
2024/01/01 18:30,0.068,0.018,0.077,0.108,0.11,-0.057,0.02
2024/01/01 18:31,0.046,0.012,0.068,0.087,0.069,-0.127,0.05
2024/01/01 18:32,0.037,0.009,0.043,0.093,0.059,-0.168,0.02
2024/01/01 18:33,0.013,-0.001,0.027,0.089,0.019,-0.208,-0.01
2024/01/01 18:34,-0.017,-0.007,0.009,0.074,-0.012,-0.208,0
2024/01/01 18:35,-0.036,-0.031,0.005,0.074,-0.062,-0.179,-0.01
2024/01/01 18:36,-0.042,-0.043,-0.007,0.055,-0.073,-0.159,-0.021
2024/01/01 18:37,-0.042,-0.04,-0.023,0.028,-0.063,-0.09,-0.021
2024/01/01 18:38,-0.045,-0.022,-0.033,0.006,-0.044,-0.08,-0.021
2024/01/01 18:39,-0.042,0.003,-0.033,-0.003,0.016,-0.011,-0.011
2024/01/01 18:40,-0.033,0.03,-0.045,-0.024,0.005,0.009,-0.012
2024/01/01 18:41,-0.034,0.036,-0.027,-0.04,-0.065,0.029,-0.012
2024/01/01 18:42,-0.034,0.018,0,-0.061,-0.046,0.048,-0.032
2024/01/01 18:43,-0.04,-0.012,0.03,-0.073,-0.006,0.068,-0.042
2024/01/01 18:44,-0.044,-0.043,0.024,-0.104,0.083,0.078,-0.032
2024/01/01 18:45,-0.054,-0.061,0.023,-0.135,0.143,0.087,-0.023
2024/01/01 18:46,-0.051,-0.058,0.011,-0.156,0.142,0.157,-0.013
2024/01/01 18:47,-0.039,-0.045,-0.014,-0.147,0.162,0.107,-0.013
2024/01/01 18:48,-0.028,-0.033,-0.035,-0.129,0.121,0.156,0.017
2024/01/01 18:49,-0.013,-0.005,-0.036,-0.12,0.101,0.186,-0.004
2024/01/01 18:50,0.02,-0.002,-0.018,-0.092,0.02,0.196,-0.024
2024/01/01 18:51,0.035,-0.002,0.013,-0.077,-0.05,0.165,-0.014
2024/01/01 18:52,0.046,-0.008,0.034,-0.065,-0.071,0.165,-0.024
2024/01/01 18:53,0.039,-0.014,0.055,-0.029,-0.181,0.145,0.015
2024/01/01 18:54,0.039,-0.005,0.064,0.002,-0.212,0.074,0.045
2024/01/01 18:55,0.029,0.014,0.045,0.041,-0.192,0.054,0.075
2024/01/01 18:56,0.01,0.02,0.018,0.078,-0.133,-0.006,0.095
2024/01/01 18:57,0.012,0.026,-0.007,0.09,-0.063,-0.036,0.075
2024/01/01 18:58,0.029,0.011,-0.028,0.093,-0.054,-0.117,0.044
2024/01/01 18:59,0.038,-0.01,-0.035,0.102,-0.054,-0.137,0.014
2024/01/01 19:00,0.04,-0.016,-0.032,0.111,-0.045,-0.157,-0.016
2024/01/01 19:01,0.048,-0.013,-0.02,0.108,0.015,-0.207,-0.006
2024/01/01 19:02,0.044,-0.004,-0.011,0.09,0.065,-0.218,-0.006
2024/01/01 19:03,0.022,0.005,-0.005,0.086,0.024,-0.168,-0.007
2024/01/01 19:04,-0.009,0.005,-0.011,0.065,-0.006,-0.168,0.023
2024/01/01 19:05,-0.034,0.002,-0.014,0.05,-0.027,-0.138,0.033
2024/01/01 19:06,-0.054,-0.004,-0.018,0.028,0.003,-0.118,0.033
2024/01/01 19:07,-0.076,0.008,-0.003,0.025,0.022,-0.109,-0.017
2024/01/01 19:08,-0.074,0.026,0.007,0.022,-0.018,-0.039,-0.047
2024/01/01 19:09,-0.062,0.036,0.012,0.004,-0.018,-0.029,-0.037
2024/01/01 19:10,-0.039,0.045,0.021,-0.021,0.001,-0.009,0.023
2024/01/01 19:11,-0.009,0.032,0.012,-0.036,0.001,0.021,0.083
2024/01/01 19:12,0.008,0.008,-0.012,-0.021,-0.009,0.081,0.083
2024/01/01 19:13,0.026,-0.011,-0.028,-0.012,-0.01,0.1,0.033
2024/01/01 19:14,0.034,0.005,-0.043,0.006,-0.03,0.17,-0.027
2024/01/01 19:15,0.036,0.011,-0.031,0.015,0.01,0.16,-0.037
2024/01/01 19:16,0.033,0.023,-0.01,-0.003,0.029,0.15,-0.057
2024/01/01 19:17,0.029,0.035,0.027,-0.019,0.019,0.09,-0.087
2024/01/01 19:18,0.028,0.043,0.066,-0.031,0.029,0.069,-0.117
2024/01/01 19:19,0.015,0.04,0.072,-0.037,0.059,0.039,-0.067
2024/01/01 19:20,0.005,0.025,0.069,-0.01,0.039,0.039,0.013
2024/01/01 19:21,-0.004,0.012,0.038,-0.016,0.068,0.029,0.063
2024/01/01 19:22,-0.011,0.006,0.004,-0.019,0.038,0.009,0.074
2024/01/01 19:23,-0.021,0.003,-0.02,-0.032,-0.002,-0.011,0.074
2024/01/01 19:24,-0.025,0.011,-0.039,-0.047,0.008,-0.012,0.074
2024/01/01 19:25,-0.016,0.026,-0.042,-0.05,0.048,-0.002,0.094
2024/01/01 19:26,-0.014,0.035,-0.024,-0.02,-0.002,-0.012,0.104
2024/01/01 19:27,-0.014,0.02,-0.008,-0.005,-0.062,-0.002,0.105
2024/01/01 19:28,-0.008,-0.011,0.013,0.016,-0.082,-0.012,0.075
2024/01/01 19:29,-0.003,-0.051,0.01,0.01,-0.032,-0.002,0.015
2024/01/01 19:30,-0.003,-0.07,-0.003,-0.002,-0.012,-0.013,-0.044
2024/01/01 19:31,-0.007,-0.061,-0.015,0.01,0.018,-0.013,-0.064
2024/01/01 19:32,-0.016,-0.034,-0.021,0.01,-0.022,0.007,-0.054
2024/01/01 19:33,-0.013,-0.004,-0.022,0.012,-0.072,-0.013,-0.073
2024/01/01 19:34,-0.001,0.026,-0.01,0.021,-0.032,-0.003,-0.073
2024/01/01 19:35,-0.005,0.038,0.024,0.015,0.028,-0.024,-0.063
2024/01/01 19:36,0.001,0.025,0.06,-0.007,0.028,-0.044,-0.042
2024/01/01 19:37,0.022,0,0.075,-0.01,0.028,-0.074,-0.032
2024/01/01 19:38,0.047,-0.031,0.063,-0.028,0.068,-0.064,-0.031
2024/01/01 19:39,0.053,-0.043,0.038,-0.01,0.088,-0.094,-0.021
2024/01/01 19:40,0.046,-0.034,-0.029,-0.017,0.088,-0.064,-0.02
2024/01/01 19:41,0.046,-0.014,-0.078,-0.029,0.078,-0.045,0
2024/01/01 19:42,0.043,0.007,-0.118,-0.035,0.049,-0.015,0.031
2024/01/01 19:43,0.034,0.016,-0.124,-0.038,0.089,0.015,0.041
2024/01/01 19:44,0.016,0.013,-0.103,-0.02,0.069,0.045,0.022
2024/01/01 19:45,0.004,-0.015,-0.045,0.007,-0.001,0.045,-0.028
2024/01/01 19:46,0.001,-0.046,0.019,0.037,-0.031,0.054,-0.017
2024/01/01 19:47,-0.005,-0.056,0.04,0.043,-0.05,0.054,-0.037
2024/01/01 19:48,-0.014,-0.053,0.052,0.049,-0.07,0.044,-0.046
2024/01/01 19:49,-0.017,-0.035,0.046,0.039,-0.03,0.044,-0.076
2024/01/01 19:50,-0.026,-0.008,0.03,0.021,-0.06,0.014,-0.085
2024/01/01 19:51,-0.035,0.009,0.024,0.039,-0.059,-0.037,-0.055
2024/01/01 19:52,-0.053,0,0.018,0.042,-0.069,0.033,-0.014
2024/01/01 19:53,-0.053,-0.01,0.027,0.051,-0.049,0.003,0.007
2024/01/01 19:54,-0.058,-0.019,0.03,0.026,-0.048,-0.007,-0.023
2024/01/01 19:55,-0.058,-0.007,0.03,0.014,-0.068,-0.027,-0.062
2024/01/01 19:56,-0.055,0.014,0.017,0.001,-0.028,-0.028,-0.082
2024/01/01 19:57,-0.051,0.026,0.005,-0.014,-0.057,-0.018,-0.051
2024/01/01 19:58,-0.042,0.019,-0.016,-0.032,0.003,-0.038,0.009
2024/01/01 19:59,-0.023,-0.006,-0.035,-0.048,0.033,-0.038,0.07
2024/01/01 20:00,-0.013,-0.015,-0.044,-0.054,0.063,-0.018,0.081
2024/01/01 20:01,-0.004,-0.012,-0.038,-0.051,0.034,0.011,0.061
2024/01/01 20:02,0.003,0.006,-0.029,-0.051,0.014,0.001,0.002
2024/01/01 20:03,0.027,0.021,-0.017,-0.045,-0.016,0.041,-0.008
2024/01/01 20:04,0.046,0.03,0.007,-0.03,0.005,0.021,0.003
2024/01/01 20:05,0.056,0.029,0.029,-0.021,0.045,0.011,0.003
2024/01/01 20:06,0.056,0.014,0.044,-0.003,0.035,-0.02,0.044
2024/01/01 20:07,0.066,-0.004,0.05,-0.003,0.016,0,0.054
2024/01/01 20:08,0.06,-0.02,0.05,0.009,0.026,-0.01,0.065
2024/01/01 20:09,0.049,-0.029,0.037,0.021,0.036,-0.02,0.075
2024/01/01 20:10,0.034,-0.026,0.01,0.048,0.047,0,0.086
2024/01/01 20:11,0.034,-0.008,-0.011,0.036,0.027,0.04,0.066
2024/01/01 20:12,0.029,0.008,-0.03,0.015,0.017,0.03,0.017
2024/01/01 20:13,0.02,0.026,-0.054,0.005,0.008,0.059,-0.033
2024/01/01 20:14,0.017,0.02,-0.057,0.002,0.038,0.069,-0.042
2024/01/01 20:15,0.012,0.005,-0.054,0.014,-0.012,0.039,-0.012
2024/01/01 20:16,-0.003,-0.004,-0.033,0.005,0.009,0.039,0.019
2024/01/01 20:17,-0.024,0.005,-0.012,-0.001,0.009,-0.021,0.049
2024/01/01 20:18,-0.039,0.029,0.019,-0.016,-0.011,0.039,0.039
2024/01/01 20:19,-0.06,0.045,0.049,-0.031,-0.051,0.009,0.06
2024/01/01 20:20,-0.077,0.057,0.065,-0.047,-0.09,-0.022,0.06
2024/01/01 20:21,-0.08,0.051,0.065,-0.047,-0.05,-0.002,0.05
2024/01/01 20:22,-0.07,0.027,0.062,-0.022,0.02,0.008,0.001
2024/01/01 20:23,-0.058,0.003,0.04,-0.004,0.03,-0.002,-0.029
2024/01/01 20:24,-0.045,-0.009,0.025,-0.001,0.001,-0.032,-0.079
2024/01/01 20:25,-0.02,-0.011,0.004,0.002,0.021,-0.052,-0.088
2024/01/01 20:26,-0.008,-0.011,-0.002,0.006,0.061,-0.042,-0.088
2024/01/01 20:27,0.008,-0.011,-0.023,0.033,0.101,-0.112,-0.078
2024/01/01 20:28,0.005,-0.013,-0.047,0.039,0.081,-0.102,-0.088
2024/01/01 20:29,0.011,-0.01,-0.06,0.049,0.062,-0.082,-0.067
2024/01/01 20:30,0.009,0.003,-0.075,0.046,0.042,-0.052,-0.047
2024/01/01 20:31,0.009,0.012,-0.081,0.024,-0.038,-0.042,-0.027
2024/01/01 20:32,0.009,0.016,-0.074,0.018,-0.058,-0.062,-0.037
2024/01/01 20:33,0.019,0.001,-0.053,0.006,-0.058,-0.002,-0.037
2024/01/01 20:34,0.022,-0.026,-0.016,0.004,-0.078,-0.003,-0.017
2024/01/01 20:35,0.019,-0.034,0.03,0.01,-0.108,0.007,0.023
2024/01/01 20:36,0.025,-0.022,0.051,0.016,-0.117,0.037,0.053
2024/01/01 20:37,0.026,0.003,0.064,0.001,-0.107,0.057,0.053
2024/01/01 20:38,0.023,0.025,0.055,-0.014,-0.077,0.087,0.054
2024/01/01 20:39,0.008,0.035,0.022,-0.029,-0.057,0.107,0.014
2024/01/01 20:40,0.005,0.018,-0.006,-0.026,-0.067,0.127,0.024
2024/01/01 20:41,0.002,-0.003,-0.021,-0.023,-0.057,0.127,0.044
2024/01/01 20:42,-0.004,-0.033,-0.03,-0.019,-0.047,0.117,0.054
2024/01/01 20:43,-0.007,-0.06,-0.014,-0.016,0.033,0.057,0.064
2024/01/01 20:44,-0.019,-0.071,0.017,-0.01,0.083,0.017,0.093
2024/01/01 20:45,-0.013,-0.064,0.041,-0.009,0.083,0.017,0.063
2024/01/01 20:46,-0.01,-0.039,0.06,0,0.053,-0.022,0.013
2024/01/01 20:47,-0.013,-0.008,0.057,-0.003,0.023,-0.012,0.003
2024/01/01 20:48,-0.019,0.026,0.039,-0.015,0.053,-0.012,-0.007
2024/01/01 20:49,-0.012,0.033,0.015,-0.005,0.063,-0.012,-0.007
2024/01/01 20:50,-0.009,0.015,0,-0.008,0.033,-0.012,0.013
2024/01/01 20:51,0,-0.008,-0.018,-0.011,-0.007,-0.022,0.003
2024/01/01 20:52,0.006,-0.029,-0.018,-0.011,0.003,-0.052,0.003
2024/01/01 20:53,0.018,-0.031,-0.005,-0.001,-0.047,-0.072,0.003
2024/01/01 20:54,0.024,-0.012,0.019,0.014,-0.017,-0.112,-0.018
2024/01/01 20:55,0.028,0.016,0.029,0.012,-0.007,-0.152,-0.028
2024/01/01 20:56,0.037,0.038,0.023,0.015,-0.007,-0.142,-0.048
2024/01/01 20:57,0.046,0.057,-0.004,0.015,0.023,-0.112,-0.068
2024/01/01 20:58,0.034,0.057,-0.031,0.022,0.033,-0.122,-0.068
2024/01/01 20:59,0.022,0.043,-0.064,0.031,0.053,-0.052,-0.058
2024/01/01 21:00,0.016,0.01,-0.082,0.037,0.013,-0.022,-0.038
2024/01/01 21:01,0.01,-0.017,-0.079,0.038,0.043,-0.012,-0.039
2024/01/01 21:02,-0.012,-0.028,-0.054,0.038,0.003,0.018,-0.029
2024/01/01 21:03,-0.018,-0.028,-0.018,0.035,-0.047,0.068,-0.019
2024/01/01 21:04,-0.015,-0.012,0.022,0.029,-0.087,0.048,0.001
2024/01/01 21:05,-0.008,0.022,0.053,0.03,-0.087,0.048,0.021
2024/01/01 21:06,-0.005,0.035,0.066,0.027,-0.077,0.048,0.021
2024/01/01 21:07,0.004,0.023,0.054,0.021,-0.057,0.058,0
2024/01/01 21:08,0.013,-0.013,0.033,0.003,0.033,0.038,0
2024/01/01 21:09,0.01,-0.046,0.009,-0.009,0.033,0.058,0.01
2024/01/01 21:10,-0.002,-0.057,-0.013,-0.018,0.073,0.108,0
2024/01/01 21:11,-0.017,-0.045,-0.034,-0.024,0.103,0.108,-0.02
2024/01/01 21:12,-0.023,0.001,-0.039,-0.036,0.123,0.088,-0.07
2024/01/01 21:13,-0.038,0.045,-0.036,-0.026,0.103,0.108,-0.05
2024/01/01 21:14,-0.041,0.069,-0.039,-0.032,0.093,0.088,-0.05
2024/01/01 21:15,-0.034,0.067,-0.036,-0.032,0.073,0.088,0.01
2024/01/01 21:16,-0.019,0.046,-0.036,-0.044,0.063,0.078,-0.001
2024/01/01 21:17,-0.001,0.022,-0.032,-0.043,0.023,0.028,-0.001
2024/01/01 21:18,0.027,0.01,-0.014,-0.043,-0.046,0.018,-0.021
2024/01/01 21:19,0.046,0.004,0.008,-0.034,-0.076,-0.022,-0.011
2024/01/01 21:20,0.058,-0.002,0.039,-0.034,-0.096,-0.032,0.009
2024/01/01 21:21,0.058,-0.011,0.075,-0.009,-0.096,-0.042,0.049
2024/01/01 21:22,0.056,-0.01,0.094,-0.012,-0.136,-0.062,0.079
2024/01/01 21:23,0.044,-0.013,0.085,-0.012,-0.116,-0.062,0.099
2024/01/01 21:24,0.029,-0.01,0.064,-0.008,-0.086,-0.102,0.129
2024/01/01 21:25,0.011,0,0.009,-0.002,-0.016,-0.062,0.139
2024/01/01 21:26,0.012,0.009,-0.037,0.02,0.035,-0.112,0.109
2024/01/01 21:27,0.015,0.012,-0.07,0.026,0.045,-0.112,0.049
2024/01/01 21:28,0.021,0.012,-0.1,0.032,0.055,-0.112,0.02
2024/01/01 21:29,0.022,0.015,-0.082,0.026,0.095,-0.072,0.01
2024/01/01 21:30,0.031,0.009,-0.036,0.039,0.125,-0.043,0.02
2024/01/01 21:31,0.038,0.003,0.028,0.033,0.106,-0.023,0.02
2024/01/01 21:32,0.023,0,0.065,0.033,0.026,0.007,0.02
2024/01/01 21:33,0.006,-0.009,0.074,0.024,-0.014,0.057,-0.01
2024/01/01 21:34,-0.006,-0.018,0.056,0.018,-0.014,0.037,-0.02
2024/01/01 21:35,-0.03,-0.018,0.013,0.009,-0.013,0.067,-0.039
2024/01/01 21:36,-0.038,-0.024,-0.042,-0.003,-0.033,0.117,-0.039
2024/01/01 21:37,-0.044,-0.027,-0.084,-0.005,-0.083,0.107,-0.049
2024/01/01 21:38,-0.046,-0.021,-0.093,-0.005,-0.052,0.106,-0.059
2024/01/01 21:39,-0.04,-0.015,-0.081,-0.02,-0.032,0.036,-0.059
2024/01/01 21:40,-0.033,-0.012,-0.023,-0.026,0.028,0.036,-0.018
2024/01/01 21:41,-0.026,-0.009,0.053,-0.05,0.019,0.026,0.022
2024/01/01 21:42,-0.019,-0.009,0.105,-0.05,0.029,0.046,0.012
2024/01/01 21:43,-0.022,-0.009,0.114,-0.031,0.039,-0.015,0.013
2024/01/01 21:44,-0.021,-0.009,0.096,-0.019,0.02,-0.025,-0.017
2024/01/01 21:45,-0.017,-0.009,0.06,0.006,0.04,-0.025,-0.047
2024/01/01 21:46,-0.011,0,0.005,0.024,0.03,-0.035,-0.046
2024/01/01 21:47,-0.013,0.012,-0.035,0.022,-0.029,-0.035,-0.036
2024/01/01 21:48,-0.018,0.015,-0.071,0.016,-0.009,-0.056,-0.056
2024/01/01 21:49,-0.014,0.012,-0.071,0.013,-0.008,-0.036,-0.085
2024/01/01 21:50,-0.017,-0.004,-0.056,0.025,-0.038,-0.076,-0.075
2024/01/01 21:51,-0.019,-0.016,-0.029,0.017,-0.048,-0.026,-0.065
2024/01/01 21:52,-0.021,-0.019,0.008,0.002,-0.087,-0.036,-0.014
2024/01/01 21:53,-0.024,-0.007,0.042,-0.007,-0.107,-0.027,0.016
2024/01/01 21:54,-0.026,0.002,0.051,-0.013,-0.066,0.023,0.047
2024/01/01 21:55,-0.022,0.011,0.057,-0.022,-0.046,-0.057,0.017
2024/01/01 21:56,-0.018,0.002,0.048,-0.04,-0.035,-0.027,-0.012
2024/01/01 21:57,-0.014,-0.019,0.03,-0.039,0.005,-0.017,-0.002
2024/01/01 21:58,-0.008,-0.047,-0.007,-0.042,-0.044,-0.088,-0.002
2024/01/01 21:59,0.002,-0.059,-0.043,-0.048,-0.024,-0.108,0.049
2024/01/01 22:00,0.012,-0.044,-0.068,-0.06,-0.003,-0.048,0.069
2024/01/01 22:01,0.025,-0.026,-0.08,-0.038,0.007,0.002,0.1
2024/01/01 22:02,0.026,0.002,-0.074,-0.016,-0.002,-0.028,0.07
2024/01/01 22:03,0.03,0.026,-0.04,0.009,0.008,0.081,0.061
2024/01/01 22:04,0.024,0.038,0.006,0.025,0.048,0.021,0.021
2024/01/01 22:05,0.019,0.026,0.049,0.037,0.059,0.191,0.002
2024/01/01 22:06,0.004,0.014,0.079,0.041,0.059,0.151,-0.028
2024/01/01 22:07,-0.007,-0.001,0.079,0.056,0.06,0.141,-0.017
2024/01/01 22:08,-0.015,0.002,0.058,0.048,0.06,0.101,-0.037
2024/01/01 22:09,-0.021,0.017,0.025,0.067,0.031,0.04,-0.027
2024/01/01 22:10,-0.029,0.026,-0.012,0.085,0.021,0.02,-0.016
2024/01/01 22:11,-0.029,0.029,-0.051,0.095,0.042,-0.06,-0.026
2024/01/01 22:12,-0.016,0.023,-0.066,0.083,0.072,-0.07,0.015
2024/01/01 22:13,-0.009,0.008,-0.069,0.06,0.043,-0.07,-0.025
2024/01/01 22:14,0.001,-0.01,-0.039,0.042,0.003,-0.08,0.006
2024/01/01 22:15,0.016,-0.016,-0.011,0.03,-0.026,-0.09,-0.004
2024/01/01 22:16,0.017,0,0.017,0.028,-0.036,-0.03,0.017
2024/01/01 22:17,0.011,0.021,0.035,0.019,-0.025,-0.02,0.007
2024/01/01 22:18,0.012,0.034,0.035,0.017,-0.025,-0.05,0.018
2024/01/01 22:19,0,0.049,0.017,0.002,-0.044,-0.11,-0.032
2024/01/01 22:20,-0.014,0.05,-0.004,-0.033,-0.044,-0.16,-0.032
2024/01/01 22:21,-0.026,0.035,-0.022,-0.051,-0.094,-0.07,-0.021
2024/01/01 22:22,-0.032,0.02,-0.034,-0.069,-0.073,-0.07,-0.011
2024/01/01 22:23,-0.028,0.002,-0.022,-0.077,-0.023,-0.09,-0.01
2024/01/01 22:24,-0.019,-0.013,-0.006,-0.077,0.018,-0.01,-0.04
2024/01/01 22:25,-0.024,-0.019,0.031,-0.076,0.048,0.05,-0.05
2024/01/01 22:26,-0.015,-0.021,0.043,-0.075,0.099,0.08,-0.059
2024/01/01 22:27,-0.009,-0.024,0.041,-0.083,0.089,0.05,-0.049
2024/01/01 22:28,-0.002,-0.023,0.02,-0.08,0.119,0.08,-0.039
2024/01/01 22:29,-0.005,-0.02,-0.017,-0.07,0.12,0.15,0.002
2024/01/01 22:30,-0.005,-0.016,-0.041,-0.066,0.05,0.07,0.012
2024/01/01 22:31,0.002,-0.022,-0.047,-0.062,-0.039,0.22,0.012
2024/01/01 22:32,0.014,-0.031,-0.043,-0.046,-0.049,0.271,0.013
2024/01/01 22:33,0.024,-0.033,0.003,-0.045,-0.049,0.101,0.023
2024/01/01 22:34,0.036,-0.042,0.031,-0.02,-0.018,0.071,0.003
2024/01/01 22:35,0.036,-0.041,0.052,0.002,-0.008,0.081,0.024
2024/01/01 22:36,0.039,-0.031,0.041,0.021,-0.028,0.032,0.024
2024/01/01 22:37,0.033,-0.019,0.017,0.031,-0.007,0.042,0.024
2024/01/01 22:38,0.021,-0.003,-0.017,0.038,-0.027,-0.038,0.024
2024/01/01 22:39,0.006,0.01,-0.028,0.047,0.024,-0.058,0.005
2024/01/01 22:40,0,0.02,-0.04,0.079,0.064,-0.047,0.005
2024/01/01 22:41,-0.006,0.015,-0.031,0.089,0.034,-0.087,0.015
2024/01/01 22:42,-0.003,0,-0.006,0.102,0.025,-0.117,0.035
2024/01/01 22:43,-0.009,-0.005,0.016,0.099,-0.035,-0.126,0.006
2024/01/01 22:44,0,-0.008,0.016,0.097,-0.065,-0.116,0.026
2024/01/01 22:45,0.006,-0.001,0.023,0.082,-0.044,-0.105,0.026
2024/01/01 22:46,0.015,0.015,0.011,0.074,-0.084,-0.075,0.036
2024/01/01 22:47,0.021,0.031,0.005,0.059,-0.074,-0.114,0.076
2024/01/01 22:48,0.024,0.041,-0.003,0.051,-0.103,-0.054,0.067
2024/01/01 22:49,0.027,0.038,-0.003,0.033,-0.113,-0.063,0.067
2024/01/01 22:50,0.026,0.027,-0.002,0.001,-0.083,-0.103,0.017
2024/01/01 22:51,0.014,0.003,0.01,-0.023,-0.083,-0.052,0.007
2024/01/01 22:52,0.008,-0.008,0.008,-0.053,-0.022,-0.062,-0.053
2024/01/01 22:53,0.004,-0.007,0.008,-0.062,-0.022,-0.011,-0.032
2024/01/01 22:54,-0.002,0.002,-0.001,-0.073,-0.022,0.049,-0.052
2024/01/01 22:55,-0.005,0.012,-0.016,-0.088,-0.001,0.11,-0.022
2024/01/01 22:56,-0.009,0.013,-0.024,-0.093,0.059,0.19,-0.012
2024/01/01 22:57,-0.003,0.008,-0.039,-0.093,0.059,0.181,-0.012
2024/01/01 22:58,0,0.005,-0.027,-0.092,0.07,0.152,-0.032
2024/01/01 22:59,-0.001,0.006,-0.017,-0.08,0.1,0.172,-0.021
2024/01/01 23:00,0.008,0.013,0.002,-0.061,0.12,0.143,-0.041
2024/01/01 23:01,0.014,0.016,0.027,-0.042,0.121,0.124,-0.001
2024/01/01 23:02,0.019,0.026,0.03,-0.015,0.131,0.124,-0.001
2024/01/01 23:03,0.022,0.027,0.033,0.001,0.101,0.025,0.009
2024/01/01 23:04,0.025,0.021,0.022,0.017,0.072,0.046,-0.01
2024/01/01 23:05,0.021,0.013,0.019,0.032,0.042,0.016,0.03
2024/01/01 23:06,0.015,-0.002,0.013,0.054,0.003,-0.003,0.03
2024/01/01 23:07,0.011,-0.01,0.019,0.072,0.023,0.008,0.04
2024/01/01 23:08,0.008,-0.019,0.023,0.079,-0.007,-0.021,0.04
2024/01/01 23:09,0.004,-0.021,0.029,0.091,0.004,-0.071,0.031
2024/01/01 23:10,0.01,-0.018,0.026,0.091,0.034,-0.07,0.001
2024/01/01 23:11,0.015,-0.014,0.012,0.097,0.004,-0.109,0.001
2024/01/01 23:12,0.018,0.002,-0.013,0.079,-0.025,-0.068,-0.059
2024/01/01 23:13,0.026,0.02,-0.037,0.07,-0.045,-0.108,-0.048
2024/01/01 23:14,0.032,0.033,-0.046,0.055,-0.054,-0.157,-0.048
2024/01/01 23:15,0.034,0.03,-0.042,0.037,-0.104,-0.106,-0.018
2024/01/01 23:16,0.04,0.016,-0.024,0.024,-0.103,-0.175,-0.007
2024/01/01 23:17,0.036,-0.008,0.013,0.006,-0.093,-0.124,0.013
2024/01/01 23:18,0.036,-0.029,0.04,-0.012,-0.092,-0.154,0.033
2024/01/01 23:19,0.035,-0.026,0.053,-0.022,-0.062,-0.103,0.034
2024/01/01 23:20,0.028,-0.007,0.053,-0.022,-0.061,-0.162,0.024
2024/01/01 23:21,0.028,0.002,0.026,-0.04,-0.041,-0.081,0.024
2024/01/01 23:22,0.012,0.009,-0.005,-0.05,-0.05,-0.08,0.025
2024/01/01 23:23,0.005,0.009,-0.035,-0.068,-0.03,0,0.035
2024/01/01 23:24,-0.005,0,-0.053,-0.066,-0.019,0.021,0.026
2024/01/01 23:25,-0.012,-0.015,-0.05,-0.057,-0.019,0.022,0.006
2024/01/01 23:26,-0.012,-0.021,-0.026,-0.051,-0.028,0.103,-0.014
2024/01/01 23:27,-0.016,-0.018,0.005,-0.052,-0.017,0.164,-0.003
2024/01/01 23:28,-0.011,-0.011,0.029,-0.043,0.053,0.195,0.007
2024/01/01 23:29,-0.005,-0.005,0.035,-0.037,0.064,0.175,0.008
2024/01/01 23:30,0,0.004,0.02,-0.044,0.054,0.226,0.028
2024/01/01 23:31,-0.007,0.004,-0.007,-0.038,0.035,0.157,-0.001
2024/01/01 23:32,-0.011,-0.002,-0.047,-0.03,0.006,0.108,-0.001
2024/01/01 23:33,-0.024,-0.002,-0.065,-0.009,0.056,0.069,-0.03
2024/01/01 23:34,-0.04,-0.008,-0.069,0.005,0.007,0.05,-0.05
2024/01/01 23:35,-0.059,-0.008,-0.053,0.014,0.018,0.05,-0.049
2024/01/01 23:36,-0.072,-0.011,-0.014,0.013,-0.011,0.021,-0.058
2024/01/01 23:37,-0.079,-0.002,0.032,0.022,-0.021,0.002,-0.058
2024/01/01 23:38,-0.07,0.007,0.053,0.024,-0.02,-0.037,-0.067
2024/01/01 23:39,-0.065,0.007,0.056,0.038,0.021,-0.066,-0.057
2024/01/01 23:40,-0.048,0.01,0.047,0.031,-0.029,-0.095,-0.066
2024/01/01 23:41,-0.033,0.007,0.019,0.034,-0.008,-0.115,-0.035
2024/01/01 23:42,-0.025,0.007,-0.018,0.042,0.053,-0.124,-0.005
2024/01/01 23:43,-0.026,0.001,-0.039,0.047,0.084,-0.153,0.046
2024/01/01 23:44,-0.036,-0.011,-0.049,0.028,0.105,-0.112,0.047
2024/01/01 23:45,-0.046,-0.027,-0.04,0.018,0.105,-0.121,0.047
2024/01/01 23:46,-0.059,-0.039,-0.012,0.008,0.076,-0.071,0.028
2024/01/01 23:47,-0.063,-0.052,0.027,0.004,0.027,-0.02,-0.001
2024/01/01 23:48,-0.07,-0.052,0.045,-0.015,0.028,-0.039,-0.01
2024/01/01 23:49,-0.068,-0.034,0.048,-0.025,0.009,0.072,-0.03
2024/01/01 23:50,-0.054,-0.012,0.02,-0.032,-0.04,0.073,0.001
2024/01/01 23:51,-0.04,-0.004,0.005,-0.036,-0.059,0.023,-0.008
2024/01/01 23:52,-0.029,-0.004,-0.044,-0.053,-0.069,0.024,0.023
2024/01/01 23:53,-0.017,-0.007,-0.078,-0.072,-0.068,0.045,0.013
2024/01/01 23:54,-0.025,-0.028,-0.078,-0.07,-0.057,0.006,0.024
2024/01/01 23:55,-0.029,-0.035,-0.066,-0.068,-0.036,0.007,0.025
2024/01/01 23:56,-0.039,-0.035,-0.033,-0.063,-0.025,-0.003,0.006
2024/01/01 23:57,-0.055,-0.023,0.007,-0.066,0.066,0.018,0.006
2024/01/01 23:58,-0.071,-0.011,0.043,-0.067,0.067,0.019,-0.013
2024/01/01 23:59,-0.088,-0.008,0.046,-0.062,0.098,0.03,-0.012
2024/01/02 0:00,-0.098,-0.011,0.024,-0.045,0.099,0.081,-0.001