Time (UTC),Toyama (m),Sado (m),Fukaura (m),Saigo (m),Rudnaya (m),Preobrazheniye (m),Sosunovo (m)
2024/01/01 00:00:00,0.075,0.031,0.006,0.058,-0.060,-0.009,0.010
2024/01/01 00:01:00,0.074,0.037,0.021,0.060,0.041,-0.048,0.000
2024/01/01 00:02:00,0.051,0.037,0.012,0.059,-0.068,-0.017,0.001
2024/01/01 00:03:00,0.038,0.006,0.021,0.055,0.022,0.004,0.002
2024/01/01 00:04:00,0.073,0.027,0.027,0.054,-0.037,-0.015,0.003
2024/01/01 00:05:00,0.072,0.040,0.036,0.056,-0.016,0.005,0.004
2024/01/01 00:06:00,0.068,0.045,0.029,0.062,-0.005,0.006,-0.016
2024/01/01 00:07:00,0.061,0.021,0.029,0.049,0.036,0.007,-0.005
2024/01/01 00:08:00,0.050,0.048,-0.001,0.051,-0.013,0.028,0.016
2024/01/01 00:09:00,0.058,0.015,0.011,0.035,0.048,0.009,-0.003
2024/01/01 00:10:00,0.054,-0.016,-0.004,0.046,-0.051,0.030,0.007
2024/01/01 00:11:00,0.032,0.008,-0.001,0.037,-0.010,0.040,0.028
2024/01/01 00:12:00,0.031,0.011,0.008,0.027,-0.059,0.031,0.009
2024/01/01 00:13:00,0.057,0.011,0.008,0.035,-0.018,0.042,0.000
2024/01/01 00:14:00,0.034,0.017,0.005,0.025,-0.027,0.013,0.000
2024/01/01 00:15:00,0.033,0.017,0.026,0.016,0.014,0.004,-0.009
2024/01/01 00:16:00,0.035,0.011,0.002,0.009,-0.005,0.015,0.002
2024/01/01 00:17:00,0.062,0.005,0.020,0.012,-0.005,0.025,0.013
2024/01/01 00:18:00,0.036,0.002,0.002,-0.004,-0.044,0.016,0.013
2024/01/01 00:19:00,0.008,0.018,-0.010,0.005,-0.083,0.027,-0.006
2024/01/01 00:20:00,0.043,0.015,-0.022,-0.011,-0.032,0.028,-0.005
2024/01/01 00:21:00,0.036,0.027,-0.007,-0.005,-0.031,0.039,-0.005
2024/01/01 00:22:00,0.035,-0.003,-0.016,-0.018,-0.020,0.020,-0.004
2024/01/01 00:23:00,0.022,-0.003,0.000,-0.021,0.001,0.011,0.017
2024/01/01 00:24:00,0.030,-0.015,0.015,-0.015,-0.068,0.001,0.017
2024/01/01 00:25:00,0.041,-0.021,-0.003,-0.013,0.003,0.002,0.018
2024/01/01 00:26:00,0.021,0.019,0.028,-0.016,-0.077,-0.027,-0.002
2024/01/01 00:27:00,0.008,0.007,-0.017,-0.016,-0.026,-0.026,-0.011
2024/01/01 00:28:00,0.026,0.022,-0.002,-0.022,0.015,-0.035,0.020
2024/01/01 00:29:00,0.013,0.004,-0.020,-0.019,0.006,-0.044,0.010
2024/01/01 00:30:00,-0.001,-0.008,0.002,-0.010,0.037,-0.033,0.011
2024/01/01 00:31:00,0.005,-0.007,0.005,-0.001,0.027,-0.062,0.011
2024/01/01 00:32:00,0.004,0.002,0.012,-0.001,0.068,-0.021,-0.008
2024/01/01 00:33:00,0.043,0.006,0.013,-0.007,0.009,-0.040,0.002
2024/01/01 00:34:00,0.020,0.015,-0.002,0.003,-0.020,-0.019,-0.007
2024/01/01 00:35:00,0.020,0.015,0.004,0.000,-0.009,0.002,-0.007
2024/01/01 00:36:00,0.010,-0.015,-0.029,0.003,0.001,-0.027,-0.006
2024/01/01 00:37:00,0.018,-0.014,-0.016,0.006,0.002,-0.026,-0.006
2024/01/01 00:38:00,0.005,-0.029,0.000,0.013,-0.037,-0.015,0.005
2024/01/01 00:39:00,-0.010,0.002,-0.012,0.004,-0.006,0.006,0.005
2024/01/01 00:40:00,-0.014,0.018,-0.002,0.001,-0.046,0.027,-0.005
2024/01/01 00:41:00,-0.015,0.018,-0.001,0.005,-0.025,0.008,-0.004
2024/01/01 00:42:00,-0.009,0.019,-0.003,0.008,0.026,-0.011,0.006
2024/01/01 00:43:00,-0.006,-0.002,0.013,0.006,0.046,0.010,-0.003
2024/01/01 00:44:00,0.002,-0.020,-0.017,0.012,0.067,0.021,0.007
2024/01/01 00:45:00,-0.001,-0.019,0.014,-0.012,0.048,0.022,-0.003
2024/01/01 00:46:00,0.005,-0.018,-0.016,-0.002,0.059,0.043,-0.012
2024/01/01 00:47:00,-0.020,-0.003,0.004,-0.010,0.059,0.014,-0.002
2024/01/01 00:48:00,-0.002,0.007,0.011,-0.003,0.040,0.025,-0.022
2024/01/01 00:49:00,-0.002,-0.001,0.002,-0.003,0.051,0.046,-0.001
2024/01/01 00:50:00,-0.015,-0.007,0.037,-0.008,0.011,0.037,-0.011
2024/01/01 00:51:00,-0.030,-0.006,-0.011,-0.001,0.002,0.038,-0.011
2024/01/01 00:52:00,-0.024,-0.018,0.011,-0.010,-0.038,0.029,-0.001
2024/01/01 00:53:00,-0.015,-0.005,-0.009,-0.015,0.033,0.000,-0.010
2024/01/01 00:54:00,-0.021,-0.001,-0.030,-0.014,-0.016,0.002,0.000
2024/01/01 00:55:00,-0.015,0.009,-0.017,0.005,-0.026,-0.007,0.000
2024/01/01 00:56:00,-0.014,-0.015,-0.034,-0.003,0.035,-0.006,0.000
2024/01/01 00:57:00,0.004,-0.005,0.010,-0.002,-0.024,-0.015,-0.009
2024/01/01 00:58:00,-0.017,0.011,-0.026,-0.004,0.056,-0.024,0.001
2024/01/01 00:59:00,0.002,0.000,0.015,-0.012,0.067,-0.053,0.001
2024/01/01 01:00:00,-0.001,-0.002,0.007,-0.002,-0.043,-0.042,0.001
2024/01/01 01:01:00,-0.007,-0.005,-0.014,0.002,-0.022,-0.031,0.002
2024/01/01 01:02:00,-0.031,-0.013,-0.012,0.006,-0.052,-0.040,0.002
2024/01/01 01:03:00,-0.021,-0.006,0.001,0.007,0.029,-0.029,0.002
2024/01/01 01:04:00,-0.011,-0.018,-0.016,-0.001,-0.020,-0.018,0.012
2024/01/01 01:05:00,-0.035,-0.017,-0.009,0.012,-0.010,-0.026,0.002
2024/01/01 01:06:00,-0.034,-0.007,0.004,0.001,-0.029,-0.015,-0.007
2024/01/01 01:07:00,-0.034,-0.012,-0.013,-0.007,0.021,-0.034,-0.007
2024/01/01 01:08:00,0.004,0.007,0.018,0.003,0.052,-0.023,0.003
2024/01/01 01:09:00,-0.020,-0.005,-0.011,0.022,-0.038,-0.032,-0.007
2024/01/01 01:10:00,-0.031,0.015,0.014,0.008,-0.047,-0.021,-0.007
2024/01/01 01:11:00,-0.009,0.003,-0.015,-0.009,-0.056,0.000,0.004
2024/01/01 01:12:00,0.019,-0.023,-0.008,0.004,0.064,-0.009,0.014
2024/01/01 01:13:00,-0.016,-0.053,-0.007,-0.004,0.015,0.002,0.034
2024/01/01 01:14:00,-0.027,-0.025,-0.006,0.007,-0.005,0.003,0.034
2024/01/01 01:15:00,-0.017,0.006,-0.004,-0.011,-0.034,0.004,0.025
2024/01/01 01:16:00,-0.031,0.004,-0.034,0.003,-0.024,0.015,0.005
2024/01/01 01:17:00,-0.027,0.008,0.025,0.001,-0.013,0.006,-0.005
2024/01/01 01:18:00,-0.035,0.000,-0.001,-0.008,-0.033,-0.013,-0.005
2024/01/01 01:19:00,-0.009,0.003,0.024,-0.010,-0.002,-0.002,-0.005
2024/01/01 01:20:00,-0.017,-0.005,0.004,-0.005,0.019,-0.021,0.006
2024/01/01 01:21:00,-0.004,-0.007,0.014,-0.008,0.009,-0.020,0.006
2024/01/01 01:22:00,-0.017,0.000,0.015,-0.010,0.020,0.001,-0.004
2024/01/01 01:23:00,0.011,-0.006,0.004,-0.015,0.090,-0.008,-0.004
2024/01/01 01:24:00,0.007,-0.011,-0.007,0.002,-0.009,-0.017,-0.023
2024/01/01 01:25:00,-0.016,-0.013,0.012,-0.019,-0.009,-0.006,-0.033
2024/01/01 01:26:00,-0.003,0.030,0.013,-0.003,-0.058,-0.005,-0.023
2024/01/01 01:27:00,-0.004,0.031,-0.001,-0.017,-0.047,-0.004,-0.002
2024/01/01 01:28:00,0.000,0.016,0.009,-0.010,0.033,0.007,-0.002
2024/01/01 01:29:00,-0.023,-0.010,0.007,-0.006,-0.036,0.128,0.008
2024/01/01 01:30:00,-0.009,-0.013,0.008,-0.020,-0.006,0.219,0.009
2024/01/01 01:31:00,-0.010,0.012,-0.006,-0.010,0.025,0.040,-0.001
2024/01/01 01:32:00,0.003,-0.002,-0.015,0.000,0.025,0.001,-0.011
2024/01/01 01:33:00,-0.013,0.026,-0.008,0.003,0.016,0.002,-0.010
2024/01/01 01:34:00,0.006,0.021,-0.013,-0.017,-0.033,-0.008,0.010
2024/01/01 01:35:00,0.014,0.012,-0.018,-0.007,-0.023,-0.007,0.000
2024/01/01 01:36:00,0.009,-0.002,0.016,-0.016,-0.002,-0.026,0.001
2024/01/01 01:37:00,0.005,-0.002,0.020,-0.003,-0.002,-0.015,0.001
2024/01/01 01:38:00,0.010,-0.010,0.015,-0.008,0.049,-0.014,-0.018
2024/01/01 01:39:00,0.002,-0.003,0.013,-0.001,-0.011,-0.024,0.002
2024/01/01 01:40:00,0.007,0.006,0.013,-0.004,0.000,-0.003,0.002
2024/01/01 01:41:00,0.002,0.016,-0.004,0.003,-0.009,-0.002,0.003
2024/01/01 01:42:00,-0.018,0.017,-0.003,-0.009,-0.009,-0.001,0.003
2024/01/01 01:43:00,0.002,0.011,-0.012,-0.002,0.052,-0.001,-0.016
2024/01/01 01:44:00,0.000,0.009,-0.005,0.002,0.002,0.000,0.004
2024/01/01 01:45:00,-0.007,-0.015,-0.001,-0.001,-0.017,0.001,0.005
2024/01/01 01:46:00,0.003,-0.005,0.015,0.012,-0.006,0.012,0.015
2024/01/01 01:47:00,0.002,-0.017,-0.009,0.006,-0.026,0.002,0.006
2024/01/01 01:48:00,0.024,-0.022,-0.011,0.013,-0.015,-0.007,0.016
2024/01/01 01:49:00,0.026,0.003,0.011,0.007,-0.045,0.004,0.007
2024/01/01 01:50:00,0.024,0.025,0.011,0.010,-0.034,0.004,-0.013
2024/01/01 01:51:00,0.016,0.010,-0.015,0.014,-0.004,0.005,0.018
2024/01/01 01:52:00,0.008,0.026,0.003,0.023,-0.033,0.005,-0.002
2024/01/01 01:53:00,0.007,-0.001,0.001,0.027,-0.012,0.006,0.009
2024/01/01 01:54:00,0.014,-0.022,-0.008,0.027,-0.022,0.007,-0.011
2024/01/01 01:55:00,0.012,-0.021,-0.004,0.018,-0.001,0.007,-0.020
2024/01/01 01:56:00,-0.011,-0.005,0.012,0.021,-0.011,0.008,-0.030
2024/01/01 01:57:00,-0.004,-0.005,0.015,0.009,0.010,0.018,-0.019
2024/01/01 01:58:00,0.012,0.002,0.019,0.013,0.071,0.009,-0.009
2024/01/01 01:59:00,0.001,0.018,0.007,0.016,0.011,-0.001,-0.008
2024/01/01 02:00:00,0.005,0.024,0.005,0.022,0.032,-0.010,0.012
2024/01/01 02:01:00,0.006,-0.003,0.002,0.013,0.012,-0.010,0.013
2024/01/01 02:02:00,0.025,0.001,-0.016,0.010,0.013,-0.009,0.013
2024/01/01 02:03:00,0.014,0.017,0.003,0.004,-0.007,-0.029,-0.006
2024/01/01 02:04:00,0.012,-0.001,-0.009,-0.005,0.014,-0.008,-0.016
2024/01/01 02:05:00,0.013,-0.016,-0.011,0.002,0.004,-0.008,-0.005
2024/01/01 02:06:00,0.016,-0.012,0.008,-0.001,-0.025,-0.017,0.015
2024/01/01 02:07:00,0.005,0.016,0.032,0.011,-0.034,-0.007,0.016
2024/01/01 02:08:00,-0.007,0.001,0.030,0.005,-0.014,-0.027,0.006
2024/01/01 02:09:00,0.012,0.002,-0.003,-0.007,0.047,-0.016,-0.013
2024/01/01 02:10:00,-0.009,0.020,-0.006,-0.010,0.017,-0.006,-0.003
2024/01/01 02:11:00,0.010,0.000,-0.009,0.002,-0.022,-0.005,0.008
2024/01/01 02:12:00,0.011,-0.012,-0.021,0.005,-0.022,-0.005,0.008
2024/01/01 02:13:00,0.023,0.001,-0.051,-0.001,0.039,-0.015,-0.001
2024/01/01 02:14:00,0.017,-0.011,-0.008,-0.001,0.029,-0.014,0.009
2024/01/01 02:15:00,0.024,-0.017,-0.004,-0.007,0.020,-0.004,0.010
2024/01/01 02:16:00,0.009,0.008,0.002,0.002,0.000,-0.013,0.000
2024/01/01 02:17:00,0.012,0.009,0.039,-0.001,0.011,-0.013,0.021
2024/01/01 02:18:00,0.009,0.015,0.018,0.005,0.031,-0.013,-0.029
2024/01/01 02:19:00,-0.006,0.025,0.010,0.005,0.022,0.018,-0.018
2024/01/01 02:20:00,0.010,0.010,-0.005,-0.013,0.022,0.008,0.002
2024/01/01 02:21:00,-0.015,-0.002,-0.023,-0.013,0.012,0.018,-0.017
2024/01/01 02:22:00,0.007,-0.016,-0.001,-0.004,-0.047,0.019,-0.007
2024/01/01 02:23:00,-0.006,-0.010,-0.035,-0.001,0.013,0.019,-0.006
2024/01/01 02:24:00,0.016,-0.009,0.005,-0.007,0.004,0.019,-0.006
2024/01/01 02:25:00,0.016,-0.003,0.015,-0.001,0.024,0.020,-0.006
2024/01/01 02:26:00,0.006,0.013,0.009,0.003,0.035,0.030,0.015
2024/01/01 02:27:00,0.003,0.019,0.022,-0.013,-0.015,0.030,-0.005
2024/01/01 02:28:00,0.021,-0.001,0.013,-0.022,0.015,0.021,0.006
2024/01/01 02:29:00,0.012,-0.019,0.007,-0.006,-0.004,0.021,-0.004
2024/01/01 02:30:00,-0.004,-0.013,-0.017,0.006,-0.044,-0.009,-0.034
2024/01/01 02:31:00,-0.004,-0.018,-0.028,0.009,0.006,-0.018,-0.013
2024/01/01 02:32:00,0.005,-0.015,-0.007,-0.003,-0.023,0.002,-0.013
2024/01/01 02:33:00,-0.004,-0.017,-0.003,-0.003,-0.053,0.022,0.007
2024/01/01 02:34:00,-0.008,-0.014,0.003,-0.003,0.007,0.013,-0.032
2024/01/01 02:35:00,-0.002,0.008,0.001,-0.009,-0.012,-0.007,-0.002
2024/01/01 02:36:00,0.007,0.030,-0.002,0.001,-0.022,0.023,-0.002
2024/01/01 02:37:00,0.004,0.015,-0.005,0.004,-0.012,0.024,0.008
2024/01/01 02:38:00,0.000,-0.003,-0.004,0.001,0.019,0.004,-0.001
2024/01/01 02:39:00,0.018,-0.015,-0.019,-0.002,-0.011,0.004,0.029
2024/01/01 02:40:00,0.009,-0.039,-0.009,-0.005,0.029,-0.005,0.019
2024/01/01 02:41:00,0.023,-0.035,-0.003,-0.013,0.040,-0.005,0.039
2024/01/01 02:42:00,0.005,-0.001,-0.005,-0.001,-0.010,-0.025,0.010
2024/01/01 02:43:00,-0.008,0.020,0.010,0.002,-0.010,-0.014,0.030
2024/01/01 02:44:00,-0.005,0.030,0.002,-0.010,-0.040,-0.014,0.030
2024/01/01 02:45:00,0.004,0.027,-0.001,0.000,-0.059,-0.054,0.010
2024/01/01 02:46:00,-0.024,-0.009,-0.006,-0.015,-0.009,-0.053,-0.020
2024/01/01 02:47:00,-0.034,-0.030,-0.006,-0.003,-0.059,-0.023,-0.009
2024/01/01 02:48:00,-0.003,-0.020,-0.005,0.001,0.011,-0.043,0.011
2024/01/01 02:49:00,0.002,-0.005,-0.014,-0.011,-0.018,-0.022,0.021
2024/01/01 02:50:00,-0.007,0.002,0.005,0.005,0.012,-0.022,0.011
2024/01/01 02:51:00,0.008,0.026,-0.004,0.005,-0.008,-0.012,0.011
2024/01/01 02:52:00,0.014,0.024,0.021,-0.010,0.022,0.019,0.001
2024/01/01 02:53:00,0.019,0.000,0.003,0.003,-0.027,-0.001,0.022
2024/01/01 02:54:00,0.004,-0.018,-0.005,0.000,-0.017,0.009,0.002
2024/01/01 02:55:00,-0.011,-0.006,0.026,-0.011,0.003,0.020,0.002
2024/01/01 02:56:00,-0.027,-0.021,-0.026,0.001,-0.007,0.010,0.012
2024/01/01 02:57:00,-0.024,0.004,0.011,-0.011,0.023,0.010,0.012
2024/01/01 02:58:00,-0.012,0.007,0.009,-0.004,0.033,0.031,0.022
2024/01/01 02:59:00,-0.042,0.010,-0.018,-0.003,0.014,0.021,0.012
2024/01/01 03:00:00,-0.015,0.020,0.025,0.006,-0.006,0.021,-0.008
2024/01/01 03:01:00,-0.009,0.002,-0.020,0.004,-0.006,0.002,-0.008
2024/01/01 03:02:00,0.000,0.002,0.011,-0.005,0.034,0.002,-0.018
2024/01/01 03:03:00,0.000,-0.013,-0.013,-0.017,-0.006,0.002,-0.017
2024/01/01 03:04:00,0.000,-0.013,-0.018,-0.001,0.024,0.013,-0.007
2024/01/01 03:05:00,-0.021,-0.006,-0.011,0.000,0.015,0.003,0.023
2024/01/01 03:06:00,-0.012,0.000,0.010,0.000,-0.025,-0.037,0.003
2024/01/01 03:07:00,-0.009,0.016,0.002,0.007,0.015,-0.006,0.003
2024/01/01 03:08:00,-0.039,0.016,0.002,0.008,0.005,-0.016,0.013
2024/01/01 03:09:00,-0.017,0.010,0.024,0.008,0.035,-0.036,0.003
2024/01/01 03:10:00,-0.023,-0.008,0.010,-0.004,0.025,-0.015,-0.017
2024/01/01 03:11:00,-0.011,-0.017,-0.005,0.000,0.005,-0.035,0.013
2024/01/01 03:12:00,-0.041,-0.002,-0.020,-0.002,0.026,-0.035,0.013
2024/01/01 03:13:00,-0.022,0.017,0.008,0.017,0.006,-0.035,0.023
2024/01/01 03:14:00,0.002,0.017,-0.006,0.005,0.016,-0.034,-0.007
2024/01/01 03:15:00,-0.006,0.014,0.000,0.005,0.036,-0.014,-0.007
2024/01/01 03:16:00,-0.015,-0.001,0.016,0.000,0.026,0.006,0.013
2024/01/01 03:17:00,-0.005,-0.022,-0.008,0.010,-0.004,0.017,0.003
2024/01/01 03:18:00,-0.002,-0.016,0.005,0.001,-0.004,0.007,-0.026
2024/01/01 03:19:00,-0.010,-0.004,-0.004,-0.017,-0.044,0.017,-0.026
2024/01/01 03:20:00,-0.001,0.015,-0.015,0.002,-0.013,0.007,-0.026
2024/01/01 03:21:00,0.003,0.033,0.004,-0.003,-0.013,0.018,-0.016
2024/01/01 03:22:00,-0.005,0.027,0.007,0.006,-0.043,0.008,-0.006
2024/01/01 03:23:00,-0.005,0.006,0.001,0.001,-0.023,0.038,-0.006
2024/01/01 03:24:00,-0.004,-0.006,0.005,-0.008,-0.003,0.038,-0.006
2024/01/01 03:25:00,-0.018,-0.024,-0.001,-0.017,0.027,0.029,-0.026
2024/01/01 03:26:00,-0.021,-0.018,0.009,-0.004,0.017,0.029,-0.016
2024/01/01 03:27:00,-0.020,-0.021,-0.003,-0.003,0.007,0.029,-0.016
2024/01/01 03:28:00,-0.013,0.003,0.004,-0.006,0.037,0.039,-0.006
2024/01/01 03:29:00,0.009,0.015,-0.008,0.004,-0.003,0.040,-0.016
2024/01/01 03:30:00,-0.005,0.019,0.005,-0.008,0.018,0.030,-0.006
2024/01/01 03:31:00,0.011,0.016,0.011,0.001,-0.032,0.020,-0.015
2024/01/01 03:32:00,0.009,0.001,0.012,-0.004,0.038,0.000,-0.025
2024/01/01 03:33:00,0.019,-0.012,0.000,-0.010,0.028,0.000,-0.025
2024/01/01 03:34:00,0.011,-0.021,-0.002,0.003,0.008,-0.009,-0.005
2024/01/01 03:35:00,-0.007,-0.018,0.007,-0.006,-0.032,-0.029,-0.015
2024/01/01 03:36:00,-0.009,-0.005,-0.005,0.000,-0.022,-0.029,-0.005
2024/01/01 03:37:00,0.004,0.028,0.029,0.004,-0.012,-0.039,0.005
2024/01/01 03:38:00,-0.004,0.013,-0.004,-0.002,-0.042,-0.029,-0.025
2024/01/01 03:39:00,-0.003,0.004,0.006,0.010,-0.002,-0.028,-0.015
2024/01/01 03:40:00,0.019,-0.014,0.015,0.008,-0.022,-0.038,-0.005
2024/01/01 03:41:00,0.017,-0.029,-0.021,0.002,-0.042,-0.028,-0.004
2024/01/01 03:42:00,0.024,-0.023,0.010,0.002,0.028,-0.038,-0.004
2024/01/01 03:43:00,0.040,0.007,-0.017,0.002,-0.012,-0.008,-0.014
2024/01/01 03:44:00,0.014,0.050,-0.002,0.021,-0.082,0.132,-0.004
2024/01/01 03:45:00,0.008,0.014,-0.008,0.021,-0.002,0.012,0.006
2024/01/01 03:46:00,0.022,-0.005,0.005,0.006,-0.012,0.042,-0.024
2024/01/01 03:47:00,0.013,-0.023,0.002,0.012,0.018,0.013,0.006
2024/01/01 03:48:00,-0.025,-0.026,0.018,0.006,0.038,0.003,-0.004
2024/01/01 03:49:00,0.003,-0.014,-0.003,0.009,-0.002,0.003,-0.003
2024/01/01 03:50:00,0.013,-0.001,0.003,0.000,0.018,0.013,-0.013
2024/01/01 03:51:00,0.023,-0.001,0.006,0.012,0.008,0.013,0.017
2024/01/01 03:52:00,-0.010,-0.001,0.007,0.012,0.008,0.013,0.007
2024/01/01 03:53:00,0.021,0.011,-0.002,0.000,-0.022,-0.027,0.017
2024/01/01 03:54:00,0.022,0.011,-0.008,0.000,-0.012,0.003,0.027
2024/01/01 03:55:00,0.023,0.008,-0.005,-0.015,-0.002,0.023,0.027
2024/01/01 03:56:00,-0.001,0.021,0.014,0.009,-0.012,0.023,0.017
2024/01/01 03:57:00,0.015,0.009,-0.023,-0.006,0.038,0.003,0.037
2024/01/01 03:58:00,0.022,-0.016,-0.013,-0.006,-0.043,0.003,0.027
2024/01/01 03:59:00,0.004,-0.016,0.002,0.003,-0.013,0.003,-0.002
2024/01/01 04:00:00,0.017,-0.013,-0.013,-0.022,-0.013,-0.027,-0.002
2024/01/01 04:01:00,0.026,0.018,-0.001,0.003,0.027,-0.037,0.008
2024/01/01 04:02:00,0.020,0.006,-0.010,0.005,-0.023,-0.027,0.028
2024/01/01 04:03:00,0.006,0.012,0.036,0.002,0.007,-0.027,0.018
2024/01/01 04:04:00,0.009,0.009,0.000,0.005,0.017,0.013,0.008
2024/01/01 04:05:00,-0.012,0.003,-0.012,-0.007,0.026,-0.007,0.008
2024/01/01 04:06:00,-0.012,-0.015,0.006,0.004,0.036,0.003,-0.002
2024/01/01 04:07:00,-0.020,-0.009,-0.015,0.007,-0.004,-0.007,-0.002
2024/01/01 04:08:00,-0.002,0.004,-0.021,0.010,-0.014,0.023,-0.002
2024/01/01 04:09:00,0.010,-0.008,-0.021,-0.003,0.006,0.013,0.028
2024/01/01 04:10:00,0.020,0.001,-0.009,0.012,0.025,0.003,-0.002
2024/01/01 04:11:00,0.008,-0.005,-0.009,0.015,0.005,-0.007,0.008
2024/01/01 04:12:00,0.023,0.010,0.007,0.006,-0.035,0.003,-0.002
2024/01/01 04:13:00,0.017,-0.002,-0.005,-0.004,-0.005,-0.007,-0.002
2024/01/01 04:14:00,-0.005,0.001,0.022,0.005,0.024,-0.007,-0.002
2024/01/01 04:15:00,-0.014,-0.005,0.007,0.017,0.014,-0.007,-0.002
2024/01/01 04:16:00,-0.005,-0.020,0.007,0.013,0.004,-0.007,0.008
2024/01/01 04:17:00,-0.017,-0.013,0.007,-0.002,-0.006,-0.027,0.008
2024/01/01 04:18:00,-0.023,-0.016,0.010,-0.006,-0.027,-0.007,0.018
2024/01/01 04:19:00,-0.024,0.005,0.004,0.012,0.033,-0.007,0.008
2024/01/01 04:20:00,0.001,0.005,-0.011,0.003,0.003,-0.027,0.008
2024/01/01 04:21:00,0.003,0.005,-0.008,-0.013,0.022,-0.027,-0.012
2024/01/01 04:22:00,-0.009,0.005,0.001,-0.007,-0.008,-0.007,-0.023
2024/01/01 04:23:00,-0.001,-0.007,-0.005,0.004,-0.018,-0.007,-0.013
2024/01/01 04:24:00,0.033,-0.013,-0.005,-0.005,0.021,-0.007,0.017
2024/01/01 04:25:00,0.014,-0.004,0.016,-0.009,0.011,0.002,0.017
2024/01/01 04:26:00,-0.002,-0.003,0.022,-0.018,0.010,0.012,0.017
2024/01/01 04:27:00,-0.008,0.018,-0.002,0.000,-0.030,0.002,-0.003
2024/01/01 04:28:00,0.018,0.003,0.004,-0.004,-0.010,-0.008,-0.023
2024/01/01 04:29:00,-0.006,-0.003,0.001,-0.023,-0.021,0.012,-0.024
2024/01/01 04:30:00,-0.013,-0.006,-0.021,-0.011,-0.021,-0.008,-0.004
2024/01/01 04:31:00,-0.011,-0.006,-0.017,-0.012,-0.022,0.012,0.006
2024/01/01 04:32:00,0.004,-0.009,-0.011,-0.006,0.018,0.002,-0.004
2024/01/01 04:33:00,-0.015,0.009,0.001,-0.018,-0.033,0.002,-0.004
2024/01/01 04:34:00,-0.004,0.024,-0.008,-0.022,-0.003,0.012,-0.015
2024/01/01 04:35:00,0.020,-0.003,0.013,-0.007,-0.033,0.012,-0.005
2024/01/01 04:36:00,0.001,0.000,0.010,-0.002,0.026,0.002,0.015
2024/01/01 04:37:00,0.003,0.000,0.019,-0.008,0.036,0.001,0.004
2024/01/01 04:38:00,0.027,-0.009,0.001,-0.012,0.015,0.011,0.024
2024/01/01 04:39:00,0.029,0.003,0.001,0.009,0.005,0.021,-0.006
2024/01/01 04:40:00,0.001,0.006,-0.003,-0.003,0.024,-0.009,-0.016
2024/01/01 04:41:00,-0.024,0.012,-0.018,0.008,0.024,0.011,0.013
2024/01/01 04:42:00,0.000,0.003,0.006,-0.001,0.003,0.001,0.013
2024/01/01 04:43:00,0.008,0.000,-0.003,-0.005,0.003,0.001,0.003
2024/01/01 04:44:00,-0.014,0.000,0.012,0.007,-0.008,-0.029,-0.018
2024/01/01 04:45:00,-0.027,0.003,0.003,0.019,0.012,-0.030,0.002
2024/01/01 04:46:00,-0.003,-0.007,0.012,0.003,0.002,-0.010,0.002
2024/01/01 04:47:00,0.014,0.002,-0.006,0.006,0.001,-0.010,-0.019
2024/01/01 04:48:00,0.004,0.005,-0.009,-0.001,0.031,0.000,-0.009
2024/01/01 04:49:00,0.003,0.008,-0.006,-0.001,-0.030,-0.040,-0.009
2024/01/01 04:50:00,0.021,0.011,-0.010,-0.010,0.010,-0.030,0.000
2024/01/01 04:51:00,0.032,0.002,0.003,-0.005,-0.021,0.010,0.020
2024/01/01 04:52:00,0.001,0.005,-0.001,-0.002,-0.001,-0.001,0.010
2024/01/01 04:53:00,-0.015,-0.020,0.002,0.010,-0.002,0.009,-0.001
2024/01/01 04:54:00,-0.009,0.004,0.017,-0.009,-0.012,-0.001,-0.021
2024/01/01 04:55:00,-0.016,-0.002,0.005,-0.006,-0.023,0.009,-0.022
2024/01/01 04:56:00,-0.017,0.010,0.002,-0.003,0.017,0.019,0.008
2024/01/01 04:57:00,-0.032,0.022,0.002,-0.010,-0.004,0.028,0.028
2024/01/01 04:58:00,-0.027,0.018,0.005,-0.007,-0.014,0.018,0.007
2024/01/01 04:59:00,-0.024,0.006,-0.005,-0.004,0.016,0.018,0.007
2024/01/01 05:00:00,-0.007,-0.019,-0.014,0.001,0.025,0.028,-0.004
2024/01/01 05:01:00,-0.007,-0.019,0.007,-0.002,0.015,0.027,0.006
2024/01/01 05:02:00,0.001,-0.010,-0.008,-0.002,0.014,0.017,-0.004
2024/01/01 05:03:00,-0.005,0.004,0.001,-0.018,0.004,0.027,-0.005
2024/01/01 05:04:00,-0.012,0.019,-0.024,0.006,-0.017,0.027,-0.015
2024/01/01 05:05:00,0.000,0.031,0.004,-0.006,-0.027,-0.004,-0.025
2024/01/01 05:06:00,-0.006,0.016,-0.012,-0.003,0.033,0.006,-0.016
2024/01/01 05:07:00,-0.007,-0.009,-0.006,-0.007,0.002,0.006,0.004
2024/01/01 05:08:00,-0.016,-0.025,-0.006,-0.007,0.012,-0.004,0.013
2024/01/01 05:09:00,-0.013,-0.016,-0.003,0.002,0.002,-0.005,-0.007
2024/01/01 05:10:00,-0.020,-0.017,0.000,-0.004,0.011,0.015,-0.007
2024/01/01 05:11:00,-0.017,0.004,-0.004,-0.005,0.001,0.005,-0.018
2024/01/01 05:12:00,-0.014,0.019,-0.010,0.001,0.001,-0.016,0.002
2024/01/01 05:13:00,0.001,0.019,0.014,0.010,-0.020,-0.036,0.012
2024/01/01 05:14:00,-0.005,0.018,0.008,0.007,-0.050,-0.036,0.011
2024/01/01 05:15:00,-0.008,-0.010,0.002,0.004,0.010,-0.007,-0.009
2024/01/01 05:16:00,0.001,-0.016,-0.008,0.016,-0.001,-0.057,-0.009
2024/01/01 05:17:00,0.001,-0.017,0.010,0.006,-0.001,-0.048,-0.010
2024/01/01 05:18:00,-0.002,-0.005,-0.002,0.021,-0.021,-0.048,0.000
2024/01/01 05:19:00,-0.005,0.001,-0.003,0.018,0.028,-0.018,0.000
2024/01/01 05:20:00,-0.014,0.000,0.015,0.012,-0.012,0.041,-0.011
2024/01/01 05:21:00,-0.002,0.009,0.021,0.030,0.008,-0.009,0.009
2024/01/01 05:22:00,-0.017,-0.001,0.018,0.008,0.008,0.010,-0.001
2024/01/01 05:23:00,-0.014,0.002,-0.019,0.014,-0.013,-0.020,-0.001
2024/01/01 05:24:00,-0.011,0.007,0.005,0.014,0.007,-0.011,0.008
2024/01/01 05:25:00,0.005,0.013,-0.023,0.011,0.007,0.029,-0.002
2024/01/01 05:26:00,-0.001,-0.012,-0.011,0.011,-0.003,0.018,-0.022
2024/01/01 05:27:00,-0.007,-0.012,-0.023,0.007,-0.014,0.028,-0.023
2024/01/01 05:28:00,-0.001,-0.025,-0.011,-0.002,-0.034,0.007,-0.023
2024/01/01 05:29:00,0.018,-0.007,0.013,0.004,-0.014,0.027,-0.003
2024/01/01 05:30:00,-0.015,0.020,-0.006,0.004,-0.034,0.026,-0.003
2024/01/01 05:31:00,-0.024,0.019,0.027,-0.003,-0.004,0.026,-0.003
2024/01/01 05:32:00,-0.006,0.013,0.015,0.000,-0.005,0.025,-0.004
2024/01/01 05:33:00,0.001,0.006,0.018,0.000,-0.015,0.025,0.006
2024/01/01 05:34:00,-0.020,-0.016,0.005,-0.009,-0.045,0.024,-0.004
2024/01/01 05:35:00,-0.011,-0.035,0.005,-0.009,-0.025,0.014,0.016
2024/01/01 05:36:00,0.011,-0.017,-0.002,0.003,0.005,0.013,0.006
2024/01/01 05:37:00,0.014,0.001,0.007,-0.007,0.025,0.003,0.005
2024/01/01 05:38:00,0.012,0.007,0.001,0.005,0.014,0.012,-0.005
2024/01/01 05:39:00,0.012,0.003,0.012,-0.016,0.004,0.001,-0.005
2024/01/01 05:40:00,0.018,0.003,0.024,0.002,0.024,0.001,-0.005
2024/01/01 05:41:00,0.010,0.012,0.000,0.001,0.044,0.020,-0.005
2024/01/01 05:42:00,0.001,-0.013,-0.010,-0.014,0.064,-0.020,-0.015
2024/01/01 05:43:00,0.019,-0.023,0.005,-0.002,0.004,-0.021,-0.006
2024/01/01 05:44:00,-0.008,-0.029,-0.020,-0.012,0.004,-0.031,-0.006
2024/01/01 05:45:00,-0.007,-0.017,-0.026,-0.009,-0.057,-0.032,0.024
2024/01/01 05:46:00,0.008,0.003,-0.002,-0.006,-0.037,-0.013,0.014
2024/01/01 05:47:00,0.014,0.006,0.006,0.000,-0.007,-0.033,0.024
2024/01/01 05:48:00,0.005,0.012,0.012,-0.006,-0.027,-0.014,-0.006
2024/01/01 05:49:00,0.003,-0.004,0.006,0.008,-0.017,-0.015,-0.016
2024/01/01 05:50:00,0.033,0.008,0.002,-0.010,0.023,-0.015,0.014
2024/01/01 05:51:00,0.018,-0.001,0.008,-0.010,0.002,-0.006,0.003
2024/01/01 05:52:00,0.003,-0.014,-0.020,0.008,0.012,0.024,0.023
2024/01/01 05:53:00,0.012,-0.017,-0.008,-0.005,0.012,0.003,0.003
2024/01/01 05:54:00,0.019,-0.005,0.022,0.010,0.052,0.012,0.003
2024/01/01 05:55:00,-0.006,0.013,0.006,0.007,0.062,0.012,0.023
2024/01/01 05:56:00,0.000,0.012,0.012,0.000,0.062,0.011,0.003
2024/01/01 05:57:00,0.016,0.003,0.024,0.015,0.001,0.021,0.003
2024/01/01 05:58:00,0.019,-0.007,-0.001,0.000,0.001,0.010,0.013
2024/01/01 05:59:00,0.009,-0.022,0.008,-0.019,0.001,0.019,0.003
2024/01/01 06:00:00,0.006,-0.013,-0.017,0.005,0.011,0.009,0.022
2024/01/01 06:01:00,0.027,0.008,-0.020,0.002,-0.010,0.008,0.022
2024/01/01 06:02:00,0.021,0.008,-0.006,0.001,-0.030,0.017,0.022
2024/01/01 06:03:00,0.006,0.010,-0.009,-0.008,-0.010,0.017,0.022
2024/01/01 06:04:00,0.005,0.001,-0.012,0.004,0.000,0.006,0.012
2024/01/01 06:05:00,0.011,-0.030,0.006,-0.006,-0.011,-0.004,0.012
2024/01/01 06:06:00,0.008,-0.006,0.002,-0.006,-0.011,-0.015,0.002
2024/01/01 06:07:00,-0.002,0.021,0.005,-0.010,-0.021,0.005,0.002
2024/01/01 06:08:00,-0.014,0.012,-0.008,-0.016,0.019,-0.006,-0.009
2024/01/01 06:09:00,0.003,0.012,-0.002,0.002,0.008,-0.007,-0.019
2024/01/01 06:10:00,0.003,0.005,0.001,0.001,0.008,-0.037,0.001
2024/01/01 06:11:00,-0.007,0.002,-0.006,0.007,-0.012,-0.018,0.001
2024/01/01 06:12:00,-0.010,-0.016,0.000,-0.002,-0.003,-0.048,-0.009
2024/01/01 06:13:00,0.032,-0.007,0.005,0.009,-0.003,-0.039,0.001
2024/01/01 06:14:00,0.013,0.007,0.002,-0.003,-0.004,-0.039,0.000
2024/01/01 06:15:00,0.006,0.016,-0.001,0.003,-0.004,-0.040,0.000
2024/01/01 06:16:00,0.017,0.019,0.007,0.002,-0.034,-0.010,-0.010
2024/01/01 06:17:00,0.014,0.016,-0.008,0.011,-0.035,-0.031,0.020
2024/01/01 06:18:00,0.013,0.009,0.001,0.007,0.005,-0.001,-0.010
2024/01/01 06:19:00,0.000,0.000,0.000,0.004,0.014,-0.002,-0.011
2024/01/01 06:20:00,-0.001,-0.013,0.006,-0.006,0.004,-0.002,-0.031
2024/01/01 06:21:00,-0.008,-0.001,-0.010,0.006,-0.017,-0.003,-0.011
2024/01/01 06:22:00,-0.006,0.008,-0.007,0.006,-0.007,-0.003,-0.021
2024/01/01 06:23:00,-0.007,-0.016,-0.001,-0.010,-0.018,-0.004,-0.012
2024/01/01 06:24:00,-0.008,0.017,-0.011,0.005,0.002,-0.004,0.008
2024/01/01 06:25:00,0.006,0.016,-0.017,0.002,-0.019,0.026,-0.002
2024/01/01 06:26:00,0.017,-0.002,-0.008,0.010,0.011,-0.005,0.008
2024/01/01 06:27:00,0.025,-0.003,0.000,-0.011,0.000,0.025,-0.013
2024/01/01 06:28:00,0.024,-0.012,-0.003,0.006,0.000,0.024,0.007
2024/01/01 06:29:00,0.020,-0.013,-0.016,0.000,-0.011,0.014,-0.003
2024/01/01 06:30:00,-0.003,-0.007,-0.007,0.009,-0.011,0.014,-0.004
2024/01/01 06:31:00,-0.001,0.026,-0.001,-0.001,-0.012,0.013,-0.004
2024/01/01 06:32:00,-0.014,0.007,-0.002,0.011,-0.003,0.023,0.016
2024/01/01 06:33:00,-0.006,0.007,-0.008,0.008,-0.013,0.022,0.016
2024/01/01 06:34:00,-0.013,-0.006,-0.002,-0.008,0.006,0.012,0.005
2024/01/01 06:35:00,-0.005,-0.006,0.003,0.004,0.005,0.012,-0.015
2024/01/01 06:36:00,-0.007,-0.007,0.012,0.006,0.025,0.011,-0.015
2024/01/01 06:37:00,0.017,0.017,-0.004,0.003,0.014,0.011,-0.026
2024/01/01 06:38:00,0.012,0.022,0.008,-0.016,-0.007,0.011,-0.016
2024/01/01 06:39:00,0.023,0.013,0.005,-0.016,-0.007,0.000,-0.007
2024/01/01 06:40:00,0.016,0.009,-0.008,0.002,0.002,-0.010,0.003
2024/01/01 06:41:00,0.003,0.002,-0.011,0.001,-0.009,-0.010,0.003
2024/01/01 06:42:00,-0.005,-0.008,0.010,-0.014,0.021,-0.011,-0.008
2024/01/01 06:43:00,0.010,-0.005,0.006,-0.027,0.010,-0.011,0.002
2024/01/01 06:44:00,-0.025,0.012,0.018,-0.018,0.009,-0.021,0.002
2024/01/01 06:45:00,-0.017,0.008,-0.004,-0.003,0.028,-0.002,-0.019
2024/01/01 06:46:00,-0.009,0.035,-0.001,-0.013,0.008,-0.012,0.011
2024/01/01 06:47:00,-0.004,0.031,-0.008,-0.019,-0.003,-0.012,0.000
2024/01/01 06:48:00,0.007,0.030,-0.011,-0.010,-0.004,-0.003,0.010
2024/01/01 06:49:00,0.015,-0.019,-0.012,0.011,0.035,0.007,0.010
2024/01/01 06:50:00,0.026,-0.008,-0.006,-0.005,0.035,-0.003,0.009
2024/01/01 06:51:00,0.010,-0.012,0.011,-0.008,-0.016,-0.004,0.009
2024/01/01 06:52:00,0.018,-0.004,0.020,-0.008,0.033,-0.014,0.019
2024/01/01 06:53:00,0.008,0.014,0.007,0.007,-0.018,0.006,0.008
2024/01/01 06:54:00,0.010,0.028,0.013,0.003,0.011,-0.005,-0.002
2024/01/01 06:55:00,-0.006,0.030,0.000,0.009,0.031,0.005,0.007
2024/01/01 06:56:00,-0.009,-0.014,-0.013,0.000,-0.010,-0.006,0.007
2024/01/01 06:57:00,0.002,-0.015,-0.001,0.002,0.009,-0.006,-0.003
2024/01/01 06:58:00,-0.002,-0.025,-0.004,-0.007,-0.032,0.024,0.006
2024/01/01 06:59:00,-0.002,-0.026,0.004,-0.004,0.067,0.003,0.006
2024/01/01 07:00:00,0.000,-0.009,0.019,0.011,0.017,0.023,0.005
2024/01/01 07:01:00,0.018,0.017,0.018,-0.002,0.006,0.012,0.005
2024/01/01 07:02:00,0.002,0.007,0.018,0.010,-0.015,0.012,-0.015
2024/01/01 07:03:00,0.005,-0.009,0.005,-0.006,-0.006,0.031,-0.006
2024/01/01 07:04:00,-0.002,-0.007,0.001,0.003,-0.027,0.021,0.004
2024/01/01 07:05:00,0.007,-0.027,-0.006,-0.003,0.003,0.011,0.004
2024/01/01 07:06:00,0.004,-0.013,-0.013,0.006,0.002,0.010,0.003
2024/01/01 07:07:00,-0.012,-0.008,-0.016,0.015,-0.029,0.019,0.003
2024/01/01 07:08:00,-0.015,0.006,0.008,0.008,0.000,-0.001,0.003
2024/01/01 07:09:00,-0.012,0.008,0.016,0.008,-0.040,0.008,-0.008
2024/01/01 07:10:00,-0.012,-0.024,0.018,0.002,-0.021,0.018,-0.008
2024/01/01 07:11:00,-0.046,-0.022,0.018,0.002,-0.012,-0.013,-0.008
2024/01/01 07:12:00,-0.006,-0.029,0.023,0.020,0.007,-0.003,0.001
2024/01/01 07:13:00,-0.113,-0.006,0.010,0.004,0.026,-0.004,-0.009
2024/01/01 07:14:00,-0.363,0.008,-0.006,0.010,0.026,-0.005,0.001
2024/01/01 07:15:00,-0.500,0.010,-0.010,0.013,0.005,-0.005,-0.009
2024/01/01 07:16:00,-0.457,0.005,-0.026,0.007,-0.036,-0.006,-0.020
2024/01/01 07:17:00,-0.414,-0.017,-0.008,0.000,-0.006,-0.007,0.000
2024/01/01 07:18:00,-0.234,-0.043,-0.015,-0.006,0.013,-0.018,0.000
2024/01/01 07:19:00,-0.111,-0.035,0.006,-0.009,-0.008,0.012,0.000
2024/01/01 07:20:00,0.041,0.004,0.011,0.018,-0.039,0.021,-0.001
2024/01/01 07:21:00,0.197,-0.010,0.013,0.011,-0.019,0.020,-0.001
2024/01/01 07:22:00,0.362,0.001,0.012,-0.016,-0.020,0.039,-0.021
2024/01/01 07:23:00,0.390,-0.006,0.008,-0.004,-0.011,0.038,-0.001
2024/01/01 07:24:00,0.220,-0.017,0.002,0.005,-0.031,-0.013,-0.011
2024/01/01 07:25:00,0.084,-0.024,-0.008,0.008,-0.032,0.007,-0.012
2024/01/01 07:26:00,-0.144,-0.031,-0.006,-0.011,-0.023,0.036,-0.012
2024/01/01 07:27:00,-0.344,-0.002,-0.010,0.001,-0.013,-0.015,-0.002
2024/01/01 07:28:00,-0.389,0.010,0.001,0.010,0.016,0.004,-0.002
2024/01/01 07:29:00,-0.282,-0.013,0.013,0.028,-0.035,-0.017,-0.002
2024/01/01 07:30:00,-0.190,-0.035,0.003,-0.003,-0.015,-0.018,-0.002
2024/01/01 07:31:00,-0.040,-0.024,-0.004,-0.003,0.024,-0.039,-0.002
2024/01/01 07:32:00,0.172,-0.019,0.004,0.012,0.013,-0.030,-0.003
2024/01/01 07:33:00,0.401,0.005,0.000,0.003,0.023,-0.032,-0.003
2024/01/01 07:34:00,0.655,0.055,-0.013,0.006,0.022,-0.013,-0.003
2024/01/01 07:35:00,0.784,0.088,-0.007,-0.001,-0.008,-0.044,-0.003
2024/01/01 07:36:00,0.651,0.069,-0.011,0.020,-0.039,-0.025,0.007
2024/01/01 07:37:00,0.560,0.004,-0.012,-0.004,0.000,-0.016,-0.003
2024/01/01 07:38:00,0.537,-0.045,-0.013,-0.007,-0.010,-0.017,-0.003
2024/01/01 07:39:00,0.294,-0.064,-0.011,-0.017,-0.001,-0.009,-0.003
2024/01/01 07:40:00,-0.043,-0.068,0.004,0.007,0.019,0.000,-0.003
2024/01/01 07:41:00,-0.313,-0.035,0.003,0.004,0.008,0.019,0.017
2024/01/01 07:42:00,-0.334,0.031,-0.007,0.007,0.028,0.058,0.027
2024/01/01 07:43:00,-0.217,0.083,0.008,-0.005,0.007,-0.014,0.006
2024/01/01 07:44:00,-0.186,0.091,0.001,-0.009,0.007,0.015,0.016
2024/01/01 07:45:00,-0.185,0.063,-0.006,0.009,0.016,-0.006,0.006
2024/01/01 07:46:00,-0.004,-0.007,-0.010,-0.021,0.015,0.012,-0.004
2024/01/01 07:47:00,0.229,-0.059,-0.004,0.000,0.065,-0.039,-0.004
2024/01/01 07:48:00,0.385,-0.060,-0.005,0.000,0.064,0.010,-0.004
2024/01/01 07:49:00,0.261,-0.011,-0.012,0.002,0.024,0.018,0.016
2024/01/01 07:50:00,0.000,0.050,-0.013,-0.016,0.013,-0.013,-0.004
2024/01/01 07:51:00,-0.228,0.120,-0.013,-0.004,0.013,-0.015,0.006
2024/01/01 07:52:00,-0.361,0.132,-0.008,-0.016,0.032,-0.016,-0.004
2024/01/01 07:53:00,-0.385,0.116,-0.014,-0.023,0.022,0.003,-0.004
2024/01/01 07:54:00,-0.283,0.068,-0.009,-0.020,-0.009,0.001,0.006
2024/01/01 07:55:00,-0.161,-0.039,-0.010,-0.014,-0.019,0.000,0.006
2024/01/01 07:56:00,-0.133,-0.143,-0.004,-0.002,0.011,-0.002,0.016
2024/01/01 07:57:00,-0.077,-0.176,0.002,-0.014,-0.020,-0.003,0.026
2024/01/01 07:58:00,0.039,-0.124,-0.002,-0.033,-0.010,-0.025,0.025
2024/01/01 07:59:00,0.016,-0.054,-0.009,-0.015,-0.011,-0.026,0.035
2024/01/01 08:00:00,-0.145,0.050,-0.012,-0.006,-0.031,-0.037,0.015
2024/01/01 08:01:00,-0.270,0.121,-0.013,-0.006,-0.002,-0.049,0.005
2024/01/01 08:02:00,-0.150,0.109,-0.016,0.003,-0.002,-0.050,0.005
2024/01/01 08:03:00,-0.031,0.012,0.017,-0.010,-0.013,-0.042,0.005
2024/01/01 08:04:00,0.103,-0.107,0.029,0.008,-0.023,-0.053,0.005
2024/01/01 08:05:00,0.244,-0.158,0.056,0.005,-0.004,-0.055,-0.005
2024/01/01 08:06:00,0.436,-0.112,0.065,0.002,-0.034,0.014,-0.006
2024/01/01 08:07:00,0.540,0.002,0.058,-0.004,-0.015,-0.047,-0.006
2024/01/01 08:08:00,0.415,0.118,0.037,0.017,-0.025,-0.019,-0.006
2024/01/01 08:09:00,0.195,0.192,0.018,0.014,-0.035,-0.010,-0.006
2024/01/01 08:10:00,-0.051,0.150,-0.021,0.007,-0.006,-0.021,0.004
2024/01/01 08:11:00,-0.274,0.047,-0.025,-0.005,-0.016,-0.003,0.003
2024/01/01 08:12:00,-0.423,-0.065,-0.003,0.001,-0.027,-0.004,-0.007
2024/01/01 08:13:00,-0.457,-0.122,0.003,0.007,0.003,-0.005,-0.007
2024/01/01 08:14:00,-0.317,-0.139,0.012,0.000,-0.008,0.123,-0.007
2024/01/01 08:15:00,-0.098,-0.126,0.027,-0.006,0.012,0.012,-0.008
2024/01/01 08:16:00,0.051,-0.064,0.011,0.000,0.001,0.001,0.002
2024/01/01 08:17:00,0.206,0.007,-0.010,-0.012,0.061,0.000,-0.008
2024/01/01 08:18:00,0.315,0.065,-0.043,0.000,0.011,-0.011,0.001
2024/01/01 08:19:00,0.272,0.085,-0.065,0.003,0.000,0.207,-0.009
2024/01/01 08:20:00,0.073,0.061,-0.074,-0.016,0.020,0.236,0.001
2024/01/01 08:21:00,-0.180,0.044,-0.043,-0.010,-0.001,0.135,-0.010
2024/01/01 08:22:00,-0.416,0.021,-0.013,0.002,0.019,0.034,-0.010
2024/01/01 08:23:00,-0.523,-0.021,0.027,0.011,-0.002,0.023,-0.010
2024/01/01 08:24:00,-0.418,-0.069,0.040,0.008,0.008,0.042,-0.011
2024/01/01 08:25:00,-0.245,-0.049,0.049,-0.007,-0.032,0.001,-0.011
2024/01/01 08:26:00,-0.050,-0.015,0.046,0.017,-0.003,0.010,-0.012
2024/01/01 08:27:00,0.131,0.004,0.001,0.020,-0.023,0.019,-0.012
2024/01/01 08:28:00,0.368,0.009,-0.051,0.032,-0.014,-0.021,-0.013
2024/01/01 08:29:00,0.586,0.089,-0.072,0.050,-0.024,-0.032,-0.003
2024/01/01 08:30:00,0.540,0.169,-0.069,0.068,-0.054,-0.023,-0.004
2024/01/01 08:31:00,0.298,0.143,-0.071,0.059,0.025,-0.034,-0.004
2024/01/01 08:32:00,0.098,0.046,-0.044,0.034,0.015,-0.034,-0.005
2024/01/01 08:33:00,-0.125,-0.139,0.015,0.022,0.054,-0.065,-0.015
2024/01/01 08:34:00,-0.367,-0.235,0.079,0.007,0.004,-0.036,-0.006
2024/01/01 08:35:00,-0.558,-0.204,0.098,0.022,0.024,-0.016,0.014
2024/01/01 08:36:00,-0.562,-0.087,0.083,0.016,0.013,-0.027,0.013
2024/01/01 08:37:00,-0.368,0.118,0.080,0.009,0.013,0.003,-0.008
2024/01/01 08:38:00,-0.132,0.289,0.041,-0.049,-0.018,0.042,0.002
2024/01/01 08:39:00,0.055,0.327,-0.031,-0.128,-0.018,0.042,0.011
2024/01/01 08:40:00,0.267,0.215,-0.089,-0.140,-0.018,0.041,0.011
2024/01/01 08:41:00,0.424,-0.040,-0.058,-0.021,0.021,0.041,-0.010
2024/01/01 08:42:00,0.493,-0.259,-0.018,0.082,-0.029,0.021,0.009
2024/01/01 08:43:00,0.440,-0.289,0.056,0.042,-0.029,0.040,-0.001
2024/01/01 08:44:00,0.319,-0.123,0.163,0.006,0.000,0.040,0.018
2024/01/01 08:45:00,0.171,0.103,0.267,0.015,-0.040,0.020,0.017
2024/01/01 08:46:00,0.045,0.256,0.201,0.003,-0.020,0.030,0.007
2024/01/01 08:47:00,-0.088,0.244,0.018,-0.083,0.000,0.000,0.006
2024/01/01 08:48:00,-0.193,0.034,-0.133,-0.162,0.059,-0.010,-0.005
2024/01/01 08:49:00,-0.292,-0.179,-0.239,0.109,0.099,-0.030,-0.006
2024/01/01 08:50:00,-0.315,-0.233,-0.367,0.274,0.089,-0.050,0.004
2024/01/01 08:51:00,-0.310,-0.166,-0.348,0.130,0.068,-0.070,0.003
2024/01/01 08:52:00,-0.263,-0.089,-0.128,-0.071,0.048,-0.110,0.002
2024/01/01 08:53:00,-0.173,0.063,0.168,-0.132,0.068,-0.110,0.012
2024/01/01 08:54:00,-0.074,0.173,0.306,0.027,0.078,-0.110,-0.009
2024/01/01 08:55:00,0.034,0.155,0.343,0.048,0.067,-0.050,0.010
2024/01/01 08:56:00,0.167,0.043,0.282,-0.077,-0.013,-0.049,0.019
2024/01/01 08:57:00,0.272,-0.061,0.073,-0.059,-0.073,-0.039,-0.001
2024/01/01 08:58:00,0.365,-0.140,-0.162,0.048,-0.093,0.011,0.008
2024/01/01 08:59:00,0.376,-0.150,-0.323,0.002,-0.043,0.032,-0.003
2024/01/01 09:00:00,0.280,-0.080,-0.383,-0.117,0.037,0.032,-0.004
2024/01/01 09:01:00,0.169,0.067,-0.261,-0.147,0.016,0.102,-0.014
2024/01/01 09:02:00,0.037,0.158,-0.032,0.011,-0.044,0.013,-0.015
2024/01/01 09:03:00,-0.126,0.151,0.219,0.115,-0.074,0.013,-0.006
2024/01/01 09:04:00,-0.307,0.087,0.350,0.038,-0.064,0.014,-0.016
2024/01/01 09:05:00,-0.436,-0.045,0.338,-0.077,-0.034,-0.006,0.003
2024/01/01 09:06:00,-0.447,-0.182,0.205,-0.157,-0.054,0.005,-0.018
2024/01/01 09:07:00,-0.353,-0.235,-0.030,-0.141,-0.034,0.045,-0.008
2024/01/01 09:08:00,-0.223,-0.214,-0.224,-0.035,-0.034,0.056,-0.009
2024/01/01 09:09:00,-0.090,-0.117,-0.355,0.002,-0.024,-0.004,0.000
2024/01/01 09:10:00,0.095,0.047,-0.334,0.048,0.016,-0.073,-0.020
2024/01/01 09:11:00,0.240,0.156,-0.166,0.096,0.045,-0.082,-0.031
2024/01/01 09:12:00,0.322,0.125,0.027,0.105,0.045,-0.012,-0.002
2024/01/01 09:13:00,0.312,-0.016,0.182,-0.001,0.015,-0.031,-0.002
2024/01/01 09:14:00,0.241,-0.127,0.204,-0.157,-0.035,-0.080,-0.003
2024/01/01 09:15:00,0.118,-0.143,0.112,-0.166,-0.065,-0.020,-0.003
2024/01/01 09:16:00,-0.047,-0.083,-0.018,-0.044,0.005,-0.019,-0.004
2024/01/01 09:17:00,-0.219,0.022,-0.119,0.069,0.016,-0.058,-0.015
2024/01/01 09:18:00,-0.317,0.104,-0.186,0.059,-0.044,-0.068,0.015
2024/01/01 09:19:00,-0.308,0.087,-0.128,0.072,-0.044,-0.037,0.034
2024/01/01 09:20:00,-0.208,-0.024,0.040,0.151,0.016,-0.006,0.044
2024/01/01 09:21:00,-0.080,-0.119,0.226,0.136,0.086,0.025,0.023
2024/01/01 09:22:00,0.050,-0.142,0.287,0.004,0.036,0.015,0.013
2024/01/01 09:23:00,0.172,-0.095,0.232,-0.124,0.006,0.016,-0.008
2024/01/01 09:24:00,0.293,0.008,0.128,-0.051,-0.044,-0.003,-0.008
2024/01/01 09:25:00,0.324,0.122,-0.025,0.135,0.096,0.077,0.022
2024/01/01 09:26:00,0.269,0.179,-0.165,0.151,0.106,0.058,0.001
2024/01/01 09:27:00,0.214,0.178,-0.241,0.093,0.046,0.029,0.011
2024/01/01 09:28:00,0.134,0.130,-0.190,0.089,-0.074,0.030,-0.010
2024/01/01 09:29:00,0.037,0.068,-0.047,-0.002,-0.153,-0.010,-0.020
2024/01/01 09:30:00,-0.082,0.006,0.084,-0.039,-0.243,0.051,-0.010
2024/01/01 09:31:00,-0.152,-0.032,0.181,-0.051,-0.323,0.062,-0.001
2024/01/01 09:32:00,-0.177,-0.022,0.172,-0.057,-0.143,0.102,0.009
2024/01/01 09:33:00,-0.165,0.023,0.080,0.041,0.037,0.043,-0.001
2024/01/01 09:34:00,-0.088,0.052,-0.033,0.013,0.177,0.003,-0.001
2024/01/01 09:35:00,-0.006,0.044,-0.137,0.080,0.227,-0.016,-0.012
2024/01/01 09:36:00,0.110,0.024,-0.235,0.031,0.167,-0.005,-0.002
2024/01/01 09:37:00,0.193,-0.032,-0.232,-0.124,0.058,0.025,-0.002
2024/01/01 09:38:00,0.236,-0.098,-0.090,-0.112,0.078,-0.014,-0.002
2024/01/01 09:39:00,0.209,-0.117,0.062,-0.036,0.008,-0.044,-0.013
2024/01/01 09:40:00,0.178,-0.024,0.144,0.049,-0.042,-0.043,-0.003
2024/01/01 09:41:00,0.090,0.053,0.205,0.058,-0.082,0.027,0.017
2024/01/01 09:42:00,-0.040,0.055,0.186,0.034,-0.012,0.018,0.047
2024/01/01 09:43:00,-0.165,0.102,0.081,0.076,-0.012,-0.052,0.017
2024/01/01 09:44:00,-0.238,0.104,-0.001,0.079,0.158,-0.012,-0.033
2024/01/01 09:45:00,-0.280,0.091,-0.042,-0.064,0.019,-0.041,-0.053
2024/01/01 09:46:00,-0.268,0.074,-0.042,-0.140,0.009,-0.091,-0.063
2024/01/01 09:47:00,-0.219,0.100,-0.025,-0.137,-0.021,-0.091,-0.003
2024/01/01 09:48:00,-0.111,0.081,0.020,-0.082,0.059,0.040,0.117
2024/01/01 09:49:00,-0.016,0.012,0.038,0.009,0.109,0.040,0.126
2024/01/01 09:50:00,0.048,-0.077,0.001,0.061,0.099,0.040,0.016
2024/01/01 09:51:00,0.097,-0.149,-0.073,0.088,0.009,0.040,-0.084
2024/01/01 09:52:00,0.128,-0.162,-0.132,0.052,-0.111,0.041,-0.114
2024/01/01 09:53:00,0.162,-0.102,-0.139,-0.016,-0.071,0.031,-0.054
2024/01/01 09:54:00,0.147,0.022,-0.097,-0.089,-0.081,0.131,0.016
2024/01/01 09:55:00,0.135,0.131,-0.034,-0.055,-0.021,0.181,0.016
2024/01/01 09:56:00,0.108,0.142,0.008,-0.031,-0.091,0.191,-0.004
2024/01/01 09:57:00,0.133,0.047,0.059,0.021,-0.181,0.131,-0.033
2024/01/01 09:58:00,0.152,-0.079,0.101,0.131,-0.251,0.111,-0.033
2024/01/01 09:59:00,0.140,-0.156,0.082,0.134,-0.151,0.071,0.077
2024/01/01 10:00:00,0.076,-0.175,0.066,0.042,-0.011,0.081,0.117
2024/01/01 10:01:00,0.009,-0.133,0.111,-0.080,0.119,0.041,0.047
2024/01/01 10:02:00,-0.057,0.021,0.174,-0.135,0.119,-0.079,-0.053
2024/01/01 10:03:00,-0.103,0.189,0.128,-0.077,0.209,-0.180,-0.053
2024/01/01 10:04:00,-0.155,0.279,0.036,-0.062,0.239,-0.220,-0.003
2024/01/01 10:05:00,-0.215,0.212,-0.020,-0.046,0.219,-0.170,0.097
2024/01/01 10:06:00,-0.182,0.010,-0.061,-0.028,0.128,-0.210,0.077
2024/01/01 10:07:00,-0.117,-0.234,-0.125,-0.089,-0.012,-0.190,-0.003
2024/01/01 10:08:00,-0.059,-0.347,-0.120,-0.095,-0.062,-0.181,-0.063
2024/01/01 10:09:00,0.017,-0.311,-0.026,-0.129,-0.052,-0.161,-0.063
2024/01/01 10:10:00,0.109,-0.128,0.077,-0.089,-0.032,-0.171,-0.053
2024/01/01 10:11:00,0.139,0.104,0.067,-0.001,-0.023,-0.172,0.047
2024/01/01 10:12:00,0.118,0.232,-0.001,0.057,0.047,-0.072,0.047
2024/01/01 10:13:00,0.038,0.220,-0.066,0.103,0.007,-0.053,0.007
2024/01/01 10:14:00,-0.032,0.034,-0.149,0.091,-0.023,-0.083,-0.012
2024/01/01 10:15:00,-0.126,-0.192,-0.210,0.057,-0.024,-0.024,0.018
2024/01/01 10:16:00,-0.236,-0.286,-0.208,0.042,0.016,-0.014,-0.042
2024/01/01 10:17:00,-0.309,-0.243,-0.072,0.079,0.146,0.055,-0.022
2024/01/01 10:18:00,-0.261,-0.099,0.120,0.064,0.175,0.125,0.018
2024/01/01 10:19:00,-0.200,0.105,0.217,0.170,0.075,0.134,-0.022
2024/01/01 10:20:00,-0.109,0.279,0.228,0.228,-0.075,0.114,-0.022
2024/01/01 10:21:00,-0.024,0.292,0.188,0.134,-0.116,0.113,0.038
2024/01/01 10:22:00,0.070,0.195,0.060,0.015,-0.196,0.222,0.018
2024/01/01 10:23:00,0.116,0.004,-0.066,-0.009,-0.117,0.282,-0.042
2024/01/01 10:24:00,0.113,-0.170,-0.152,0.055,-0.077,0.301,-0.002
2024/01/01 10:25:00,0.072,-0.248,-0.149,0.073,-0.058,0.271,0.008
2024/01/01 10:26:00,0.026,-0.153,-0.095,0.049,-0.038,0.200,0.007
2024/01/01 10:27:00,-0.008,0.040,-0.037,-0.009,-0.109,0.139,-0.003
2024/01/01 10:28:00,-0.038,0.214,0.023,-0.024,-0.149,0.199,0.007
2024/01/01 10:29:00,-0.033,0.267,0.035,-0.109,-0.060,0.158,0.027
2024/01/01 10:30:00,0.003,0.146,-0.014,-0.100,0.040,0.077,0.077
2024/01/01 10:31:00,0.070,-0.069,-0.063,-0.063,0.159,0.027,0.037
2024/01/01 10:32:00,0.112,-0.187,-0.079,-0.047,0.109,-0.004,-0.003
2024/01/01 10:33:00,0.148,-0.141,-0.070,-0.041,0.078,-0.005,0.007
2024/01/01 10:34:00,0.135,-0.015,-0.079,-0.120,0.108,-0.036,0.037
2024/01/01 10:35:00,0.086,0.108,0.003,-0.169,0.147,-0.086,-0.043
2024/01/01 10:36:00,0.058,0.192,0.082,-0.144,-0.034,-0.147,-0.074
2024/01/01 10:37:00,0.015,0.162,0.094,-0.111,-0.254,-0.238,-0.054
2024/01/01 10:38:00,-0.032,0.051,0.060,-0.071,-0.195,-0.238,-0.004
2024/01/01 10:39:00,-0.026,-0.070,0.042,-0.028,-0.045,-0.249,-0.034
2024/01/01 10:40:00,-0.002,-0.096,0.008,-0.046,0.194,-0.310,-0.014
2024/01/01 10:41:00,0.019,-0.074,-0.026,-0.064,0.143,-0.290,-0.065
2024/01/01 10:42:00,0.024,-0.009,0.011,-0.042,0.023,-0.231,-0.025
2024/01/01 10:43:00,0.005,0.102,0.069,-0.015,-0.028,-0.202,-0.045
2024/01/01 10:44:00,-0.002,0.155,0.124,0.040,0.002,-0.182,-0.005
2024/01/01 10:45:00,-0.014,0.098,0.117,0.044,0.061,-0.113,-0.015
2024/01/01 10:46:00,-0.048,-0.022,0.050,0.071,0.060,-0.024,0.014
2024/01/01 10:47:00,-0.076,-0.094,-0.032,0.050,0.060,-0.004,-0.036
2024/01/01 10:48:00,-0.052,-0.130,-0.096,0.087,-0.011,0.015,0.004
2024/01/01 10:49:00,0.014,-0.138,-0.148,0.161,-0.141,0.004,0.013
2024/01/01 10:50:00,0.062,-0.058,-0.175,0.167,-0.262,0.054,0.013
2024/01/01 10:51:00,0.093,0.050,-0.099,0.109,-0.253,0.143,0.033
2024/01/01 10:52:00,0.107,0.079,0.005,0.042,-0.093,0.173,0.003
2024/01/01 10:53:00,0.073,0.043,0.084,0.073,0.106,0.162,0.002
2024/01/01 10:54:00,0.012,-0.038,0.066,0.089,0.106,0.152,-0.058
2024/01/01 10:55:00,-0.049,-0.110,0.036,0.123,0.085,0.151,-0.028
2024/01/01 10:56:00,-0.120,-0.106,0.027,0.065,0.095,0.161,-0.049
2024/01/01 10:57:00,-0.163,-0.004,-0.015,0.023,-0.016,0.040,0.011
2024/01/01 10:58:00,-0.142,0.143,-0.070,-0.047,-0.106,-0.020,0.041
2024/01/01 10:59:00,-0.093,0.235,-0.048,-0.111,-0.147,-0.080,0.040
2024/01/01 11:00:00,-0.005,0.203,0.010,-0.098,0.013,-0.121,0.020
2024/01/01 11:01:00,0.071,0.030,0.050,-0.055,0.152,-0.101,0.000
2024/01/01 11:02:00,0.126,-0.207,0.050,-0.037,0.222,-0.072,-0.021
2024/01/01 11:03:00,0.156,-0.344,0.071,-0.097,0.191,-0.052,-0.061
2024/01/01 11:04:00,0.147,-0.334,0.120,-0.170,0.101,-0.002,-0.051
2024/01/01 11:05:00,0.114,-0.235,0.118,-0.197,0.050,0.068,0.028
2024/01/01 11:06:00,0.059,-0.058,0.051,-0.182,-0.050,0.057,0.118
2024/01/01 11:07:00,-0.002,0.113,-0.004,-0.142,-0.070,0.077,0.128
2024/01/01 11:08:00,-0.069,0.154,-0.012,-0.044,0.019,0.337,0.037
2024/01/01 11:09:00,-0.093,0.093,-0.021,0.020,0.059,0.117,-0.053
2024/01/01 11:10:00,-0.102,-0.043,-0.064,0.033,0.089,0.027,-0.064
2024/01/01 11:11:00,-0.083,-0.113,-0.042,-0.070,-0.142,-0.114,0.016
2024/01/01 11:12:00,-0.077,-0.079,0.037,-0.131,-0.322,-0.174,0.076
2024/01/01 11:13:00,-0.055,0.019,0.065,-0.036,-0.352,-0.124,0.096
2024/01/01 11:14:00,-0.021,0.153,0.023,0.116,-0.262,-0.124,0.085
2024/01/01 11:15:00,0.022,0.193,-0.029,0.147,-0.023,-0.104,-0.015
2024/01/01 11:16:00,0.035,0.099,-0.044,0.129,0.187,-0.054,-0.025
2024/01/01 11:17:00,0.045,-0.075,-0.092,0.096,0.187,-0.004,0.034
2024/01/01 11:18:00,0.054,-0.191,-0.174,0.099,0.197,0.006,0.104
2024/01/01 11:19:00,0.052,-0.178,-0.177,0.146,0.177,-0.014,0.004
2024/01/01 11:20:00,0.037,-0.075,-0.091,0.155,0.177,0.117,-0.037
2024/01/01 11:21:00,0.041,0.090,0.010,0.216,0.037,0.107,-0.017
2024/01/01 11:22:00,0.036,0.212,0.123,0.214,-0.133,0.137,0.003
2024/01/01 11:23:00,0.009,0.218,0.202,0.101,-0.213,0.117,0.023
2024/01/01 11:24:00,-0.029,0.092,0.266,0.047,-0.153,0.177,0.032
2024/01/01 11:25:00,-0.062,-0.094,0.242,0.086,0.037,0.257,-0.038
2024/01/01 11:26:00,-0.085,-0.210,0.133,0.087,0.177,0.248,-0.058
2024/01/01 11:27:00,-0.091,-0.210,0.008,0.020,0.157,0.218,-0.028
2024/01/01 11:28:00,-0.071,-0.122,-0.098,-0.071,0.037,0.098,0.032
2024/01/01 11:29:00,-0.037,0.012,-0.174,-0.095,-0.073,0.008,0.031
2024/01/01 11:30:00,0.016,0.139,-0.241,-0.119,-0.113,-0.041,0.031
2024/01/01 11:31:00,0.075,0.185,-0.229,-0.201,0.038,-0.121,-0.039
2024/01/01 11:32:00,0.116,0.157,-0.137,-0.238,0.128,-0.171,-0.069
2024/01/01 11:33:00,0.117,0.095,-0.040,-0.192,0.168,-0.120,-0.029
2024/01/01 11:34:00,0.109,0.055,0.028,-0.170,0.108,-0.110,-0.019
2024/01/01 11:35:00,0.040,0.027,0.098,-0.188,0.048,-0.039,-0.070
2024/01/01 11:36:00,-0.038,-0.013,0.119,-0.154,-0.051,-0.019,-0.070
2024/01/01 11:37:00,-0.116,-0.017,0.080,-0.068,-0.131,0.002,-0.010
2024/01/01 11:38:00,-0.151,0.016,0.031,0.042,-0.121,-0.048,0.020
2024/01/01 11:39:00,-0.162,0.049,0.001,0.103,-0.070,-0.078,0.020
2024/01/01 11:40:00,-0.121,0.063,-0.036,0.100,0.020,-0.147,0.010
2024/01/01 11:41:00,-0.025,0.047,-0.072,0.052,-0.040,-0.237,0.020
2024/01/01 11:42:00,0.064,0.004,-0.081,0.061,-0.129,-0.246,0.000
2024/01/01 11:43:00,0.139,-0.058,-0.042,0.110,-0.209,-0.196,-0.040
2024/01/01 11:44:00,0.180,-0.059,0.022,0.190,-0.128,-0.115,-0.060
2024/01/01 11:45:00,0.202,-0.005,0.062,0.175,-0.078,-0.004,-0.020
2024/01/01 11:46:00,0.176,0.077,0.083,0.120,0.013,0.016,0.020
2024/01/01 11:47:00,0.107,0.115,0.099,0.087,0.013,0.077,0.070
2024/01/01 11:48:00,0.029,0.118,0.056,0.047,0.103,0.107,0.020
2024/01/01 11:49:00,-0.058,0.095,-0.017,0.054,0.194,0.118,-0.060
2024/01/01 11:50:00,-0.109,0.049,-0.094,0.030,0.174,0.048,-0.080
2024/01/01 11:51:00,-0.120,0.011,-0.127,0.006,-0.015,-0.011,-0.070
2024/01/01 11:52:00,-0.091,-0.008,-0.133,-0.037,-0.145,-0.060,-0.030
2024/01/01 11:53:00,-0.041,-0.039,-0.094,-0.058,-0.114,-0.030,0.030
2024/01/01 11:54:00,0.018,-0.086,0.016,-0.046,0.086,-0.019,0.040
2024/01/01 11:55:00,0.046,-0.111,0.104,-0.088,0.237,-0.019,-0.040
2024/01/01 11:56:00,0.050,-0.072,0.135,-0.085,0.147,-0.038,-0.070
2024/01/01 11:57:00,0.048,0.006,0.116,-0.054,0.038,-0.027,-0.050
2024/01/01 11:58:00,0.009,0.073,0.043,-0.002,-0.112,-0.007,0.020
2024/01/01 11:59:00,-0.048,0.087,-0.030,-0.005,-0.161,-0.096,0.031
2024/01/01 12:00:00,-0.144,0.001,-0.085,-0.065,-0.110,-0.076,-0.009
2024/01/01 12:01:00,-0.171,-0.143,-0.094,-0.074,-0.040,-0.055,-0.029
2024/01/01 12:02:00,-0.170,-0.253,-0.031,-0.062,0.001,0.026,0.011
2024/01/01 12:03:00,-0.133,-0.233,0.055,-0.095,0.001,0.056,-0.009
2024/01/01 12:04:00,-0.074,-0.099,0.119,-0.128,0.072,0.077,0.061
2024/01/01 12:05:00,-0.016,0.101,0.137,-0.076,0.142,0.177,0.021
2024/01/01 12:06:00,0.043,0.235,0.085,0.012,0.193,0.268,-0.009
2024/01/01 12:07:00,0.071,0.219,-0.004,0.031,0.083,0.249,-0.039
2024/01/01 12:08:00,0.068,0.054,-0.071,-0.002,-0.066,0.179,0.022
2024/01/01 12:09:00,0.050,-0.184,-0.108,-0.045,-0.086,0.130,0.092
2024/01/01 12:10:00,0.017,-0.316,-0.117,-0.048,-0.006,0.120,0.072
2024/01/01 12:11:00,-0.044,-0.295,-0.056,-0.026,0.145,0.131,-0.008
2024/01/01 12:12:00,-0.080,-0.122,0.020,-0.007,0.165,0.131,-0.028
2024/01/01 12:13:00,-0.040,0.122,0.069,0.045,0.086,0.112,0.022
2024/01/01 12:14:00,0.012,0.274,0.066,0.054,-0.034,0.062,0.102
2024/01/01 12:15:00,0.054,0.292,0.035,0.054,-0.023,0.043,0.112
2024/01/01 12:16:00,0.106,0.166,-0.017,0.051,-0.083,0.034,0.013
2024/01/01 12:17:00,0.167,-0.014,-0.072,-0.006,-0.123,-0.006,-0.037
2024/01/01 12:18:00,0.192,-0.191,-0.118,-0.034,-0.102,-0.075,-0.007
2024/01/01 12:19:00,0.161,-0.227,-0.130,-0.006,-0.032,-0.185,0.093
2024/01/01 12:20:00,0.118,-0.200,-0.112,0.022,0.068,-0.214,0.033
2024/01/01 12:21:00,0.069,-0.106,-0.039,0.007,0.059,-0.234,0.003
2024/01/01 12:22:00,-0.011,0.010,0.062,-0.072,-0.041,-0.263,-0.057
2024/01/01 12:23:00,-0.102,0.108,0.175,-0.057,-0.101,-0.303,-0.037
2024/01/01 12:24:00,-0.124,0.132,0.242,-0.020,-0.040,-0.233,0.023
2024/01/01 12:25:00,-0.091,0.077,0.254,-0.011,-0.030,-0.202,0.084
2024/01/01 12:26:00,-0.070,0.013,0.226,-0.047,-0.100,-0.122,0.014
2024/01/01 12:27:00,-0.053,-0.023,0.126,-0.022,-0.240,-0.091,-0.026
2024/01/01 12:28:00,-0.010,-0.011,-0.027,0.075,-0.219,-0.041,-0.046
2024/01/01 12:29:00,0.029,0.026,-0.152,0.121,-0.129,0.070,-0.056
2024/01/01 12:30:00,0.037,0.066,-0.249,0.097,0.051,0.110,-0.016
2024/01/01 12:31:00,0.027,0.078,-0.313,0.085,0.151,0.080,0.074
2024/01/01 12:32:00,-0.028,0.048,-0.258,0.097,0.131,0.111,0.084
2024/01/01 12:33:00,-0.051,0.024,-0.124,0.104,0.131,0.131,-0.026
2024/01/01 12:34:00,-0.064,0.003,-0.011,0.107,0.191,0.141,-0.006
2024/01/01 12:35:00,-0.089,-0.012,0.041,0.104,0.232,0.102,0.004
2024/01/01 12:36:00,-0.087,0.010,0.077,0.128,0.142,0.062,0.074
2024/01/01 12:37:00,-0.057,0.041,0.078,0.153,-0.098,0.042,0.014
2024/01/01 12:38:00,-0.006,0.032,0.047,0.101,-0.248,0.043,-0.056
2024/01/01 12:39:00,0.033,-0.001,0.038,0.013,-0.268,0.083,-0.066
2024/01/01 12:40:00,0.053,-0.019,0.038,-0.023,-0.108,0.093,-0.026
2024/01/01 12:41:00,0.052,-0.031,0.087,-0.069,-0.048,0.054,0.014
2024/01/01 12:42:00,0.069,-0.021,0.133,-0.057,0.002,0.054,-0.006
2024/01/01 12:43:00,0.053,0.019,0.127,-0.035,-0.038,0.054,-0.056
2024/01/01 12:44:00,0.010,0.053,0.103,-0.081,0.052,0.024,-0.096
2024/01/01 12:45:00,-0.022,0.033,0.060,-0.117,0.072,-0.045,-0.096
2024/01/01 12:46:00,-0.017,-0.025,0.000,-0.114,0.101,-0.065,-0.046
2024/01/01 12:47:00,0.004,-0.070,-0.061,-0.081,0.091,-0.095,-0.006
2024/01/01 12:48:00,0.033,-0.081,-0.110,-0.038,-0.029,-0.115,-0.006
2024/01/01 12:49:00,0.066,-0.075,-0.097,-0.047,-0.009,-0.164,-0.026
2024/01/01 12:50:00,0.071,-0.047,-0.085,-0.035,0.001,-0.114,-0.056
2024/01/01 12:51:00,0.061,-0.006,-0.060,0.011,0.121,-0.114,-0.046
2024/01/01 12:52:00,0.030,0.022,-0.051,-0.044,0.121,-0.134,-0.006
2024/01/01 12:53:00,-0.026,0.062,-0.041,-0.117,-0.069,-0.094,0.034
2024/01/01 12:54:00,-0.103,0.063,-0.032,-0.077,-0.159,-0.064,0.004
2024/01/01 12:55:00,-0.150,0.014,-0.032,0.011,-0.170,0.017,0.004
2024/01/01 12:56:00,-0.160,-0.034,-0.019,0.045,-0.130,0.047,0.004
2024/01/01 12:57:00,-0.142,-0.054,0.014,0.011,-0.010,0.127,0.024
2024/01/01 12:58:00,-0.106,-0.026,0.045,-0.050,0.050,0.137,0.013
2024/01/01 12:59:00,-0.018,0.005,0.067,-0.038,0.090,0.157,-0.007
2024/01/01 13:00:00,0.073,0.045,0.043,-0.013,0.139,0.187,-0.027
2024/01/01 13:01:00,0.133,0.048,0.000,-0.044,0.069,0.207,0.013
2024/01/01 13:02:00,0.154,0.025,-0.033,-0.044,-0.061,0.177,0.063
2024/01/01 13:03:00,0.165,-0.027,-0.051,0.029,-0.111,0.067,0.093
2024/01/01 13:04:00,0.125,-0.054,-0.078,0.059,-0.041,0.008,0.073
2024/01/01 13:05:00,0.037,-0.068,-0.048,0.029,0.028,-0.042,0.023
2024/01/01 13:06:00,-0.061,-0.065,0.041,0.004,0.038,-0.062,-0.017
2024/01/01 13:07:00,-0.150,-0.034,0.087,0.029,0.048,-0.072,-0.047
2024/01/01 13:08:00,-0.190,0.009,0.097,0.077,0.088,-0.052,-0.027
2024/01/01 13:09:00,-0.181,0.049,0.085,0.062,0.178,-0.012,-0.027
2024/01/01 13:10:00,-0.147,0.035,0.030,0.065,0.168,-0.052,0.023
2024/01/01 13:11:00,-0.086,0.014,-0.040,0.089,-0.023,-0.082,0.013
2024/01/01 13:12:00,-0.004,-0.013,-0.076,0.077,-0.103,-0.082,0.012
2024/01/01 13:13:00,0.051,-0.028,-0.085,0.003,-0.073,-0.072,-0.018
2024/01/01 13:14:00,0.091,-0.061,-0.067,-0.012,0.027,-0.062,-0.018
2024/01/01 13:15:00,0.100,-0.079,-0.008,0.003,0.047,-0.082,-0.018
2024/01/01 13:16:00,0.079,-0.058,0.077,0.006,-0.023,-0.092,0.032
2024/01/01 13:17:00,0.019,0.003,0.108,-0.004,-0.034,-0.102,0.032
2024/01/01 13:18:00,-0.042,0.068,0.102,-0.031,-0.004,-0.082,0.022
2024/01/01 13:19:00,-0.072,0.144,0.056,-0.053,0.036,-0.082,0.012
2024/01/01 13:20:00,-0.077,0.169,0.032,-0.062,0.086,-0.072,0.082
2024/01/01 13:21:00,-0.080,0.108,0.005,-0.051,0.126,-0.071,0.072
2024/01/01 13:22:00,-0.043,0.013,-0.025,-0.060,0.056,-0.071,0.002
2024/01/01 13:23:00,0.019,-0.060,-0.022,-0.045,-0.034,-0.011,-0.038
2024/01/01 13:24:00,0.084,-0.072,0.009,-0.048,-0.104,0.059,-0.068
2024/01/01 13:25:00,0.127,-0.069,0.012,-0.018,-0.065,0.129,-0.078
2024/01/01 13:26:00,0.165,-0.023,0.006,-0.009,-0.025,0.159,-0.068
2024/01/01 13:27:00,0.175,0.017,0.024,-0.004,0.045,0.179,-0.028
2024/01/01 13:28:00,0.142,0.032,0.027,0.033,0.035,0.159,-0.028
2024/01/01 13:29:00,0.095,0.029,0.006,0.078,-0.015,0.209,-0.008
2024/01/01 13:30:00,0.056,0.050,-0.021,0.063,0.045,0.199,0.002
2024/01/01 13:31:00,0.033,0.056,-0.045,0.007,0.055,0.159,0.022
2024/01/01 13:32:00,0.025,0.028,-0.070,-0.030,0.055,0.149,0.032
2024/01/01 13:33:00,0.035,0.016,-0.094,-0.033,-0.065,0.079,0.042
2024/01/01 13:34:00,0.055,0.010,-0.082,-0.012,-0.125,0.089,0.002
2024/01/01 13:35:00,0.081,0.003,-0.033,-0.018,-0.115,0.129,-0.038
2024/01/01 13:36:00,0.094,-0.015,0.028,-0.013,-0.025,0.119,0.002
2024/01/01 13:37:00,0.090,-0.034,0.052,-0.013,0.035,0.049,0.002
2024/01/01 13:38:00,0.048,-0.037,0.058,-0.044,0.005,-0.001,-0.008
2024/01/01 13:39:00,0.016,-0.031,0.019,-0.084,-0.075,-0.051,0.022
2024/01/01 13:40:00,-0.025,-0.004,-0.048,-0.099,-0.094,-0.091,0.043
2024/01/01 13:41:00,-0.072,0.020,-0.079,-0.057,-0.064,-0.211,0.063
2024/01/01 13:42:00,-0.113,0.047,-0.082,0.013,0.026,-0.291,0.063
2024/01/01 13:43:00,-0.097,0.047,-0.009,0.046,-0.014,-0.341,0.023
2024/01/01 13:44:00,-0.083,0.031,0.089,0.046,-0.044,-0.341,-0.037
2024/01/01 13:45:00,-0.066,-0.003,0.192,0.030,-0.034,-0.320,-0.067
2024/01/01 13:46:00,-0.055,0.003,0.238,0.057,0.046,-0.210,-0.067
2024/01/01 13:47:00,-0.039,0.030,0.207,0.093,-0.004,-0.200,-0.037
2024/01/01 13:48:00,-0.022,0.063,0.101,0.111,-0.064,-0.170,0.013
2024/01/01 13:49:00,-0.023,0.060,-0.040,0.126,-0.083,-0.060,0.043
2024/01/01 13:50:00,-0.019,0.017,-0.174,0.135,-0.003,0.050,0.023
2024/01/01 13:51:00,-0.017,-0.054,-0.290,0.110,0.087,0.050,-0.037
2024/01/01 13:52:00,-0.004,-0.118,-0.336,0.058,0.057,0.100,-0.036
2024/01/01 13:53:00,-0.008,-0.128,-0.284,0.015,0.027,0.120,-0.016
2024/01/01 13:54:00,0.009,-0.094,-0.153,0.009,0.047,0.220,0.034
2024/01/01 13:55:00,0.022,-0.013,0.011,0.033,0.118,0.260,0.034
2024/01/01 13:56:00,0.030,0.088,0.139,0.030,0.118,0.281,0.014
2024/01/01 13:57:00,0.028,0.139,0.194,-0.022,-0.042,0.241,-0.006
2024/01/01 13:58:00,-0.004,0.105,0.178,-0.080,-0.102,0.211,-0.006
2024/01/01 13:59:00,-0.021,0.010,0.102,-0.111,-0.112,0.181,-0.006
2024/01/01 14:00:00,-0.038,-0.091,0.041,-0.096,-0.031,0.051,-0.006
2024/01/01 14:01:00,-0.052,-0.146,-0.035,-0.066,-0.071,-0.009,-0.016
2024/01/01 14:02:00,-0.075,-0.146,-0.084,-0.038,-0.101,-0.009,-0.016
2024/01/01 14:03:00,-0.107,-0.101,-0.054,-0.029,-0.091,-0.009,0.024
2024/01/01 14:04:00,-0.088,-0.019,0.016,-0.017,0.049,0.012,0.025
2024/01/01 14:05:00,-0.075,0.023,0.055,-0.027,0.120,0.032,0.035
2024/01/01 14:06:00,-0.052,0.032,0.067,-0.063,0.100,0.002,0.035
2024/01/01 14:07:00,-0.036,0.005,0.061,-0.051,0.060,-0.068,0.065
2024/01/01 14:08:00,-0.008,-0.026,0.030,-0.006,0.040,-0.078,0.025
2024/01/01 14:09:00,0.008,-0.042,0.003,0.068,0.080,-0.098,-0.015
2024/01/01 14:10:00,0.006,-0.066,-0.016,0.049,0.071,-0.147,-0.005
2024/01/01 14:11:00,-0.003,-0.082,-0.013,0.010,0.041,-0.157,0.025
2024/01/01 14:12:00,-0.011,-0.064,0.027,-0.030,0.041,-0.147,-0.005
2024/01/01 14:13:00,-0.004,-0.030,0.054,-0.024,0.041,-0.117,-0.025
2024/01/01 14:14:00,0.002,0.009,0.032,-0.036,0.041,-0.147,-0.065
2024/01/01 14:15:00,0.024,0.058,0.005,-0.054,-0.028,-0.117,-0.085
2024/01/01 14:16:00,0.055,0.103,-0.038,-0.024,-0.098,-0.126,-0.085
2024/01/01 14:17:00,0.107,0.103,-0.081,-0.006,-0.148,-0.096,-0.025
2024/01/01 14:18:00,0.129,0.067,-0.121,0.010,-0.138,-0.116,0.065
2024/01/01 14:19:00,0.135,0.009,-0.124,-0.015,-0.098,-0.076,0.025
2024/01/01 14:20:00,0.111,-0.049,-0.090,0.004,-0.048,-0.036,-0.015
2024/01/01 14:21:00,0.077,-0.080,-0.063,0.031,0.052,0.075,-0.005
2024/01/01 14:22:00,0.013,-0.068,-0.014,0.065,0.093,0.185,0.035
2024/01/01 14:23:00,-0.060,0.003,0.031,0.050,0.093,0.185,0.005
2024/01/01 14:24:00,-0.121,0.115,0.071,0.035,0.073,0.235,-0.025
2024/01/01 14:25:00,-0.173,0.198,0.083,0.041,0.073,0.245,-0.035
2024/01/01 14:26:00,-0.179,0.195,0.092,0.048,0.063,0.226,-0.035
2024/01/01 14:27:00,-0.167,0.122,0.092,0.045,0.033,0.206,0.015
2024/01/01 14:28:00,-0.113,-0.025,0.061,0.012,0.013,0.126,0.015
2024/01/01 14:29:00,-0.046,-0.149,0.012,-0.009,-0.027,0.056,-0.036
2024/01/01 14:30:00,-0.004,-0.180,-0.039,-0.040,-0.017,-0.033,-0.046
2024/01/01 14:31:00,0.041,-0.134,-0.061,-0.064,0.043,-0.053,0.014
2024/01/01 14:32:00,0.056,-0.039,-0.082,-0.097,0.053,-0.073,0.064
2024/01/01 14:33:00,0.055,0.083,-0.101,-0.100,0.013,-0.073,0.064
2024/01/01 14:34:00,0.033,0.141,-0.067,-0.112,-0.027,-0.113,0.034
2024/01/01 14:35:00,0.002,0.102,0.015,-0.081,0.013,-0.122,-0.006
2024/01/01 14:36:00,-0.030,0.013,0.085,-0.080,0.003,-0.112,-0.026
2024/01/01 14:37:00,-0.040,-0.056,0.122,-0.074,-0.007,-0.142,-0.017
2024/01/01 14:38:00,-0.032,-0.065,0.131,-0.022,-0.087,-0.152,0.073
2024/01/01 14:39:00,-0.005,-0.031,0.119,-0.012,-0.127,-0.091,0.073
2024/01/01 14:40:00,0.024,0.042,0.067,0.003,-0.127,-0.071,0.003
2024/01/01 14:41:00,0.054,0.106,0.000,0.031,-0.067,0.049,-0.037
2024/01/01 14:42:00,0.086,0.137,-0.058,0.083,-0.007,0.079,-0.038
2024/01/01 14:43:00,0.116,0.113,-0.097,0.108,-0.037,0.039,-0.028
2024/01/01 14:44:00,0.133,0.031,-0.113,0.121,-0.037,0.060,-0.038
2024/01/01 14:45:00,0.119,-0.066,-0.113,0.100,-0.037,0.070,-0.048
2024/01/01 14:46:00,0.091,-0.142,-0.088,0.091,-0.087,0.060,-0.028
2024/01/01 14:47:00,0.065,-0.136,-0.036,0.082,-0.097,0.060,0.021
2024/01/01 14:48:00,0.049,-0.087,0.019,0.062,-0.068,0.060,0.061
2024/01/01 14:49:00,0.014,0.002,0.074,0.053,-0.018,0.090,0.061
2024/01/01 14:50:00,0.001,0.081,0.113,0.044,0.032,0.081,0.031
2024/01/01 14:51:00,0.002,0.088,0.113,0.002,0.092,0.111,0.000
2024/01/01 14:52:00,0.004,0.036,0.092,0.005,0.102,0.081,0.000
2024/01/01 14:53:00,-0.012,-0.037,0.062,0.006,0.032,0.061,0.030
2024/01/01 14:54:00,-0.029,-0.091,-0.015,0.012,-0.038,0.021,0.070
2024/01/01 14:55:00,-0.033,-0.085,-0.085,0.013,-0.069,-0.029,0.109
2024/01/01 14:56:00,-0.043,-0.057,-0.121,-0.002,-0.019,-0.068,0.079
2024/01/01 14:57:00,-0.054,-0.005,-0.124,0.011,0.031,-0.118,-0.021
2024/01/01 14:58:00,-0.058,0.019,-0.094,0.002,0.091,-0.158,-0.071
2024/01/01 14:59:00,-0.062,0.001,-0.017,-0.019,0.151,-0.168,-0.082
2024/01/01 15:00:00,-0.054,-0.026,0.059,-0.022,0.230,-0.168,-0.072
2024/01/01 15:01:00,-0.040,-0.047,0.077,0.015,0.300,-0.108,-0.092
2024/01/01 15:02:00,-0.032,-0.050,0.077,0.043,0.230,-0.068,-0.072
2024/01/01 15:03:00,-0.006,-0.032,0.053,0.013,0.110,-0.048,-0.013
2024/01/01 15:04:00,0.027,-0.035,0.010,-0.026,0.000,-0.068,-0.043
2024/01/01 15:05:00,0.044,-0.044,-0.017,-0.075,-0.040,-0.057,-0.063
2024/01/01 15:06:00,0.052,-0.065,-0.026,-0.093,-0.041,-0.067,-0.034
2024/01/01 15:07:00,0.079,-0.068,0.004,-0.117,-0.001,-0.057,0.056
2024/01/01 15:08:00,0.096,-0.019,0.041,-0.128,-0.051,-0.067,0.076
2024/01/01 15:09:00,0.080,0.039,0.056,-0.101,-0.061,-0.027,0.066
2024/01/01 15:10:00,0.037,0.091,0.075,-0.079,-0.092,0.013,0.015
2024/01/01 15:11:00,-0.001,0.090,0.062,-0.036,-0.102,0.023,-0.025
2024/01/01 15:12:00,-0.010,0.060,-0.011,-0.039,-0.092,0.113,-0.035
2024/01/01 15:13:00,-0.054,-0.007,-0.056,-0.054,-0.112,0.163,-0.025
2024/01/01 15:14:00,-0.079,-0.068,-0.090,-0.041,-0.112,0.153,-0.026
2024/01/01 15:15:00,-0.085,-0.087,-0.118,-0.023,-0.093,0.143,-0.016
2024/01/01 15:16:00,-0.052,-0.047,-0.105,0.041,-0.093,0.143,-0.026
2024/01/01 15:17:00,-0.040,0.014,-0.029,0.078,-0.073,0.153,-0.026
2024/01/01 15:18:00,-0.013,0.078,0.059,0.081,-0.063,0.113,0.003
2024/01/01 15:19:00,0.011,0.111,0.126,0.069,-0.063,0.103,0.053
2024/01/01 15:20:00,0.020,0.092,0.150,0.030,-0.054,0.152,0.053
2024/01/01 15:21:00,0.010,0.043,0.129,0.030,-0.044,0.112,0.013
2024/01/01 15:22:00,-0.002,-0.003,0.059,0.012,-0.034,0.102,-0.008
2024/01/01 15:23:00,-0.002,0.000,-0.036,0.009,-0.004,0.052,0.002
2024/01/01 15:24:00,0.004,0.021,-0.109,0.024,0.056,-0.028,0.022
2024/01/01 15:25:00,0.001,0.048,-0.152,0.003,0.056,-0.048,0.032
2024/01/01 15:26:00,0.010,0.060,-0.161,0.003,0.045,-0.088,0.011
2024/01/01 15:27:00,0.038,0.038,-0.085,-0.043,0.055,-0.138,0.011
2024/01/01 15:28:00,0.054,0.014,0.012,-0.040,0.075,-0.108,-0.009
2024/01/01 15:29:00,0.060,0.001,0.085,-0.040,0.155,-0.089,-0.019
2024/01/01 15:30:00,0.064,0.025,0.109,0.021,0.145,-0.069,-0.019
2024/01/01 15:31:00,0.046,0.061,0.103,0.043,0.075,-0.059,0.010
2024/01/01 15:32:00,0.022,0.085,0.044,0.058,-0.036,-0.049,0.000
2024/01/01 15:33:00,-0.008,0.078,-0.014,0.100,-0.106,-0.079,-0.030
2024/01/01 15:34:00,-0.029,0.044,-0.060,0.082,-0.096,-0.039,-0.060
2024/01/01 15:35:00,-0.037,0.010,-0.091,0.103,-0.086,-0.060,-0.050
2024/01/01 15:36:00,-0.031,-0.002,-0.082,0.085,-0.036,-0.100,-0.011
2024/01/01 15:37:00,-0.018,-0.006,-0.033,0.085,0.004,-0.070,-0.001
2024/01/01 15:38:00,0.001,0.000,0.024,0.078,0.063,-0.040,-0.011
2024/01/01 15:39:00,0.014,-0.007,0.033,0.063,0.133,0.019,-0.001
2024/01/01 15:40:00,0.009,-0.044,0.011,0.029,0.103,0.049,-0.001
2024/01/01 15:41:00,-0.008,-0.075,-0.029,0.008,0.003,0.089,0.018
2024/01/01 15:42:00,-0.022,-0.085,-0.078,-0.005,-0.077,0.099,0.028
2024/01/01 15:43:00,-0.049,-0.064,-0.127,-0.036,-0.127,0.118,0.018
2024/01/01 15:44:00,-0.088,-0.028,-0.143,-0.072,-0.117,0.108,0.028
2024/01/01 15:45:00,-0.120,0.017,-0.085,-0.131,-0.098,0.058,0.048
2024/01/01 15:46:00,-0.107,0.053,0.000,-0.149,-0.068,0.018,0.027
2024/01/01 15:47:00,-0.094,0.062,0.100,-0.131,0.022,0.007,0.017
2024/01/01 15:48:00,-0.080,0.037,0.151,-0.132,0.062,-0.023,0.017
2024/01/01 15:49:00,-0.049,-0.025,0.151,-0.132,0.142,-0.043,0.007
2024/01/01 15:50:00,-0.005,-0.095,0.102,-0.117,0.172,-0.043,0.006
2024/01/01 15:51:00,0.036,-0.142,0.031,-0.087,0.172,-0.044,-0.014
2024/01/01 15:52:00,0.065,-0.148,-0.030,-0.063,0.141,-0.024,-0.014
2024/01/01 15:53:00,0.072,-0.115,-0.074,-0.027,0.141,0.006,-0.044
2024/01/01 15:54:00,0.085,-0.030,-0.071,0.019,0.121,-0.005,-0.024
2024/01/01 15:55:00,0.074,0.030,-0.011,0.073,-0.009,-0.045,0.005
2024/01/01 15:56:00,0.051,0.045,0.065,0.103,-0.099,-0.045,0.025
2024/01/01 15:57:00,0.025,0.023,0.089,0.094,-0.099,-0.066,0.015
2024/01/01 15:58:00,0.014,-0.029,0.073,0.093,-0.060,-0.076,0.005
2024/01/01 15:59:00,-0.007,-0.063,0.039,0.090,-0.020,-0.106,-0.026
2024/01/01 16:00:00,-0.015,-0.055,-0.013,0.105,-0.040,-0.106,-0.006
2024/01/01 16:01:00,-0.005,-0.019,-0.044,0.113,-0.050,-0.167,0.054
2024/01/01 16:02:00,0.012,0.011,-0.066,0.116,-0.040,-0.157,0.054
2024/01/01 16:03:00,0.028,0.026,-0.042,0.076,-0.080,-0.157,0.063
2024/01/01 16:04:00,0.026,0.014,0.003,0.063,-0.121,-0.158,0.053
2024/01/01 16:05:00,0.042,0.001,0.024,0.057,-0.111,-0.108,0.043
2024/01/01 16:06:00,0.043,-0.011,0.017,0.032,-0.051,0.002,0.003
2024/01/01 16:07:00,0.017,0.013,-0.014,0.004,0.049,0.032,-0.038
2024/01/01 16:08:00,-0.013,0.049,-0.051,-0.015,0.059,0.081,-0.058
2024/01/01 16:09:00,-0.033,0.061,-0.076,-0.024,-0.012,0.131,-0.028
2024/01/01 16:10:00,-0.054,0.048,-0.088,-0.043,-0.102,0.191,-0.019
2024/01/01 16:11:00,-0.059,0.030,-0.052,-0.044,-0.082,0.240,0.001
2024/01/01 16:12:00,-0.043,0.008,0.017,-0.078,-0.052,0.280,0.021
2024/01/01 16:13:00,-0.025,-0.016,0.078,-0.075,-0.002,0.250,0.010
2024/01/01 16:14:00,-0.003,-0.026,0.093,-0.082,0.037,0.260,-0.010
2024/01/01 16:15:00,0.013,-0.026,0.080,-0.094,0.117,0.249,-0.010
2024/01/01 16:16:00,0.005,-0.014,0.031,-0.107,0.147,0.189,-0.001
2024/01/01 16:17:00,0.005,-0.008,-0.028,-0.113,0.157,0.119,-0.001
2024/01/01 16:18:00,-0.007,0.008,-0.071,-0.123,0.076,0.089,0.009
2024/01/01 16:19:00,-0.022,0.017,-0.090,-0.099,-0.014,0.048,0.018
2024/01/01 16:20:00,-0.040,0.023,-0.059,-0.093,-0.014,-0.002,0.018
2024/01/01 16:21:00,-0.039,0.026,0.028,-0.094,-0.005,-0.012,0.017
2024/01/01 16:22:00,-0.006,0.023,0.120,-0.076,0.045,-0.062,0.037
2024/01/01 16:23:00,0.037,0.035,0.174,-0.040,-0.005,-0.082,-0.003
2024/01/01 16:24:00,0.064,0.032,0.183,0.003,-0.005,-0.103,-0.024
2024/01/01 16:25:00,0.086,0.032,0.143,0.024,-0.046,-0.153,-0.014
2024/01/01 16:26:00,0.104,0.020,0.075,0.044,-0.026,-0.163,-0.025
2024/01/01 16:27:00,0.085,0.020,-0.016,0.056,-0.036,-0.203,-0.045
2024/01/01 16:28:00,0.055,0.011,-0.093,0.114,-0.047,-0.193,-0.055
2024/01/01 16:29:00,0.000,0.002,-0.157,0.113,-0.057,-0.154,-0.096
2024/01/01 16:30:00,-0.056,0.011,-0.176,0.131,-0.057,-0.194,-0.076
2024/01/01 16:31:00,-0.093,0.024,-0.146,0.131,-0.018,-0.134,-0.007
2024/01/01 16:32:00,-0.096,0.027,-0.088,0.128,-0.048,-0.104,0.063
2024/01/01 16:33:00,-0.072,0.003,-0.024,0.091,-0.048,-0.084,0.062
2024/01/01 16:34:00,-0.033,-0.021,0.027,0.069,-0.039,-0.084,0.042
2024/01/01 16:35:00,-0.003,-0.039,0.073,0.057,-0.029,0.005,0.031
2024/01/01 16:36:00,0.051,-0.030,0.106,0.059,0.021,-0.005,0.061
2024/01/01 16:37:00,0.087,0.001,0.106,0.028,-0.010,0.015,0.070
2024/01/01 16:38:00,0.092,0.026,0.088,-0.018,-0.010,0.045,0.030
2024/01/01 16:39:00,0.064,0.035,0.057,-0.073,0.009,0.045,-0.030
2024/01/01 16:40:00,0.039,0.020,0.017,-0.100,0.049,0.025,-0.061
2024/01/01 16:41:00,0.004,-0.004,-0.032,-0.110,-0.041,0.045,-0.061
2024/01/01 16:42:00,-0.036,-0.019,-0.068,-0.098,-0.122,0.044,0.028
2024/01/01 16:43:00,-0.071,-0.012,-0.078,-0.089,-0.152,0.004,0.058
2024/01/01 16:44:00,-0.069,-0.015,-0.066,-0.065,-0.092,-0.006,0.027
2024/01/01 16:45:00,-0.055,-0.021,-0.044,-0.056,-0.013,0.024,-0.013
2024/01/01 16:46:00,-0.044,-0.039,-0.014,-0.069,0.027,0.074,-0.064
2024/01/01 16:47:00,-0.029,-0.054,0.010,-0.072,0.006,0.094,-0.094
2024/01/01 16:48:00,-0.027,-0.053,0.028,-0.054,0.026,0.104,-0.075
2024/01/01 16:49:00,-0.010,-0.026,0.019,0.010,0.056,0.134,-0.065
2024/01/01 16:50:00,-0.015,0.014,-0.002,0.062,0.085,0.183,-0.056
2024/01/01 16:51:00,-0.013,0.051,-0.023,0.083,0.095,0.093,-0.036
2024/01/01 16:52:00,-0.005,0.055,-0.033,0.086,0.125,0.063,-0.006
2024/01/01 16:53:00,-0.009,0.021,-0.054,0.101,0.134,0.013,-0.017
2024/01/01 16:54:00,-0.023,-0.021,-0.039,0.085,0.164,-0.047,0.003
2024/01/01 16:55:00,-0.009,-0.072,-0.005,0.079,0.124,-0.067,0.022
2024/01/01 16:56:00,0.008,-0.084,0.034,0.088,0.093,-0.087,0.052
2024/01/01 16:57:00,0.013,-0.057,0.056,0.106,0.033,-0.087,0.052
2024/01/01 16:58:00,0.012,0.002,0.074,0.142,-0.037,0.013,0.031
2024/01/01 16:59:00,0.020,0.054,0.065,0.111,-0.098,0.042,-0.029
2024/01/01 17:00:00,0.018,0.069,0.022,0.056,-0.168,0.062,-0.079
2024/01/01 17:01:00,0.005,0.051,-0.042,-0.002,-0.108,0.112,-0.110
2024/01/01 17:02:00,-0.018,-0.001,-0.084,-0.017,-0.059,0.102,-0.080
2024/01/01 17:03:00,-0.025,-0.052,-0.118,-0.005,0.041,0.072,0.029
2024/01/01 17:04:00,-0.032,-0.079,-0.127,-0.002,0.061,0.082,0.109
2024/01/01 17:05:00,-0.049,-0.061,-0.087,-0.018,0.090,0.042,0.099
2024/01/01 17:06:00,-0.047,-0.003,-0.005,-0.045,0.070,-0.018,0.029
2024/01/01 17:07:00,-0.036,0.061,0.090,-0.052,0.040,-0.049,-0.002
2024/01/01 17:08:00,-0.013,0.095,0.136,-0.064,-0.030,-0.059,-0.002
2024/01/01 17:09:00,0.011,0.076,0.142,-0.064,-0.061,-0.059,0.018
2024/01/01 17:10:00,0.022,0.009,0.108,-0.040,-0.061,-0.069,0.018
2024/01/01 17:11:00,0.048,-0.055,0.041,-0.037,0.039,-0.079,-0.003
2024/01/01 17:12:00,0.062,-0.076,-0.008,-0.044,0.099,-0.080,0.017
2024/01/01 17:13:00,0.061,-0.058,-0.059,-0.047,0.079,-0.080,-0.003
2024/01/01 17:14:00,0.060,-0.021,-0.075,-0.056,0.068,-0.090,-0.023
2024/01/01 17:15:00,0.053,0.033,-0.068,-0.050,0.068,-0.130,-0.053
2024/01/01 17:16:00,0.049,0.058,-0.023,-0.026,0.028,-0.120,-0.064
2024/01/01 17:17:00,0.033,0.036,0.002,-0.020,-0.002,-0.141,-0.054
2024/01/01 17:18:00,0.036,0.003,0.014,-0.021,-0.042,-0.091,-0.034
2024/01/01 17:19:00,0.032,-0.022,0.011,-0.036,-0.043,-0.021,0.016
2024/01/01 17:20:00,0.034,-0.031,-0.004,-0.042,0.017,-0.001,0.056
2024/01/01 17:21:00,0.037,-0.010,-0.004,-0.015,-0.003,-0.022,0.116
2024/01/01 17:22:00,0.036,0.032,0.011,0.000,-0.083,-0.002,0.106
2024/01/01 17:23:00,0.030,0.050,0.020,0.027,-0.133,0.018,0.116
2024/01/01 17:24:00,0.026,0.031,0.050,0.024,-0.123,0.028,0.076
2024/01/01 17:25:00,0.005,-0.002,0.069,0.011,-0.043,0.037,0.066
2024/01/01 17:26:00,-0.014,-0.018,0.053,-0.001,0.037,0.037,-0.004
2024/01/01 17:27:00,-0.020,-0.012,-0.002,-0.002,0.037,0.037,-0.014
2024/01/01 17:28:00,-0.015,0.012,-0.066,0.013,0.017,0.086,-0.034
2024/01/01 17:29:00,-0.015,0.039,-0.105,0.016,-0.004,0.116,-0.024
2024/01/01 17:30:00,-0.003,0.069,-0.127,0.001,0.016,0.145,-0.004
2024/01/01 17:31:00,0.019,0.071,-0.121,-0.012,0.046,0.125,0.026
2024/01/01 17:32:00,0.028,0.056,-0.063,-0.021,0.046,0.095,-0.024
2024/01/01 17:33:00,0.025,0.031,0.025,-0.049,0.036,0.094,-0.034
2024/01/01 17:34:00,0.007,-0.007,0.074,-0.059,-0.024,0.044,-0.064
2024/01/01 17:35:00,-0.011,-0.028,0.089,-0.068,-0.084,0.014,-0.074
2024/01/01 17:36:00,-0.033,-0.047,0.077,-0.065,-0.104,-0.047,-0.044
2024/01/01 17:37:00,-0.060,-0.036,0.040,-0.057,-0.124,-0.057,-0.004
2024/01/01 17:38:00,-0.075,-0.006,-0.003,-0.048,-0.124,-0.068,0.027
2024/01/01 17:39:00,-0.059,0.027,-0.040,-0.057,-0.104,-0.058,0.017
2024/01/01 17:40:00,-0.028,0.036,-0.049,-0.048,-0.064,-0.029,-0.013
2024/01/01 17:41:00,0.003,0.014,-0.031,-0.024,0.016,-0.059,-0.033
2024/01/01 17:42:00,0.040,-0.008,0.017,-0.016,0.086,-0.020,0.017
2024/01/01 17:43:00,0.065,-0.015,0.072,-0.010,0.116,-0.050,0.057
2024/01/01 17:44:00,0.069,-0.016,0.096,-0.001,0.096,-0.051,0.077
2024/01/01 17:45:00,0.054,-0.016,0.093,0.026,0.036,-0.061,0.068
2024/01/01 17:46:00,0.027,-0.017,0.053,0.065,-0.024,-0.012,0.068
2024/01/01 17:47:00,0.003,-0.033,-0.008,0.083,-0.054,-0.032,0.028
2024/01/01 17:48:00,-0.038,-0.061,-0.058,0.086,-0.044,-0.023,-0.012
2024/01/01 17:49:00,-0.068,-0.071,-0.098,0.097,-0.024,0.027,-0.012
2024/01/01 17:50:00,-0.083,-0.050,-0.113,0.076,0.036,0.046,-0.002
2024/01/01 17:51:00,-0.073,-0.017,-0.092,0.069,0.006,0.026,0.019
2024/01/01 17:52:00,-0.041,0.015,-0.032,0.072,-0.024,0.075,0.019
2024/01/01 17:53:00,-0.016,0.039,0.032,0.084,-0.054,0.074,-0.001
2024/01/01 17:54:00,-0.003,0.026,0.068,0.086,-0.024,0.044,-0.011
2024/01/01 17:55:00,0.010,-0.011,0.071,0.101,0.046,0.043,-0.011
2024/01/01 17:56:00,0.020,-0.027,0.052,0.098,0.056,0.033,0.000
2024/01/01 17:57:00,0.000,-0.037,0.031,0.097,0.046,0.032,0.000
2024/01/01 17:58:00,-0.036,-0.040,0.003,0.085,0.056,0.022,0.000
2024/01/01 17:59:00,-0.068,-0.017,-0.001,0.078,0.076,-0.019,0.030
2024/01/01 18:00:00,-0.073,0.004,0.002,0.057,0.086,-0.030,0.020
2024/01/01 18:01:00,-0.075,0.016,0.017,0.044,0.016,-0.010,0.000
2024/01/01 18:02:00,-0.071,0.021,0.019,0.047,-0.064,-0.021,-0.040
2024/01/01 18:03:00,-0.049,0.033,0.001,0.043,-0.104,-0.031,-0.049
2024/01/01 18:04:00,-0.023,0.035,-0.021,0.025,-0.064,-0.022,-0.049
2024/01/01 18:05:00,0.002,0.022,-0.043,-0.016,0.026,-0.023,-0.049
2024/01/01 18:06:00,0.024,0.007,-0.040,-0.052,0.016,-0.043,-0.049
2024/01/01 18:07:00,0.041,0.000,-0.026,-0.077,0.006,-0.004,-0.059
2024/01/01 18:08:00,0.032,-0.010,0.011,-0.096,-0.004,-0.024,-0.069
2024/01/01 18:09:00,0.021,-0.025,0.065,-0.114,-0.005,0.005,-0.069
2024/01/01 18:10:00,0.010,-0.032,0.083,-0.127,0.005,-0.036,-0.049
2024/01/01 18:11:00,-0.011,-0.029,0.067,-0.124,-0.035,-0.016,0.001
2024/01/01 18:12:00,-0.025,-0.024,0.021,-0.140,-0.055,-0.027,0.031
2024/01/01 18:13:00,-0.033,-0.015,-0.034,-0.162,-0.105,-0.017,0.021
2024/01/01 18:14:00,-0.029,0.003,-0.078,-0.183,-0.075,0.002,0.002
2024/01/01 18:15:00,-0.019,0.018,-0.096,-0.150,-0.036,0.001,-0.018
2024/01/01 18:16:00,-0.009,0.027,-0.078,-0.108,0.004,0.001,-0.018
2024/01/01 18:17:00,0.010,0.017,-0.024,-0.087,0.074,0.010,0.002
2024/01/01 18:18:00,0.019,0.014,0.058,-0.069,0.114,-0.010,0.042
2024/01/01 18:19:00,0.023,0.007,0.094,-0.029,0.103,0.009,0.062
2024/01/01 18:20:00,0.033,0.004,0.087,0.004,0.063,0.009,0.081
2024/01/01 18:21:00,0.036,-0.002,0.044,0.019,0.013,0.038,0.031
2024/01/01 18:22:00,0.031,-0.009,-0.023,0.025,0.003,0.057,-0.069
2024/01/01 18:23:00,0.038,0.000,-0.082,0.040,-0.038,0.067,-0.089
2024/01/01 18:24:00,0.044,0.018,-0.122,0.076,-0.048,0.096,-0.039
2024/01/01 18:25:00,0.054,0.030,-0.125,0.088,-0.048,0.106,0.001
2024/01/01 18:26:00,0.060,0.040,-0.086,0.106,-0.039,0.115,0.021
2024/01/01 18:27:00,0.070,0.042,-0.013,0.094,0.041,0.075,0.031
2024/01/01 18:28:00,0.079,0.039,0.047,0.100,0.091,0.044,0.001
2024/01/01 18:29:00,0.080,0.024,0.071,0.096,0.110,0.004,0.021
2024/01/01 18:30:00,0.068,0.018,0.077,0.108,0.110,-0.057,0.020
2024/01/01 18:31:00,0.046,0.012,0.068,0.087,0.069,-0.127,0.050
2024/01/01 18:32:00,0.037,0.009,0.043,0.093,0.059,-0.168,0.020
2024/01/01 18:33:00,0.013,-0.001,0.027,0.089,0.019,-0.208,-0.010
2024/01/01 18:34:00,-0.017,-0.007,0.009,0.074,-0.012,-0.208,0.000
2024/01/01 18:35:00,-0.036,-0.031,0.005,0.074,-0.062,-0.179,-0.010
2024/01/01 18:36:00,-0.042,-0.043,-0.007,0.055,-0.073,-0.159,-0.021
2024/01/01 18:37:00,-0.042,-0.040,-0.023,0.028,-0.063,-0.090,-0.021
2024/01/01 18:38:00,-0.045,-0.022,-0.033,0.006,-0.044,-0.080,-0.021
2024/01/01 18:39:00,-0.042,0.003,-0.033,-0.003,0.016,-0.011,-0.011
2024/01/01 18:40:00,-0.033,0.030,-0.045,-0.024,0.005,0.009,-0.012
2024/01/01 18:41:00,-0.034,0.036,-0.027,-0.040,-0.065,0.029,-0.012
2024/01/01 18:42:00,-0.034,0.018,0.000,-0.061,-0.046,0.048,-0.032
2024/01/01 18:43:00,-0.040,-0.012,0.030,-0.073,-0.006,0.068,-0.042
2024/01/01 18:44:00,-0.044,-0.043,0.024,-0.104,0.083,0.078,-0.032
2024/01/01 18:45:00,-0.054,-0.061,0.023,-0.135,0.143,0.087,-0.023
2024/01/01 18:46:00,-0.051,-0.058,0.011,-0.156,0.142,0.157,-0.013
2024/01/01 18:47:00,-0.039,-0.045,-0.014,-0.147,0.162,0.107,-0.013
2024/01/01 18:48:00,-0.028,-0.033,-0.035,-0.129,0.121,0.156,0.017
2024/01/01 18:49:00,-0.013,-0.005,-0.036,-0.120,0.101,0.186,-0.004
2024/01/01 18:50:00,0.020,-0.002,-0.018,-0.092,0.020,0.196,-0.024
2024/01/01 18:51:00,0.035,-0.002,0.013,-0.077,-0.050,0.165,-0.014
2024/01/01 18:52:00,0.046,-0.008,0.034,-0.065,-0.071,0.165,-0.024
2024/01/01 18:53:00,0.039,-0.014,0.055,-0.029,-0.181,0.145,0.015
2024/01/01 18:54:00,0.039,-0.005,0.064,0.002,-0.212,0.074,0.045
2024/01/01 18:55:00,0.029,0.014,0.045,0.041,-0.192,0.054,0.075
2024/01/01 18:56:00,0.010,0.020,0.018,0.078,-0.133,-0.006,0.095
2024/01/01 18:57:00,0.012,0.026,-0.007,0.090,-0.063,-0.036,0.075
2024/01/01 18:58:00,0.029,0.011,-0.028,0.093,-0.054,-0.117,0.044
2024/01/01 18:59:00,0.038,-0.010,-0.035,0.102,-0.054,-0.137,0.014
2024/01/01 19:00:00,0.040,-0.016,-0.032,0.111,-0.045,-0.157,-0.016
2024/01/01 19:01:00,0.048,-0.013,-0.020,0.108,0.015,-0.207,-0.006
2024/01/01 19:02:00,0.044,-0.004,-0.011,0.090,0.065,-0.218,-0.006
2024/01/01 19:03:00,0.022,0.005,-0.005,0.086,0.024,-0.168,-0.007
2024/01/01 19:04:00,-0.009,0.005,-0.011,0.065,-0.006,-0.168,0.023
2024/01/01 19:05:00,-0.034,0.002,-0.014,0.050,-0.027,-0.138,0.033
2024/01/01 19:06:00,-0.054,-0.004,-0.018,0.028,0.003,-0.118,0.033
2024/01/01 19:07:00,-0.076,0.008,-0.003,0.025,0.022,-0.109,-0.017
2024/01/01 19:08:00,-0.074,0.026,0.007,0.022,-0.018,-0.039,-0.047
2024/01/01 19:09:00,-0.062,0.036,0.012,0.004,-0.018,-0.029,-0.037
2024/01/01 19:10:00,-0.039,0.045,0.021,-0.021,0.001,-0.009,0.023
2024/01/01 19:11:00,-0.009,0.032,0.012,-0.036,0.001,0.021,0.083
2024/01/01 19:12:00,0.008,0.008,-0.012,-0.021,-0.009,0.081,0.083
2024/01/01 19:13:00,0.026,-0.011,-0.028,-0.012,-0.010,0.100,0.033
2024/01/01 19:14:00,0.034,0.005,-0.043,0.006,-0.030,0.170,-0.027
2024/01/01 19:15:00,0.036,0.011,-0.031,0.015,0.010,0.160,-0.037
2024/01/01 19:16:00,0.033,0.023,-0.010,-0.003,0.029,0.150,-0.057
2024/01/01 19:17:00,0.029,0.035,0.027,-0.019,0.019,0.090,-0.087
2024/01/01 19:18:00,0.028,0.043,0.066,-0.031,0.029,0.069,-0.117
2024/01/01 19:19:00,0.015,0.040,0.072,-0.037,0.059,0.039,-0.067
2024/01/01 19:20:00,0.005,0.025,0.069,-0.010,0.039,0.039,0.013
2024/01/01 19:21:00,-0.004,0.012,0.038,-0.016,0.068,0.029,0.063
2024/01/01 19:22:00,-0.011,0.006,0.004,-0.019,0.038,0.009,0.074
2024/01/01 19:23:00,-0.021,0.003,-0.020,-0.032,-0.002,-0.011,0.074
2024/01/01 19:24:00,-0.025,0.011,-0.039,-0.047,0.008,-0.012,0.074
2024/01/01 19:25:00,-0.016,0.026,-0.042,-0.050,0.048,-0.002,0.094
2024/01/01 19:26:00,-0.014,0.035,-0.024,-0.020,-0.002,-0.012,0.104
2024/01/01 19:27:00,-0.014,0.020,-0.008,-0.005,-0.062,-0.002,0.105
2024/01/01 19:28:00,-0.008,-0.011,0.013,0.016,-0.082,-0.012,0.075
2024/01/01 19:29:00,-0.003,-0.051,0.010,0.010,-0.032,-0.002,0.015
2024/01/01 19:30:00,-0.003,-0.070,-0.003,-0.002,-0.012,-0.013,-0.044
2024/01/01 19:31:00,-0.007,-0.061,-0.015,0.010,0.018,-0.013,-0.064
2024/01/01 19:32:00,-0.016,-0.034,-0.021,0.010,-0.022,0.007,-0.054
2024/01/01 19:33:00,-0.013,-0.004,-0.022,0.012,-0.072,-0.013,-0.073
2024/01/01 19:34:00,-0.001,0.026,-0.010,0.021,-0.032,-0.003,-0.073
2024/01/01 19:35:00,-0.005,0.038,0.024,0.015,0.028,-0.024,-0.063
2024/01/01 19:36:00,0.001,0.025,0.060,-0.007,0.028,-0.044,-0.042
2024/01/01 19:37:00,0.022,0.000,0.075,-0.010,0.028,-0.074,-0.032
2024/01/01 19:38:00,0.047,-0.031,0.063,-0.028,0.068,-0.064,-0.031
2024/01/01 19:39:00,0.053,-0.043,0.038,-0.010,0.088,-0.094,-0.021
2024/01/01 19:40:00,0.046,-0.034,-0.029,-0.017,0.088,-0.064,-0.020
2024/01/01 19:41:00,0.046,-0.014,-0.078,-0.029,0.078,-0.045,0.000
2024/01/01 19:42:00,0.043,0.007,-0.118,-0.035,0.049,-0.015,0.031
2024/01/01 19:43:00,0.034,0.016,-0.124,-0.038,0.089,0.015,0.041
2024/01/01 19:44:00,0.016,0.013,-0.103,-0.020,0.069,0.045,0.022
2024/01/01 19:45:00,0.004,-0.015,-0.045,0.007,-0.001,0.045,-0.028
2024/01/01 19:46:00,0.001,-0.046,0.019,0.037,-0.031,0.054,-0.017
2024/01/01 19:47:00,-0.005,-0.056,0.040,0.043,-0.050,0.054,-0.037
2024/01/01 19:48:00,-0.014,-0.053,0.052,0.049,-0.070,0.044,-0.046
2024/01/01 19:49:00,-0.017,-0.035,0.046,0.039,-0.030,0.044,-0.076
2024/01/01 19:50:00,-0.026,-0.008,0.030,0.021,-0.060,0.014,-0.085
2024/01/01 19:51:00,-0.035,0.009,0.024,0.039,-0.059,-0.037,-0.055
2024/01/01 19:52:00,-0.053,0.000,0.018,0.042,-0.069,0.033,-0.014
2024/01/01 19:53:00,-0.053,-0.010,0.027,0.051,-0.049,0.003,0.007
2024/01/01 19:54:00,-0.058,-0.019,0.030,0.026,-0.048,-0.007,-0.023
2024/01/01 19:55:00,-0.058,-0.007,0.030,0.014,-0.068,-0.027,-0.062
2024/01/01 19:56:00,-0.055,0.014,0.017,0.001,-0.028,-0.028,-0.082
2024/01/01 19:57:00,-0.051,0.026,0.005,-0.014,-0.057,-0.018,-0.051
2024/01/01 19:58:00,-0.042,0.019,-0.016,-0.032,0.003,-0.038,0.009
2024/01/01 19:59:00,-0.023,-0.006,-0.035,-0.048,0.033,-0.038,0.070
2024/01/01 20:00:00,-0.013,-0.015,-0.044,-0.054,0.063,-0.018,0.081
2024/01/01 20:01:00,-0.004,-0.012,-0.038,-0.051,0.034,0.011,0.061
2024/01/01 20:02:00,0.003,0.006,-0.029,-0.051,0.014,0.001,0.002
2024/01/01 20:03:00,0.027,0.021,-0.017,-0.045,-0.016,0.041,-0.008
2024/01/01 20:04:00,0.046,0.030,0.007,-0.030,0.005,0.021,0.003
2024/01/01 20:05:00,0.056,0.029,0.029,-0.021,0.045,0.011,0.003
2024/01/01 20:06:00,0.056,0.014,0.044,-0.003,0.035,-0.020,0.044
2024/01/01 20:07:00,0.066,-0.004,0.050,-0.003,0.016,0.000,0.054
2024/01/01 20:08:00,0.060,-0.020,0.050,0.009,0.026,-0.010,0.065
2024/01/01 20:09:00,0.049,-0.029,0.037,0.021,0.036,-0.020,0.075
2024/01/01 20:10:00,0.034,-0.026,0.010,0.048,0.047,0.000,0.086
2024/01/01 20:11:00,0.034,-0.008,-0.011,0.036,0.027,0.040,0.066
2024/01/01 20:12:00,0.029,0.008,-0.030,0.015,0.017,0.030,0.017
2024/01/01 20:13:00,0.020,0.026,-0.054,0.005,0.008,0.059,-0.033
2024/01/01 20:14:00,0.017,0.020,-0.057,0.002,0.038,0.069,-0.042
2024/01/01 20:15:00,0.012,0.005,-0.054,0.014,-0.012,0.039,-0.012
2024/01/01 20:16:00,-0.003,-0.004,-0.033,0.005,0.009,0.039,0.019
2024/01/01 20:17:00,-0.024,0.005,-0.012,-0.001,0.009,-0.021,0.049
2024/01/01 20:18:00,-0.039,0.029,0.019,-0.016,-0.011,0.039,0.039
2024/01/01 20:19:00,-0.060,0.045,0.049,-0.031,-0.051,0.009,0.060
2024/01/01 20:20:00,-0.077,0.057,0.065,-0.047,-0.090,-0.022,0.060
2024/01/01 20:21:00,-0.080,0.051,0.065,-0.047,-0.050,-0.002,0.050
2024/01/01 20:22:00,-0.070,0.027,0.062,-0.022,0.020,0.008,0.001
2024/01/01 20:23:00,-0.058,0.003,0.040,-0.004,0.030,-0.002,-0.029
2024/01/01 20:24:00,-0.045,-0.009,0.025,-0.001,0.001,-0.032,-0.079
2024/01/01 20:25:00,-0.020,-0.011,0.004,0.002,0.021,-0.052,-0.088
2024/01/01 20:26:00,-0.008,-0.011,-0.002,0.006,0.061,-0.042,-0.088
2024/01/01 20:27:00,0.008,-0.011,-0.023,0.033,0.101,-0.112,-0.078
2024/01/01 20:28:00,0.005,-0.013,-0.047,0.039,0.081,-0.102,-0.088
2024/01/01 20:29:00,0.011,-0.010,-0.060,0.049,0.062,-0.082,-0.067
2024/01/01 20:30:00,0.009,0.003,-0.075,0.046,0.042,-0.052,-0.047
2024/01/01 20:31:00,0.009,0.012,-0.081,0.024,-0.038,-0.042,-0.027
2024/01/01 20:32:00,0.009,0.016,-0.074,0.018,-0.058,-0.062,-0.037
2024/01/01 20:33:00,0.019,0.001,-0.053,0.006,-0.058,-0.002,-0.037
2024/01/01 20:34:00,0.022,-0.026,-0.016,0.004,-0.078,-0.003,-0.017
2024/01/01 20:35:00,0.019,-0.034,0.030,0.010,-0.108,0.007,0.023
2024/01/01 20:36:00,0.025,-0.022,0.051,0.016,-0.117,0.037,0.053
2024/01/01 20:37:00,0.026,0.003,0.064,0.001,-0.107,0.057,0.053
2024/01/01 20:38:00,0.023,0.025,0.055,-0.014,-0.077,0.087,0.054
2024/01/01 20:39:00,0.008,0.035,0.022,-0.029,-0.057,0.107,0.014
2024/01/01 20:40:00,0.005,0.018,-0.006,-0.026,-0.067,0.127,0.024
2024/01/01 20:41:00,0.002,-0.003,-0.021,-0.023,-0.057,0.127,0.044
2024/01/01 20:42:00,-0.004,-0.033,-0.030,-0.019,-0.047,0.117,0.054
2024/01/01 20:43:00,-0.007,-0.060,-0.014,-0.016,0.033,0.057,0.064
2024/01/01 20:44:00,-0.019,-0.071,0.017,-0.010,0.083,0.017,0.093
2024/01/01 20:45:00,-0.013,-0.064,0.041,-0.009,0.083,0.017,0.063
2024/01/01 20:46:00,-0.010,-0.039,0.060,0.000,0.053,-0.022,0.013
2024/01/01 20:47:00,-0.013,-0.008,0.057,-0.003,0.023,-0.012,0.003
2024/01/01 20:48:00,-0.019,0.026,0.039,-0.015,0.053,-0.012,-0.007
2024/01/01 20:49:00,-0.012,0.033,0.015,-0.005,0.063,-0.012,-0.007
2024/01/01 20:50:00,-0.009,0.015,0.000,-0.008,0.033,-0.012,0.013
2024/01/01 20:51:00,0.000,-0.008,-0.018,-0.011,-0.007,-0.022,0.003
2024/01/01 20:52:00,0.006,-0.029,-0.018,-0.011,0.003,-0.052,0.003
2024/01/01 20:53:00,0.018,-0.031,-0.005,-0.001,-0.047,-0.072,0.003
2024/01/01 20:54:00,0.024,-0.012,0.019,0.014,-0.017,-0.112,-0.018
2024/01/01 20:55:00,0.028,0.016,0.029,0.012,-0.007,-0.152,-0.028
2024/01/01 20:56:00,0.037,0.038,0.023,0.015,-0.007,-0.142,-0.048
2024/01/01 20:57:00,0.046,0.057,-0.004,0.015,0.023,-0.112,-0.068
2024/01/01 20:58:00,0.034,0.057,-0.031,0.022,0.033,-0.122,-0.068
2024/01/01 20:59:00,0.022,0.043,-0.064,0.031,0.053,-0.052,-0.058
2024/01/01 21:00:00,0.016,0.010,-0.082,0.037,0.013,-0.022,-0.038
2024/01/01 21:01:00,0.010,-0.017,-0.079,0.038,0.043,-0.012,-0.039
2024/01/01 21:02:00,-0.012,-0.028,-0.054,0.038,0.003,0.018,-0.029
2024/01/01 21:03:00,-0.018,-0.028,-0.018,0.035,-0.047,0.068,-0.019
2024/01/01 21:04:00,-0.015,-0.012,0.022,0.029,-0.087,0.048,0.001
2024/01/01 21:05:00,-0.008,0.022,0.053,0.030,-0.087,0.048,0.021
2024/01/01 21:06:00,-0.005,0.035,0.066,0.027,-0.077,0.048,0.021
2024/01/01 21:07:00,0.004,0.023,0.054,0.021,-0.057,0.058,0.000
2024/01/01 21:08:00,0.013,-0.013,0.033,0.003,0.033,0.038,0.000
2024/01/01 21:09:00,0.010,-0.046,0.009,-0.009,0.033,0.058,0.010
2024/01/01 21:10:00,-0.002,-0.057,-0.013,-0.018,0.073,0.108,0.000
2024/01/01 21:11:00,-0.017,-0.045,-0.034,-0.024,0.103,0.108,-0.020
2024/01/01 21:12:00,-0.023,0.001,-0.039,-0.036,0.123,0.088,-0.070
2024/01/01 21:13:00,-0.038,0.045,-0.036,-0.026,0.103,0.108,-0.050
2024/01/01 21:14:00,-0.041,0.069,-0.039,-0.032,0.093,0.088,-0.050
2024/01/01 21:15:00,-0.034,0.067,-0.036,-0.032,0.073,0.088,0.010
2024/01/01 21:16:00,-0.019,0.046,-0.036,-0.044,0.063,0.078,-0.001
2024/01/01 21:17:00,-0.001,0.022,-0.032,-0.043,0.023,0.028,-0.001
2024/01/01 21:18:00,0.027,0.010,-0.014,-0.043,-0.046,0.018,-0.021
2024/01/01 21:19:00,0.046,0.004,0.008,-0.034,-0.076,-0.022,-0.011
2024/01/01 21:20:00,0.058,-0.002,0.039,-0.034,-0.096,-0.032,0.009
2024/01/01 21:21:00,0.058,-0.011,0.075,-0.009,-0.096,-0.042,0.049
2024/01/01 21:22:00,0.056,-0.010,0.094,-0.012,-0.136,-0.062,0.079
2024/01/01 21:23:00,0.044,-0.013,0.085,-0.012,-0.116,-0.062,0.099
2024/01/01 21:24:00,0.029,-0.010,0.064,-0.008,-0.086,-0.102,0.129
2024/01/01 21:25:00,0.011,0.000,0.009,-0.002,-0.016,-0.062,0.139
2024/01/01 21:26:00,0.012,0.009,-0.037,0.020,0.035,-0.112,0.109
2024/01/01 21:27:00,0.015,0.012,-0.070,0.026,0.045,-0.112,0.049
2024/01/01 21:28:00,0.021,0.012,-0.100,0.032,0.055,-0.112,0.020
2024/01/01 21:29:00,0.022,0.015,-0.082,0.026,0.095,-0.072,0.010
2024/01/01 21:30:00,0.031,0.009,-0.036,0.039,0.125,-0.043,0.020
2024/01/01 21:31:00,0.038,0.003,0.028,0.033,0.106,-0.023,0.020
2024/01/01 21:32:00,0.023,0.000,0.065,0.033,0.026,0.007,0.020
2024/01/01 21:33:00,0.006,-0.009,0.074,0.024,-0.014,0.057,-0.010
2024/01/01 21:34:00,-0.006,-0.018,0.056,0.018,-0.014,0.037,-0.020
2024/01/01 21:35:00,-0.030,-0.018,0.013,0.009,-0.013,0.067,-0.039
2024/01/01 21:36:00,-0.038,-0.024,-0.042,-0.003,-0.033,0.117,-0.039
2024/01/01 21:37:00,-0.044,-0.027,-0.084,-0.005,-0.083,0.107,-0.049
2024/01/01 21:38:00,-0.046,-0.021,-0.093,-0.005,-0.052,0.106,-0.059
2024/01/01 21:39:00,-0.040,-0.015,-0.081,-0.020,-0.032,0.036,-0.059
2024/01/01 21:40:00,-0.033,-0.012,-0.023,-0.026,0.028,0.036,-0.018
2024/01/01 21:41:00,-0.026,-0.009,0.053,-0.050,0.019,0.026,0.022
2024/01/01 21:42:00,-0.019,-0.009,0.105,-0.050,0.029,0.046,0.012
2024/01/01 21:43:00,-0.022,-0.009,0.114,-0.031,0.039,-0.015,0.013
2024/01/01 21:44:00,-0.021,-0.009,0.096,-0.019,0.020,-0.025,-0.017
2024/01/01 21:45:00,-0.017,-0.009,0.060,0.006,0.040,-0.025,-0.047
2024/01/01 21:46:00,-0.011,0.000,0.005,0.024,0.030,-0.035,-0.046
2024/01/01 21:47:00,-0.013,0.012,-0.035,0.022,-0.029,-0.035,-0.036
2024/01/01 21:48:00,-0.018,0.015,-0.071,0.016,-0.009,-0.056,-0.056
2024/01/01 21:49:00,-0.014,0.012,-0.071,0.013,-0.008,-0.036,-0.085
2024/01/01 21:50:00,-0.017,-0.004,-0.056,0.025,-0.038,-0.076,-0.075
2024/01/01 21:51:00,-0.019,-0.016,-0.029,0.017,-0.048,-0.026,-0.065
2024/01/01 21:52:00,-0.021,-0.019,0.008,0.002,-0.087,-0.036,-0.014
2024/01/01 21:53:00,-0.024,-0.007,0.042,-0.007,-0.107,-0.027,0.016
2024/01/01 21:54:00,-0.026,0.002,0.051,-0.013,-0.066,0.023,0.047
2024/01/01 21:55:00,-0.022,0.011,0.057,-0.022,-0.046,-0.057,0.017
2024/01/01 21:56:00,-0.018,0.002,0.048,-0.040,-0.035,-0.027,-0.012
2024/01/01 21:57:00,-0.014,-0.019,0.030,-0.039,0.005,-0.017,-0.002
2024/01/01 21:58:00,-0.008,-0.047,-0.007,-0.042,-0.044,-0.088,-0.002
2024/01/01 21:59:00,0.002,-0.059,-0.043,-0.048,-0.024,-0.108,0.049
2024/01/01 22:00:00,0.012,-0.044,-0.068,-0.060,-0.003,-0.048,0.069
2024/01/01 22:01:00,0.025,-0.026,-0.080,-0.038,0.007,0.002,0.100
2024/01/01 22:02:00,0.026,0.002,-0.074,-0.016,-0.002,-0.028,0.070
2024/01/01 22:03:00,0.030,0.026,-0.040,0.009,0.008,0.081,0.061
2024/01/01 22:04:00,0.024,0.038,0.006,0.025,0.048,0.021,0.021
2024/01/01 22:05:00,0.019,0.026,0.049,0.037,0.059,0.191,0.002
2024/01/01 22:06:00,0.004,0.014,0.079,0.041,0.059,0.151,-0.028
2024/01/01 22:07:00,-0.007,-0.001,0.079,0.056,0.060,0.141,-0.017
2024/01/01 22:08:00,-0.015,0.002,0.058,0.048,0.060,0.101,-0.037
2024/01/01 22:09:00,-0.021,0.017,0.025,0.067,0.031,0.040,-0.027
2024/01/01 22:10:00,-0.029,0.026,-0.012,0.085,0.021,0.020,-0.016
2024/01/01 22:11:00,-0.029,0.029,-0.051,0.095,0.042,-0.060,-0.026
2024/01/01 22:12:00,-0.016,0.023,-0.066,0.083,0.072,-0.070,0.015
2024/01/01 22:13:00,-0.009,0.008,-0.069,0.060,0.043,-0.070,-0.025
2024/01/01 22:14:00,0.001,-0.010,-0.039,0.042,0.003,-0.080,0.006
2024/01/01 22:15:00,0.016,-0.016,-0.011,0.030,-0.026,-0.090,-0.004
2024/01/01 22:16:00,0.017,0.000,0.017,0.028,-0.036,-0.030,0.017
2024/01/01 22:17:00,0.011,0.021,0.035,0.019,-0.025,-0.020,0.007
2024/01/01 22:18:00,0.012,0.034,0.035,0.017,-0.025,-0.050,0.018
2024/01/01 22:19:00,0.000,0.049,0.017,0.002,-0.044,-0.110,-0.032
2024/01/01 22:20:00,-0.014,0.050,-0.004,-0.033,-0.044,-0.160,-0.032
2024/01/01 22:21:00,-0.026,0.035,-0.022,-0.051,-0.094,-0.070,-0.021
2024/01/01 22:22:00,-0.032,0.020,-0.034,-0.069,-0.073,-0.070,-0.011
2024/01/01 22:23:00,-0.028,0.002,-0.022,-0.077,-0.023,-0.090,-0.010
2024/01/01 22:24:00,-0.019,-0.013,-0.006,-0.077,0.018,-0.010,-0.040
2024/01/01 22:25:00,-0.024,-0.019,0.031,-0.076,0.048,0.050,-0.050
2024/01/01 22:26:00,-0.015,-0.021,0.043,-0.075,0.099,0.080,-0.059
2024/01/01 22:27:00,-0.009,-0.024,0.041,-0.083,0.089,0.050,-0.049
2024/01/01 22:28:00,-0.002,-0.023,0.020,-0.080,0.119,0.080,-0.039
2024/01/01 22:29:00,-0.005,-0.020,-0.017,-0.070,0.120,0.150,0.002
2024/01/01 22:30:00,-0.005,-0.016,-0.041,-0.066,0.050,0.070,0.012
2024/01/01 22:31:00,0.002,-0.022,-0.047,-0.062,-0.039,0.220,0.012
2024/01/01 22:32:00,0.014,-0.031,-0.043,-0.046,-0.049,0.271,0.013
2024/01/01 22:33:00,0.024,-0.033,0.003,-0.045,-0.049,0.101,0.023
2024/01/01 22:34:00,0.036,-0.042,0.031,-0.020,-0.018,0.071,0.003
2024/01/01 22:35:00,0.036,-0.041,0.052,0.002,-0.008,0.081,0.024
2024/01/01 22:36:00,0.039,-0.031,0.041,0.021,-0.028,0.032,0.024
2024/01/01 22:37:00,0.033,-0.019,0.017,0.031,-0.007,0.042,0.024
2024/01/01 22:38:00,0.021,-0.003,-0.017,0.038,-0.027,-0.038,0.024
2024/01/01 22:39:00,0.006,0.010,-0.028,0.047,0.024,-0.058,0.005
2024/01/01 22:40:00,0.000,0.020,-0.040,0.079,0.064,-0.047,0.005
2024/01/01 22:41:00,-0.006,0.015,-0.031,0.089,0.034,-0.087,0.015
2024/01/01 22:42:00,-0.003,0.000,-0.006,0.102,0.025,-0.117,0.035
2024/01/01 22:43:00,-0.009,-0.005,0.016,0.099,-0.035,-0.126,0.006
2024/01/01 22:44:00,0.000,-0.008,0.016,0.097,-0.065,-0.116,0.026
2024/01/01 22:45:00,0.006,-0.001,0.023,0.082,-0.044,-0.105,0.026
2024/01/01 22:46:00,0.015,0.015,0.011,0.074,-0.084,-0.075,0.036
2024/01/01 22:47:00,0.021,0.031,0.005,0.059,-0.074,-0.114,0.076
2024/01/01 22:48:00,0.024,0.041,-0.003,0.051,-0.103,-0.054,0.067
2024/01/01 22:49:00,0.027,0.038,-0.003,0.033,-0.113,-0.063,0.067
2024/01/01 22:50:00,0.026,0.027,-0.002,0.001,-0.083,-0.103,0.017
2024/01/01 22:51:00,0.014,0.003,0.010,-0.023,-0.083,-0.052,0.007
2024/01/01 22:52:00,0.008,-0.008,0.008,-0.053,-0.022,-0.062,-0.053
2024/01/01 22:53:00,0.004,-0.007,0.008,-0.062,-0.022,-0.011,-0.032
2024/01/01 22:54:00,-0.002,0.002,-0.001,-0.073,-0.022,0.049,-0.052
2024/01/01 22:55:00,-0.005,0.012,-0.016,-0.088,-0.001,0.110,-0.022
2024/01/01 22:56:00,-0.009,0.013,-0.024,-0.093,0.059,0.190,-0.012
2024/01/01 22:57:00,-0.003,0.008,-0.039,-0.093,0.059,0.181,-0.012
2024/01/01 22:58:00,0.000,0.005,-0.027,-0.092,0.070,0.152,-0.032
2024/01/01 22:59:00,-0.001,0.006,-0.017,-0.080,0.100,0.172,-0.021
2024/01/01 23:00:00,0.008,0.013,0.002,-0.061,0.120,0.143,-0.041
2024/01/01 23:01:00,0.014,0.016,0.027,-0.042,0.121,0.124,-0.001
2024/01/01 23:02:00,0.019,0.026,0.030,-0.015,0.131,0.124,-0.001
2024/01/01 23:03:00,0.022,0.027,0.033,0.001,0.101,0.025,0.009
2024/01/01 23:04:00,0.025,0.021,0.022,0.017,0.072,0.046,-0.010
2024/01/01 23:05:00,0.021,0.013,0.019,0.032,0.042,0.016,0.030
2024/01/01 23:06:00,0.015,-0.002,0.013,0.054,0.003,-0.003,0.030
2024/01/01 23:07:00,0.011,-0.010,0.019,0.072,0.023,0.008,0.040
2024/01/01 23:08:00,0.008,-0.019,0.023,0.079,-0.007,-0.021,0.040
2024/01/01 23:09:00,0.004,-0.021,0.029,0.091,0.004,-0.071,0.031
2024/01/01 23:10:00,0.010,-0.018,0.026,0.091,0.034,-0.070,0.001
2024/01/01 23:11:00,0.015,-0.014,0.012,0.097,0.004,-0.109,0.001
2024/01/01 23:12:00,0.018,0.002,-0.013,0.079,-0.025,-0.068,-0.059
2024/01/01 23:13:00,0.026,0.020,-0.037,0.070,-0.045,-0.108,-0.048
2024/01/01 23:14:00,0.032,0.033,-0.046,0.055,-0.054,-0.157,-0.048
2024/01/01 23:15:00,0.034,0.030,-0.042,0.037,-0.104,-0.106,-0.018
2024/01/01 23:16:00,0.040,0.016,-0.024,0.024,-0.103,-0.175,-0.007
2024/01/01 23:17:00,0.036,-0.008,0.013,0.006,-0.093,-0.124,0.013
2024/01/01 23:18:00,0.036,-0.029,0.040,-0.012,-0.092,-0.154,0.033
2024/01/01 23:19:00,0.035,-0.026,0.053,-0.022,-0.062,-0.103,0.034
2024/01/01 23:20:00,0.028,-0.007,0.053,-0.022,-0.061,-0.162,0.024
2024/01/01 23:21:00,0.028,0.002,0.026,-0.040,-0.041,-0.081,0.024
2024/01/01 23:22:00,0.012,0.009,-0.005,-0.050,-0.050,-0.080,0.025
2024/01/01 23:23:00,0.005,0.009,-0.035,-0.068,-0.030,0.000,0.035
2024/01/01 23:24:00,-0.005,0.000,-0.053,-0.066,-0.019,0.021,0.026
2024/01/01 23:25:00,-0.012,-0.015,-0.050,-0.057,-0.019,0.022,0.006
2024/01/01 23:26:00,-0.012,-0.021,-0.026,-0.051,-0.028,0.103,-0.014
2024/01/01 23:27:00,-0.016,-0.018,0.005,-0.052,-0.017,0.164,-0.003
2024/01/01 23:28:00,-0.011,-0.011,0.029,-0.043,0.053,0.195,0.007
2024/01/01 23:29:00,-0.005,-0.005,0.035,-0.037,0.064,0.175,0.008
2024/01/01 23:30:00,0.000,0.004,0.020,-0.044,0.054,0.226,0.028
2024/01/01 23:31:00,-0.007,0.004,-0.007,-0.038,0.035,0.157,-0.001
2024/01/01 23:32:00,-0.011,-0.002,-0.047,-0.030,0.006,0.108,-0.001
2024/01/01 23:33:00,-0.024,-0.002,-0.065,-0.009,0.056,0.069,-0.030
2024/01/01 23:34:00,-0.040,-0.008,-0.069,0.005,0.007,0.050,-0.050
2024/01/01 23:35:00,-0.059,-0.008,-0.053,0.014,0.018,0.050,-0.049
2024/01/01 23:36:00,-0.072,-0.011,-0.014,0.013,-0.011,0.021,-0.058
2024/01/01 23:37:00,-0.079,-0.002,0.032,0.022,-0.021,0.002,-0.058
2024/01/01 23:38:00,-0.070,0.007,0.053,0.024,-0.020,-0.037,-0.067
2024/01/01 23:39:00,-0.065,0.007,0.056,0.038,0.021,-0.066,-0.057
2024/01/01 23:40:00,-0.048,0.010,0.047,0.031,-0.029,-0.095,-0.066
2024/01/01 23:41:00,-0.033,0.007,0.019,0.034,-0.008,-0.115,-0.035
2024/01/01 23:42:00,-0.025,0.007,-0.018,0.042,0.053,-0.124,-0.005
2024/01/01 23:43:00,-0.026,0.001,-0.039,0.047,0.084,-0.153,0.046
2024/01/01 23:44:00,-0.036,-0.011,-0.049,0.028,0.105,-0.112,0.047
2024/01/01 23:45:00,-0.046,-0.027,-0.040,0.018,0.105,-0.121,0.047
2024/01/01 23:46:00,-0.059,-0.039,-0.012,0.008,0.076,-0.071,0.028
2024/01/01 23:47:00,-0.063,-0.052,0.027,0.004,0.027,-0.020,-0.001
2024/01/01 23:48:00,-0.070,-0.052,0.045,-0.015,0.028,-0.039,-0.010
2024/01/01 23:49:00,-0.068,-0.034,0.048,-0.025,0.009,0.072,-0.030
2024/01/01 23:50:00,-0.054,-0.012,0.020,-0.032,-0.040,0.073,0.001
2024/01/01 23:51:00,-0.040,-0.004,0.005,-0.036,-0.059,0.023,-0.008
2024/01/01 23:52:00,-0.029,-0.004,-0.044,-0.053,-0.069,0.024,0.023
2024/01/01 23:53:00,-0.017,-0.007,-0.078,-0.072,-0.068,0.045,0.013
2024/01/01 23:54:00,-0.025,-0.028,-0.078,-0.070,-0.057,0.006,0.024
2024/01/01 23:55:00,-0.029,-0.035,-0.066,-0.068,-0.036,0.007,0.025
2024/01/01 23:56:00,-0.039,-0.035,-0.033,-0.063,-0.025,-0.003,0.006
2024/01/01 23:57:00,-0.055,-0.023,0.007,-0.066,0.066,0.018,0.006
2024/01/01 23:58:00,-0.071,-0.011,0.043,-0.067,0.067,0.019,-0.013
2024/01/01 23:59:00,-0.088,-0.008,0.046,-0.062,0.098,0.030,-0.012
2024/01/02 00:00:00,-0.098,-0.011,0.024,-0.045,0.099,0.081,-0.001