Time_min_Tide,Kushiro_Tide,Miyako_Tide,Ofunato_Tide,Ayukawa_Tide,Onahama_Tide,Chichijima_Tide,Hachijojima_Tide,Irozaki_Tide,Omaezaki_Tide,Kushimoto_Tide,Muroto_Tide,Tosashimizu_Tide,Aburatsu_Tide,Makurazaki_Tide,Amami_Tide
0,95,67,73,56,52,38,94,53,43,47,70,45,41,47,42
5,99,65,70,61,58,38,95,57,46,57,68,51,35,28,48
10,102,67,71,64,61,37,97,57,47,58,69,52,37,32,43
15,103,68,72,61,60,39,101,60,50,54,72,53,42,50,41
20,104,71,76,66,60,36,100,59,49,56,71,51,43,29,59
25,104,74,80,66,65,42,103,64,51,59,76,57,47,41,49
30,102,72,77,61,68,45,103,62,53,63,75,62,50,43,48
35,106,75,83,70,64,43,101,66,55,61,81,58,49,47,53
40,107,74,80,71,63,43,109,69,60,62,81,60,48,38,59
45,110,77,85,69,64,48,107,70,62,68,84,66,52,40,52
50,111,77,88,75,69,47,108,70,61,69,86,68,57,55,61
55,112,81,87,78,71,48,116,75,63,69,87,68,58,46,51
60,114,83,86,77,72,50,111,79,66,74,92,73,56,40,68
65,113,84,87,74,74,49,115,80,70,70,92,77,60,62,64
70,113,84,91,81,73,55,120,81,71,81,96,74,62,49,65
75,114,85,93,84,75,57,116,81,70,80,95,77,65,57,77
80,114,86,88,83,77,56,122,81,74,76,99,83,70,52,61
85,118,90,93,84,80,55,123,86,75,83,100,87,73,72,70
90,118,85,94,82,78,56,123,90,78,84,103,84,72,53,79
95,119,86,98,89,80,62,126,90,82,88,107,89,73,70,75
100,122,88,93,89,84,61,130,92,79,93,108,93,79,74,79
105,124,89,93,86,85,60,126,93,82,84,110,93,80,69,79
110,122,91,96,89,84,67,131,97,88,94,110,96,81,70,85
115,120,94,97,94,85,65,135,98,90,99,120,98,83,81,91
120,121,93,101,89,87,67,131,101,92,98,117,99,90,75,93
125,124,93,101,92,88,67,135,101,94,98,121,102,90,80,84
130,124,95,98,90,90,68,137,104,94,97,121,105,89,91,95
135,123,95,96,92,88,69,136,106,95,109,125,104,91,99,98
140,124,95,106,94,87,68,139,105,98,107,129,108,99,79,90
145,125,96,103,95,91,71,144,107,100,107,127,119,100,95,111
150,125,94,101,100,92,75,141,112,102,107,130,121,99,106,96
155,126,94,104,100,89,74,140,114,103,110,132,112,102,104,104
160,127,95,103,92,90,77,148,115,105,119,136,112,110,95,118
165,126,96,109,98,91,78,144,115,106,113,136,124,111,110,103
170,125,96,103,92,91,74,145,118,107,112,139,130,107,117,118
175,124,95,101,97,90,82,148,119,109,120,142,123,108,110,114
180,124,94,104,99,92,86,148,121,113,126,142,121,116,113,113
185,123,96,100,93,94,80,148,124,112,122,145,128,124,124,124
190,123,98,106,96,93,82,147,125,113,123,141,134,120,130,124
195,125,95,103,94,92,87,152,124,116,126,149,134,120,109,118
200,125,94,102,94,92,86,153,125,115,128,149,134,122,130,129
205,125,95,103,95,96,82,151,126,117,132,155,136,124,146,128
210,127,95,102,95,95,86,156,129,119,129,152,139,118,129,131
215,127,96,102,92,95,89,154,127,117,130,154,139,128,135,133
220,128,95,107,93,94,91,155,130,120,136,157,140,135,141,139
225,126,96,105,97,98,89,153,130,122,136,156,144,130,145,129
230,126,95,105,96,98,89,155,129,121,136,160,143,127,153,148
235,124,94,104,99,95,96,157,133,120,138,158,144,137,140,139
240,124,96,102,94,93,92,156,133,123,137,164,148,139,147,137
245,124,95,105,95,91,88,155,132,125,140,162,149,131,167,148
250,125,94,101,99,91,96,159,133,127,139,160,149,135,162,145
255,126,93,103,97,93,94,155,133,127,145,166,152,146,147,148
260,126,94,104,98,92,88,157,135,124,139,162,153,142,163,148
265,125,95,98,92,91,96,161,135,124,142,168,153,134,185,154
270,123,96,102,95,92,94,157,136,125,147,162,152,146,150,152
275,121,95,99,101,92,94,155,137,127,146,170,155,151,162,147
280,121,95,104,94,94,96,157,135,129,142,163,151,144,186,159
285,124,95,104,96,97,95,162,134,125,145,173,154,144,181,158
290,126,93,105,93,97,96,155,136,123,146,169,157,151,154,153
295,125,91,99,94,93,96,158,135,127,149,169,157,145,189,162
300,123,91,101,97,91,96,160,135,130,147,170,158,141,186,160
305,119,90,103,91,95,96,156,136,125,145,170,159,149,170,157
310,120,91,100,95,94,97,156,137,126,148,171,159,158,184,161
315,122,92,96,96,91,96,161,136,129,150,171,152,150,187,161
320,124,92,101,94,93,99,157,136,128,149,170,155,143,186,156
325,122,93,98,100,89,98,156,138,128,148,173,165,148,184,167
330,120,92,97,96,89,94,155,138,129,144,168,165,154,191,165
335,119,90,101,87,89,97,158,135,125,152,173,158,151,190,160
340,119,88,98,96,90,100,157,134,126,149,171,159,146,185,169
345,120,88,98,95,88,95,152,134,127,147,168,162,152,193,166
350,121,88,97,90,89,96,154,133,126,145,171,156,156,185,158
355,119,88,99,92,89,99,158,133,124,148,166,150,148,191,171
360,117,89,98,88,90,95,153,133,124,150,172,156,142,201,158
365,115,88,96,92,87,95,153,133,124,145,165,160,151,183,165
370,117,89,92,93,85,92,154,134,126,144,170,158,158,199,166
375,118,90,93,87,85,95,153,134,124,145,166,155,151,193,163
380,120,87,98,90,87,96,150,129,120,148,167,158,147,187,166
385,116,86,95,89,87,92,154,133,124,145,166,158,150,203,162
390,116,85,91,85,86,94,151,132,124,140,167,153,146,190,163
395,116,84,92,85,86,99,151,130,118,142,165,150,142,195,156
400,116,85,92,90,84,92,150,128,120,144,164,151,148,198,168
405,114,83,90,85,82,90,150,129,119,144,166,154,149,193,161
410,113,84,91,88,82,96,148,127,118,138,162,156,140,194,160
415,112,83,89,85,82,92,145,128,117,139,163,152,145,198,160
420,113,86,94,83,83,92,149,126,118,141,159,146,153,191,160
425,114,86,91,89,82,91,145,126,114,137,162,148,144,192,162
430,116,85,89,85,83,89,147,122,113,141,157,149,132,190,153
435,115,82,90,80,83,89,146,124,114,132,160,145,138,199,156
440,114,82,92,88,80,88,144,120,115,134,156,141,140,188,154
445,112,82,91,83,81,90,146,120,112,134,153,143,138,190,152
450,111,83,84,83,83,88,144,118,111,135,156,149,136,190,156
455,114,83,88,86,80,85,141,120,109,130,151,143,142,185,147
460,116,83,96,77,78,87,145,120,111,128,153,134,135,185,156
465,115,85,88,88,77,88,142,118,110,130,148,136,127,184,147
470,114,85,87,87,76,84,140,116,105,129,151,140,131,184,144
475,117,86,88,82,78,83,141,113,105,130,147,135,136,183,154
480,117,85,87,83,77,84,138,115,103,123,148,133,131,175,147
485,117,84,91,84,76,85,134,113,107,122,143,130,121,185,142
490,115,83,90,85,78,80,140,112,105,130,146,133,123,178,144
495,115,84,88,85,80,79,138,112,103,122,141,133,130,176,140
500,115,82,92,82,82,85,136,107,98,120,141,127,133,178,141
505,116,84,88,82,81,82,136,108,98,119,141,129,123,171,134
510,118,84,87,89,79,77,137,110,101,121,142,127,117,176,143
515,118,83,93,85,81,80,133,109,98,119,138,123,117,174,132
520,115,87,92,86,84,82,137,106,101,118,137,123,120,164,137
525,115,88,92,88,83,79,136,107,97,115,137,125,116,168,137
530,117,87,90,82,79,74,134,108,98,116,131,122,116,171,127
535,119,87,94,86,79,77,133,105,95,119,136,121,120,161,133
540,119,88,98,88,80,83,134,107,97,112,131,119,117,158,128
545,120,89,93,87,82,76,130,107,95,112,131,119,112,167,127
550,120,90,98,90,83,75,135,104,94,113,128,116,111,159,129
555,121,89,96,86,81,79,133,103,92,116,132,117,114,151,123
560,121,93,97,89,81,77,131,105,95,111,130,116,111,159,130
565,121,89,100,96,81,77,134,101,95,108,126,113,107,156,117
570,122,91,95,89,85,75,134,103,92,107,128,116,108,149,121
575,125,92,96,90,86,76,131,104,90,110,128,117,111,148,120
580,125,91,96,94,85,77,135,106,93,112,127,115,107,153,122
585,121,92,98,93,83,73,132,104,92,109,127,110,103,144,122
590,122,93,98,93,84,72,132,102,89,103,123,113,102,137,114
595,123,95,98,94,87,75,134,103,94,110,130,110,104,148,119
600,126,94,101,92,88,77,130,102,94,110,123,111,109,136,109
605,127,94,98,95,85,71,133,103,91,107,127,112,104,136,117
610,128,96,105,95,86,72,135,104,92,105,123,113,100,143,114
615,127,96,102,94,87,73,128,106,94,106,124,110,102,129,108
620,126,97,102,98,89,75,136,104,90,107,125,111,102,137,117
625,126,98,101,96,91,74,137,103,92,111,126,113,99,134,109
630,128,99,104,98,91,73,130,106,95,100,121,110,98,130,110
635,127,100,108,99,91,73,134,106,93,106,125,107,103,128,111
640,126,101,103,97,92,77,136,104,95,110,123,109,102,130,109
645,126,100,104,101,95,75,132,104,93,101,123,112,99,132,111
650,131,100,106,103,95,74,134,106,96,106,124,111,105,119,108
655,134,100,107,101,91,75,139,104,96,105,122,112,106,127,112
660,131,101,107,103,91,77,134,108,96,108,124,110,98,129,104
665,131,102,111,104,94,74,133,109,97,108,123,108,93,119,105
670,134,104,108,102,95,73,141,106,95,103,126,107,101,124,113
675,134,103,107,103,97,77,136,108,98,110,125,109,105,125,107
680,132,104,109,104,96,76,135,108,95,105,123,112,99,120,109
685,132,106,107,110,98,75,138,107,98,110,127,112,99,122,110
690,133,105,109,103,101,76,142,109,97,107,123,106,104,122,106
695,132,103,112,103,99,75,137,108,96,105,130,110,107,118,107
700,130,105,111,109,100,76,137,109,97,112,125,115,99,117,104
705,131,106,113,106,100,78,143,109,99,108,129,116,96,121,111
710,132,106,111,106,101,77,141,112,98,111,127,112,101,121,107
715,133,106,112,107,102,79,138,110,101,111,127,109,106,109,111
720,136,105,115,104,102,83,144,112,101,111,129,116,105,119,112
725,134,107,110,109,102,78,144,114,104,115,131,116,107,116,109
730,133,109,112,110,102,77,142,115,103,113,129,114,107,112,111
735,130,109,118,106,100,82,145,114,103,113,134,113,103,116,112
740,130,107,115,108,103,82,147,117,105,115,130,117,102,121,109
745,130,108,111,108,107,82,147,118,105,115,134,124,107,115,114
750,131,109,115,113,105,82,145,118,105,118,135,124,112,112,115
755,133,109,115,109,106,84,147,119,112,121,136,118,113,124,112
760,134,107,113,110,105,86,150,121,109,117,135,120,113,118,118
765,135,108,112,113,107,83,150,121,109,118,140,127,111,115,119
770,134,109,112,111,107,85,149,124,110,124,140,127,111,124,116
775,131,109,113,114,107,88,153,124,112,126,144,121,113,121,118
780,132,107,114,111,108,88,152,126,112,123,144,122,118,116,120
785,133,107,113,107,108,86,152,125,117,123,145,133,118,123,123
790,131,107,109,114,109,88,155,125,117,129,146,137,119,126,122
795,129,106,111,111,109,90,153,128,116,130,147,133,120,124,121
800,129,105,114,112,108,90,154,128,118,130,150,132,118,127,127
805,130,104,115,107,108,89,158,128,122,127,150,139,124,125,128
810,129,108,112,110,107,89,152,130,121,132,154,141,131,130,126
815,130,105,113,110,107,92,159,133,120,134,151,133,128,127,132
820,130,105,112,107,107,93,157,134,121,136,158,133,120,133,134
825,125,104,113,109,105,94,155,133,123,134,156,144,124,131,130
830,123,103,115,107,106,94,160,134,121,136,156,150,134,129,133
835,124,103,109,111,109,93,161,136,127,139,161,145,134,143,134
840,125,102,112,112,107,96,158,133,125,140,157,144,136,127,138
845,125,101,111,108,106,99,161,135,123,142,163,150,136,138,140
850,122,99,109,105,106,94,160,137,125,140,163,151,134,145,142
855,120,98,104,109,108,96,160,139,129,140,161,145,133,135,142
860,120,99,107,107,108,101,162,136,130,146,169,147,142,141,147
865,120,98,103,102,106,97,159,139,129,143,164,156,143,154,142
870,119,97,99,102,104,96,162,140,127,146,170,157,139,143,152
875,119,97,101,103,105,99,161,140,131,144,168,154,136,148,150
880,119,94,98,98,105,101,161,138,130,147,167,158,144,156,147
885,120,92,105,100,104,100,163,140,133,147,174,161,147,156,154
890,117,93,99,98,102,99,163,140,131,148,174,157,149,153,157
895,113,93,99,96,101,102,161,139,130,150,171,156,147,157,155
900,113,88,103,95,100,100,158,139,131,147,176,161,146,164,154
905,110,88,97,94,100,101,161,141,134,152,171,164,147,157,158
910,108,87,97,94,99,102,164,139,132,150,179,163,151,168,161
915,106,86,91,94,98,102,162,138,131,155,174,162,154,168,157
920,107,86,95,91,98,102,157,142,131,151,179,166,152,162,165
925,107,83,93,92,96,104,160,143,134,151,176,169,151,175,165
930,102,81,91,86,91,103,162,138,133,156,182,166,152,171,168
935,100,77,90,88,89,103,158,137,133,152,174,162,155,170,163
940,100,76,84,83,88,103,158,139,131,154,182,164,157,180,169
945,97,77,84,83,87,104,159,138,130,152,177,172,157,181,164
950,92,74,84,83,87,103,158,137,130,154,181,173,155,170,170
955,92,73,80,80,89,102,154,137,131,152,182,165,156,183,170
960,91,70,81,82,87,106,156,138,131,155,180,166,157,187,170
965,90,69,74,75,85,102,156,135,130,153,179,169,157,177,171
970,86,70,74,73,82,101,151,135,127,150,178,168,156,186,175
975,86,66,75,74,80,104,155,134,129,150,179,165,158,190,172
980,84,63,70,68,80,103,153,133,129,156,181,167,157,191,168
985,84,60,66,70,80,102,152,132,126,149,178,171,158,186,172
990,83,57,66,68,78,103,148,131,124,150,180,168,159,194,179
995,78,58,64,63,74,101,152,129,125,149,176,165,159,199,173
1000,75,56,64,65,73,100,148,129,126,152,179,169,156,189,173
1005,73,54,62,59,70,101,145,129,122,150,175,170,156,191,176
1010,69,53,59,62,67,101,149,127,122,148,178,165,154,205,174
1015,69,49,58,56,64,100,143,125,122,146,173,160,151,196,174
1020,66,49,54,52,60,98,143,124,118,146,175,160,154,188,175
1025,63,45,52,54,58,97,142,122,118,147,174,165,157,199,170
1030,62,43,51,51,57,96,141,121,115,144,174,161,157,203,175
1035,59,41,47,46,57,94,138,122,114,141,171,159,152,194,178
1040,57,37,45,46,55,96,137,118,117,139,171,161,151,191,171
1045,54,36,45,39,54,95,138,115,112,143,171,162,151,204,170
1050,52,34,42,41,51,89,133,113,109,139,165,159,148,198,172
1055,51,33,40,41,50,91,129,111,107,133,167,156,145,193,171
1060,51,31,37,34,49,92,133,109,103,136,162,155,143,203,166
1065,49,28,33,32,47,89,127,108,105,136,164,152,145,200,168
1070,47,26,33,32,46,89,125,107,102,132,161,151,144,187,165
1075,45,24,31,27,43,87,125,102,100,129,158,150,143,198,165
1080,44,21,28,29,42,83,124,102,96,126,157,149,142,200,166
1085,46,21,25,23,39,83,122,98,96,127,151,148,140,189,164
1090,44,21,30,18,37,84,118,95,93,124,156,142,134,192,162
1095,40,17,28,18,33,80,117,93,92,123,147,139,133,197,157
1100,38,14,23,21,30,78,117,91,88,117,152,140,135,187,159
1105,38,13,21,16,27,78,113,89,84,118,143,141,130,185,156
1110,36,14,18,12,25,77,112,86,85,117,144,135,123,195,153
1115,32,14,16,13,24,72,110,86,84,110,139,129,125,189,152
1120,28,10,18,13,24,71,106,83,81,111,138,130,127,185,152
1125,26,6,16,12,24,72,107,82,78,110,138,132,121,186,149
1130,27,6,15,9,20,71,102,78,73,106,132,126,118,188,148
1135,28,5,14,7,18,66,101,73,72,103,132,122,119,177,141
1140,31,5,10,8,16,65,100,72,72,100,128,121,114,174,141
1145,29,2,9,7,15,65,97,70,69,99,125,117,107,188,140
1150,27,0,9,1,14,60,93,66,63,96,124,113,109,167,134
1155,26,1,6,3,13,59,96,64,62,91,122,111,110,168,135
1160,25,-1,6,4,12,57,92,62,63,93,119,116,102,173,133
1165,22,-3,5,0,10,55,88,60,58,89,116,112,97,164,129
1170,21,-1,4,-2,8,54,86,58,56,87,111,102,98,160,125
1175,22,-3,2,-3,7,51,86,55,54,83,112,99,96,162,123
1180,22,-4,2,-4,6,49,83,53,49,82,109,102,94,161,122
1185,21,-7,2,-3,6,50,80,50,51,81,104,101,94,155,112
1190,20,-8,3,-4,6,49,78,49,50,77,101,92,88,150,117
1195,21,-5,-1,-6,6,46,79,47,45,71,99,86,80,155,113
1200,21,-4,2,-3,4,43,74,44,42,76,99,91,81,149,108
1205,20,-7,1,-5,3,36,75,42,42,68,94,90,83,139,106
1210,19,-8,0,-9,1,36,72,41,37,69,93,80,76,144,102
1215,19,-7,1,-5,-1,41,70,40,37,63,90,79,70,133,100
1220,20,-5,-1,-7,-2,43,71,38,34,60,86,81,71,138,98
1225,21,-5,-3,-9,-2,29,70,35,32,65,84,78,71,128,97
1230,22,-8,0,-11,-2,26,64,32,29,58,83,68,64,125,90
1235,22,-11,-1,-10,-4,18,71,32,31,58,79,67,58,128,89
1240,20,-8,-2,-9,-3,39,53,31,29,60,80,69,60,117,90
1245,20,-7,-1,-7,-1,30,64,33,26,53,78,65,62,116,89
1250,20,-5,1,-9,5,7,69,29,24,44,76,63,59,121,76
1255,21,-3,8,-8,8,32,35,30,21,40,77,67,55,108,91
1260,25,0,10,0,14,38,71,33,23,59,59,67,59,109,64
1265,28,4,16,1,11,3,62,29,24,64,69,61,62,107,58
1270,33,-3,-2,4,-9,23,37,18,31,32,64,41,42,99,74
1275,39,-15,-14,-15,-29,34,75,9,29,24,68,25,19,99,68
1280,38,-20,-22,-10,-24,10,50,10,22,48,63,35,20,96,41
1285,26,-15,-20,-16,-13,26,55,17,6,58,57,58,44,86,79
1290,12,-8,-11,-8,4,19,66,27,-4,22,67,59,57,96,62
1295,3,-7,-10,-12,-9,10,25,27,-5,4,58,40,53,84,48
1300,8,-6,4,5,-16,38,54,24,5,44,51,35,38,87,76
1305,16,4,-13,-9,7,11,56,9,19,58,46,34,33,80,46
1310,25,15,13,-5,27,-4,60,0,25,42,46,34,24,67,47
1315,41,16,-10,5,11,34,60,9,15,4,63,27,14,73,61
1320,50,3,-7,-19,-14,27,44,15,-9,12,56,23,10,68,27
1325,43,-13,4,-9,-19,11,50,25,-5,62,34,28,18,71,46
1330,32,-2,18,2,9,9,53,25,29,25,62,45,42,60,32
1335,27,1,23,-8,29,33,41,9,26,21,39,52,51,67,37
1340,35,0,18,15,14,19,46,-2,2,17,38,30,24,68,62
1345,40,1,38,-11,0,-18,55,6,6,40,49,11,3,51,34
1350,41,13,24,-12,3,12,46,6,12,47,33,4,8,54,29
1355,47,28,15,4,7,56,67,19,4,0,57,15,28,51,48
1360,53,29,9,20,9,0,58,15,15,19,43,29,17,46,14
1365,56,12,10,19,3,-49,40,9,11,30,37,42,12,45,23
1370,56,2,20,-6,-16,27,68,8,-18,40,53,37,37,31,17
1375,64,-3,4,8,-4,75,53,9,-7,34,22,20,29,49,24
1380,55,-6,13,26,34,-24,41,16,20,12,63,26,-9,39,65
1385,42,9,24,4,27,-39,70,33,16,33,29,19,-24,26,22
1390,30,34,33,9,26,53,49,29,3,62,47,29,23,39,28
1395,25,45,42,14,49,36,55,25,12,22,42,7,49,52,5
1400,45,52,24,28,2,13,73,27,36,31,58,9,35,31,51
1405,64,36,32,26,18,-46,71,20,40,25,42,43,0,24,35
1410,83,31,52,22,33,2,53,11,27,37,56,58,-1,45,28
1415,105,32,50,41,21,101,57,14,-2,60,39,48,34,26,9
1420,85,36,43,38,21,3,89,32,-7,30,61,38,45,12,-21
1425,76,23,43,48,1,-47,58,30,29,-11,35,12,25,22,108
1430,75,17,53,21,33,23,64,40,54,78,67,-11,3,36,-61
1435,75,36,32,29,96,53,67,33,11,35,59,-1,3,21,130
1440,78,54,31,50,55,25,70,20,15,43,5,47,-2,12,-19
1445,72,53,23,40,-15,-34,69,17,2,20,92,66,36,16,-30
1450,84,47,39,14,-37,28,54,30,17,39,21,37,59,36,113
1455,94,44,37,35,6,36,102,46,87,66,126,11,37,33,13
1460,87,44,52,34,77,49,59,36,58,2,9,12,-27,16,52
1465,73,44,66,78,49,-9,88,32,-29,83,108,125,40,54,-39
1470,75,51,72,54,37,4,111,49,-29,-20,18,25,63,34,70
1475,90,53,57,14,41,77,42,42,46,93,109,23,34,-9,71
1480,79,53,44,54,81,3,95,46,82,54,8,-37,-24,20,-5
1485,50,56,55,50,76,19,104,42,58,3,91,33,18,40,14
1490,61,68,56,33,52,49,78,41,18,64,58,110,56,31,62
1495,108,78,83,79,60,12,102,58,-10,28,69,42,52,-12,43
1500,130,72,61,49,53,51,81,76,53,113,98,10,18,55,36
1505,100,43,83,77,53,45,103,50,102,3,15,52,37,35,23
1510,106,35,78,82,61,20,102,77,67,55,122,102,66,-16,14
1515,115,53,85,61,34,33,72,59,51,73,62,91,37,66,61
1520,97,83,67,67,66,35,119,56,13,48,107,7,11,52,74
1525,83,102,79,16,53,44,105,45,59,135,23,21,43,26,34
1530,93,66,56,110,71,55,101,103,89,-34,109,62,113,42,59
1535,109,84,66,59,63,18,120,47,69,80,105,99,76,66,48
1540,126,43,56,67,46,36,106,90,47,78,68,72,11,18,72
1545,140,79,72,62,92,72,119,78,10,129,131,69,-2,18,23
1550,154,79,83,81,83,59,128,98,119,57,44,78,59,55,71
1555,138,59,88,97,70,17,104,59,74,35,151,86,110,86,54
1560,96,100,95,48,77,61,99,81,59,91,67,75,93,-4,49
1565,78,71,90,94,74,56,131,100,55,128,149,78,54,71,47
1570,78,72,66,103,83,28,119,76,77,64,62,103,56,81,53
1575,93,86,100,72,72,82,100,96,107,76,126,81,77,48,87
1580,121,108,72,83,51,53,153,84,95,45,118,43,88,87,72
1585,130,101,99,81,56,42,111,120,87,163,114,112,70,47,67
1590,125,61,90,89,61,68,118,82,59,94,109,151,51,89,109
1595,126,41,103,93,91,82,159,110,110,76,89,112,81,53,84
1600,126,88,95,129,106,57,138,112,92,97,163,64,111,68,71
1605,158,115,108,98,138,47,111,98,120,101,95,98,114,105,113
1610,126,101,91,68,87,77,133,68,59,146,137,116,79,45,37
1615,93,97,72,97,67,67,164,115,79,117,134,139,72,70,114
1620,100,73,101,61,72,49,119,126,118,63,119,74,118,118,115
1625,125,126,100,94,85,81,136,109,129,97,158,85,130,76,90
1630,122,104,94,69,92,78,165,111,104,165,127,159,100,92,103
1635,134,83,104,60,134,54,125,122,74,133,126,167,70,104,111
1640,163,66,98,114,83,85,135,127,114,56,160,135,97,117,101
1645,157,73,99,128,88,87,149,120,125,136,126,88,126,79,67
1650,129,106,102,73,87,37,156,133,121,148,173,108,136,121,147
1655,119,104,90,66,100,93,153,119,98,130,107,160,112,145,131
1660,110,96,100,114,95,86,134,140,112,123,192,137,80,108,100
1665,96,84,114,86,92,75,160,110,130,98,147,118,125,74,168
1670,95,99,110,109,85,78,165,128,129,138,158,130,152,152,82
1675,116,106,96,98,98,73,135,123,101,174,147,177,147,141,137
1680,148,94,106,116,95,118,151,138,108,134,153,161,113,126,134
1685,163,79,99,98,85,92,173,113,104,75,175,114,111,136,135
1690,137,80,118,55,80,49,151,141,145,173,143,146,133,143,107
1695,114,98,88,118,101,90,159,152,148,181,187,130,127,148,171
1700,121,110,93,106,96,135,143,125,137,117,130,153,131,129,141
1705,118,105,79,124,128,78,171,125,101,125,173,133,150,165,131
1710,104,98,111,91,91,41,170,145,102,131,181,167,158,168,164
1715,117,99,106,67,79,135,136,159,154,193,191,196,117,160,133
1720,125,86,101,117,102,94,191,122,181,173,150,162,136,117,132
1725,129,68,92,64,116,63,142,143,111,102,174,133,176,185,135
1730,134,70,110,92,109,119,158,153,90,131,159,148,167,184,153
1735,163,91,81,76,85,85,184,145,134,185,184,179,130,145,157
1740,142,97,89,112,62,76,175,129,151,202,199,150,124,158,171
1745,101,105,113,116,79,124,147,136,121,107,176,130,142,197,148
1750,77,94,106,91,90,94,147,154,152,122,171,164,163,187,154
1755,97,80,77,82,78,62,182,141,147,173,177,226,181,152,167
1760,112,117,101,45,93,111,145,128,100,196,201,198,179,187,155
1765,143,88,97,128,115,116,162,149,145,171,161,151,136,199,132
1770,158,106,106,100,120,86,183,154,167,115,178,143,109,175,195
1775,132,81,95,89,111,101,137,151,137,127,196,172,150,178,153
1780,105,69,102,93,100,112,170,147,129,215,190,169,196,222,153
1785,118,89,100,60,71,78,190,147,146,174,192,176,185,202,170
1790,129,85,98,130,78,111,138,151,130,170,165,182,151,154,176
1795,111,114,92,93,97,105,169,135,144,100,181,164,142,191,171
1800,109,89,91,85,95,73,182,145,139,175,198,152,161,223,187
1805,110,79,110,77,113,113,153,138,142,201,168,172,165,187,155
1810,124,95,88,95,76,103,154,154,131,146,195,186,166,202,183
1815,146,95,76,87,70,73,181,149,132,133,160,182,157,202,159
1820,142,80,80,54,90,111,143,139,124,141,197,147,149,212,152
1825,127,68,99,52,87,94,161,132,133,175,190,163,153,194,166
1830,99,80,100,108,77,86,170,137,142,179,173,201,165,201,171
1835,93,104,123,112,65,135,150,140,138,137,193,201,182,230,179
1840,108,84,84,104,86,74,152,147,124,140,172,144,162,181,183
1845,123,85,93,50,100,96,169,136,132,159,178,136,144,204,148
1850,119,79,74,76,87,118,160,143,141,195,182,152,147,224,183
1855,110,82,108,102,97,82,148,135,129,135,186,178,149,193,164
1860,102,97,90,56,98,96,163,127,122,170,177,175,144,198,171
1865,118,74,96,99,107,99,167,128,126,142,187,163,171,212,171
1870,120,88,80,119,91,101,144,131,153,169,152,165,170,202,168
1875,115,76,84,94,66,99,162,140,139,158,192,160,154,225,148
1880,117,71,107,92,84,77,155,143,107,118,175,161,157,192,196
1885,105,85,89,59,98,91,137,137,100,169,170,153,177,191,164
1890,107,84,77,88,84,111,184,126,127,145,164,164,153,220,165
1895,116,70,84,105,54,98,133,133,132,146,157,155,111,198,154
1900,112,107,96,84,68,69,153,136,143,126,191,158,124,220,161
1905,102,86,85,72,73,94,153,153,129,151,155,134,161,204,153
1910,110,86,80,58,87,107,135,122,96,167,162,164,162,189,162
1915,121,57,72,104,76,86,165,126,90,108,175,173,152,204,169
1920,137,69,73,65,54,87,136,110,128,141,151,152,151,201,178
1925,135,91,83,72,67,73,133,123,139,139,176,132,146,212,154
1930,115,68,111,82,87,89,174,123,112,155,150,118,137,207,135
1935,110,68,79,52,111,92,126,133,93,151,159,156,138,172,162
1940,91,76,80,80,96,87,137,111,124,104,167,171,134,208,149
1945,71,74,76,79,57,74,140,119,126,155,161,149,132,184,144
1950,101,98,84,63,71,101,155,122,112,125,154,128,137,200,167
1955,120,84,99,69,88,84,138,123,108,145,142,144,135,199,131
1960,126,101,78,107,70,70,138,127,101,120,169,151,136,162,151
1965,130,77,69,97,67,100,140,117,110,114,145,144,137,196,161
1970,103,56,103,58,62,86,143,118,120,150,155,126,139,203,145
1975,106,83,87,91,71,71,124,111,104,110,135,120,121,172,127
1980,122,82,100,95,98,73,154,106,110,143,160,140,121,183,151
1985,127,82,87,60,80,89,125,115,83,110,132,146,134,181,130
1990,110,81,76,69,88,74,133,117,100,116,152,124,127,175,138
1995,96,89,74,59,79,79,143,110,101,135,142,121,117,170,153
2000,109,93,87,86,51,97,135,112,107,132,135,114,119,173,115
2005,117,80,99,105,73,76,132,107,80,129,133,122,124,177,146
2010,129,90,100,74,94,67,139,96,95,77,146,135,118,175,140
2015,126,87,96,55,84,87,133,109,112,151,128,135,115,156,111
2020,114,79,101,83,72,87,122,116,115,118,143,118,124,184,141
2025,111,86,90,103,81,73,143,103,88,105,135,103,115,159,122
2030,118,75,98,91,90,60,131,90,104,120,143,107,103,153,115
2035,120,99,74,80,81,83,122,105,85,102,119,116,104,156,133
2040,127,90,80,97,84,90,143,118,95,140,130,141,117,175,122
2045,119,90,91,97,64,71,133,113,107,92,138,125,127,153,114
2050,129,76,90,79,70,63,113,96,113,113,131,107,120,144,133
2055,127,89,93,110,94,67,152,112,100,97,128,100,93,161,101
2060,114,105,92,103,81,103,118,106,83,127,128,107,82,150,118
2065,107,94,100,120,88,66,132,103,80,116,109,118,112,117,108
2070,93,86,114,96,76,57,128,94,95,87,138,128,125,170,125
2075,104,80,113,73,78,76,124,92,101,115,125,118,109,145,113
2080,123,94,108,92,92,85,125,99,88,106,126,112,94,121,105
2085,144,108,99,84,98,68,134,107,105,117,118,117,102,146,106
2090,143,99,92,81,99,50,140,99,104,112,133,107,112,152,107
2095,136,97,111,95,95,76,121,98,64,94,126,89,97,116,114
2100,135,102,104,86,82,80,117,97,86,111,111,91,80,128,103
2105,132,101,100,85,89,70,143,95,119,106,115,103,97,147,92
2110,127,104,108,88,93,46,115,110,99,126,132,103,111,131,117
2115,131,84,84,81,89,66,114,115,90,81,122,103,106,127,106
2120,123,103,90,114,98,93,152,102,93,100,127,114,93,138,112
2125,123,100,110,112,87,52,142,110,102,122,118,132,113,119,105
2130,128,89,98,111,57,51,126,119,81,93,117,122,114,111,83
2135,138,93,118,112,84,95,134,93,111,113,132,85,88,138,120
2140,128,93,117,102,109,83,141,103,106,86,131,89,63,107,101
2145,139,114,104,91,104,57,119,121,72,111,107,105,86,107,99
2150,136,110,124,112,107,72,129,111,80,117,135,110,121,130,123
2155,120,129,101,125,113,89,157,109,104,95,115,119,129,126,85
2160,110,109,104,113,117,72,128,104,118,120,124,107,98,108,89
2165,108,101,120,109,100,79,145,109,113,96,134,127,84,117,120
2170,137,111,109,97,89,76,135,108,84,107,121,109,97,126,98
2175,155,93,108,95,102,66,122,111,91,119,134,100,116,97,104
2180,145,100,108,95,100,79,158,110,98,112,113,109,116,114,112
2185,143,105,114,126,94,84,135,108,119,99,138,96,82,122,101
2190,127,104,106,111,92,65,142,120,117,105,136,105,81,106,106
2195,129,113,96,101,107,78,140,127,97,119,114,121,115,108,92
2200,139,98,132,116,115,87,145,112,96,121,139,132,130,111,113
2205,135,113,123,98,106,65,145,110,106,119,133,121,101,119,106
2210,125,113,108,108,90,82,140,131,117,104,133,105,84,101,104
2215,138,112,109,109,88,91,147,119,99,125,133,95,107,119,100
2220,151,126,105,126,112,65,148,121,108,111,134,115,124,114,125
2225,142,96,126,124,133,80,155,129,101,134,145,131,114,114,111
2230,132,114,121,115,128,86,143,122,109,115,136,115,102,104,113
2235,132,112,108,119,118,72,149,126,124,112,148,120,110,138,101
2240,127,114,126,117,104,76,150,134,119,147,142,139,122,116,122
2245,143,112,116,90,99,94,148,127,109,110,139,148,120,96,101
2250,153,110,120,126,108,78,155,129,120,131,148,133,109,119,135
2255,143,112,117,119,111,81,173,132,127,131,145,101,125,139,115
2260,122,121,129,107,113,109,145,135,120,121,150,101,128,98,128
2265,112,112,126,131,118,84,153,133,126,146,152,144,129,113,122
2270,123,112,105,100,120,75,171,138,118,132,150,150,121,144,127
2275,135,110,116,126,128,93,131,134,128,133,150,130,117,125,115
2280,146,106,119,114,116,84,163,131,116,128,165,134,127,105,129
2285,150,120,117,105,109,90,170,128,132,136,143,151,139,134,120
2290,149,108,117,113,100,75,152,135,121,156,175,161,145,143,119
2295,137,109,108,109,101,91,161,142,123,135,152,140,129,109,137
2300,120,107,103,116,110,105,171,142,129,132,167,128,108,143,144
2305,124,106,132,102,122,83,160,136,133,155,161,139,128,150,142
2310,126,123,129,117,122,96,160,147,125,145,159,142,151,120,126
2315,130,110,113,105,119,104,160,147,130,140,171,142,156,139,136
2320,137,107,118,115,135,95,151,125,140,146,168,134,135,140,136
2325,125,106,127,131,112,94,170,139,129,137,158,157,128,136,150
2330,121,96,113,103,105,111,164,147,131,155,178,157,137,145,134
2335,132,104,116,105,99,93,163,140,137,162,157,164,147,142,141
2340,147,100,99,115,110,89,184,149,138,134,176,172,150,143,157
2345,135,114,108,106,118,100,165,153,144,152,174,149,152,147,143
2350,123,103,116,98,121,106,162,148,136,159,167,137,149,158,163
2355,120,101,104,123,108,102,179,142,130,161,181,158,145,148,141
2360,115,104,118,109,113,95,163,148,137,149,181,168,153,152,156
2365,113,105,111,118,103,118,167,145,143,153,177,156,156,170,162
2370,114,93,104,108,95,102,171,162,144,159,183,171,153,158,156
2375,107,99,104,88,99,94,156,150,150,158,186,178,160,147,161
2380,115,105,95,93,105,104,178,150,138,162,173,173,164,178,148
2385,117,81,115,114,112,102,171,150,135,154,182,150,147,168,164
2390,124,78,95,104,109,104,159,153,144,148,179,157,149,161,183
2395,130,84,99,80,112,104,182,152,133,173,202,175,171,180,139
2400,121,109,76,112,101,100,158,153,141,143,169,164,171,168,185
2405,105,87,89,96,99,105,162,153,135,166,199,162,153,187,173
2410,96,71,93,79,95,107,193,151,147,164,178,173,159,167,158
2415,98,72,105,98,100,100,155,144,140,153,199,197,167,188,183
2420,99,90,103,92,86,101,163,144,139,181,172,184,158,190,163
2425,98,92,97,97,86,111,174,146,129,150,191,177,153,164,178
2430,104,79,83,95,104,107,166,153,144,161,180,166,176,191,178
2435,104,61,95,78,103,102,155,158,147,156,207,150,188,192,161
2440,93,79,83,82,86,93,169,149,141,180,181,169,171,179,191
2445,84,85,90,69,79,108,163,150,147,165,186,189,152,200,172
2450,93,74,72,89,83,108,150,150,131,137,183,189,157,196,196
2455,96,57,72,80,86,98,161,147,127,161,202,175,170,182,164
2460,90,64,73,60,87,97,178,143,152,166,191,176,185,194,173
2465,79,67,78,76,77,107,145,149,131,174,166,177,171,201,176
2470,78,66,66,63,68,105,153,141,131,147,208,166,160,210,193
2475,84,54,64,65,67,98,168,135,127,142,177,171,155,192,181
2480,78,47,61,64,76,101,152,143,124,174,192,174,167,204,177
2485,86,49,62,64,78,100,150,135,126,180,183,168,167,208,193
2490,74,57,73,59,65,89,145,137,140,143,193,161,164,195,178
2495,64,57,59,64,57,101,158,136,124,130,180,184,158,215,161
2500,66,53,60,56,58,109,145,136,112,176,184,192,167,212,185
2505,56,49,55,58,81,76,144,122,121,175,183,170,177,191,174
2510,52,43,56,55,76,97,152,132,125,127,176,163,179,218,185
2515,59,40,46,62,63,111,128,127,117,145,182,176,150,211,180
2520,77,33,48,27,53,88,142,119,118,153,176,169,139,188,184
2525,77,34,49,57,42,86,151,110,120,170,173,140,146,221,184
2530,77,30,39,51,46,102,135,118,111,132,165,151,165,210,170
2535,55,31,28,23,47,101,126,116,120,128,185,185,163,195,175
2540,33,30,38,53,48,77,132,110,113,142,166,177,167,203,184
2545,31,23,40,36,37,93,139,122,101,154,165,146,157,230,165
2550,40,33,44,24,36,95,115,115,97,141,168,156,150,196,174
2555,50,29,23,33,47,79,129,114,110,108,159,171,136,195,164
2560,49,31,21,33,54,88,128,103,110,141,165,145,136,210,176
2565,40,13,27,25,40,77,106,99,106,143,165,126,144,206,162
2570,36,15,26,32,26,82,127,99,81,134,154,153,145,204,167
2575,33,10,28,7,24,90,118,101,90,121,156,152,145,202,169
2580,45,11,24,16,21,68,111,91,101,101,155,136,142,199,150
2585,47,10,28,30,25,76,119,88,85,144,156,134,142,205,163
2590,40,15,22,2,27,86,112,86,87,127,143,138,136,198,164
2595,29,19,19,21,29,66,104,89,89,107,148,148,123,192,155
2600,22,4,20,0,27,61,114,85,81,101,143,135,116,199,165
2605,26,3,16,11,25,68,104,82,74,120,140,124,127,205,160
2610,26,-1,11,4,21,74,93,75,89,118,132,125,128,170,134
2615,35,5,8,5,11,59,101,78,72,102,143,132,115,193,149
2620,40,-4,2,17,-4,54,109,71,60,87,128,116,122,208,141
2625,38,-13,8,-7,1,71,92,77,69,96,122,114,136,172,137
2630,23,-6,-4,4,22,48,93,66,70,110,130,112,114,174,135
2635,18,8,-1,-2,32,46,91,70,75,100,125,122,92,191,138
2640,8,9,4,1,23,75,86,69,65,86,119,124,99,175,138
2645,12,2,4,1,5,44,83,56,49,75,120,100,121,163,126
2650,19,-9,14,-10,-4,40,90,57,49,109,110,96,110,175,136
2655,24,-3,7,6,-3,63,81,57,61,87,115,108,88,172,127
2660,23,1,5,7,-14,45,77,57,49,64,108,108,84,150,119
2665,37,-9,-1,4,-7,38,91,46,48,92,113,85,99,161,122
2670,40,-28,2,-13,0,57,70,58,62,64,97,81,97,170,98
2675,30,-23,-8,-1,-7,37,73,51,42,90,93,99,77,135,118
2680,17,-6,9,-25,-6,27,81,43,35,67,106,93,65,154,109
2685,8,4,12,-18,-5,51,64,42,38,57,93,67,75,159,98
2690,15,-2,4,-6,-8,35,73,40,37,80,89,69,91,144,100
2695,20,-11,-2,-15,-1,18,75,35,35,47,84,86,89,142,100
2700,13,-7,-3,-14,1,37,56,35,34,61,85,82,60,133,96
2705,14,1,-1,-10,0,30,81,40,33,62,84,63,52,131,101
2710,21,-14,-6,-13,0,26,59,37,34,54,79,66,63,126,92
2715,27,-19,-11,-8,4,23,57,34,30,53,74,62,68,125,80
2720,30,-20,-7,7,1,21,73,35,24,49,76,57,62,126,79
2725,25,-4,-3,-19,8,28,49,25,15,52,70,64,53,112,81
2730,15,-3,-1,-9,-8,21,61,24,24,54,73,68,54,109,86
2735,17,-9,2,-13,-16,14,61,21,19,39,58,50,54,114,66
2740,26,-9,4,-25,-9,22,46,18,24,51,72,43,51,111,59
2745,26,2,-6,6,-26,22,61,21,31,44,63,52,48,92,65
2750,30,-7,3,-15,-13,9,54,19,8,41,66,59,43,93,67
2755,30,-8,-3,-10,-16,20,44,21,2,42,49,30,34,107,62
2760,30,-17,8,-6,-7,13,57,19,8,34,64,26,23,99,65
2765,31,-8,-4,-1,-6,7,47,20,8,34,54,51,32,73,51
2770,30,-3,7,-20,-2,17,44,20,9,38,55,48,41,89,52
2775,31,0,8,-4,-3,11,57,13,14,23,50,29,40,92,54
2780,20,-1,6,-5,-14,11,43,12,12,37,49,35,33,55,48
2785,27,4,0,-15,-3,7,50,11,14,28,48,44,30,63,39
2790,35,5,10,-4,-3,7,50,13,16,33,36,29,21,86,57
2795,36,2,20,-6,15,13,49,13,8,28,54,15,15,56,28
2800,44,-3,3,-6,8,18,55,14,-14,19,37,20,13,54,40
2805,51,2,16,-6,-8,-8,47,6,-3,41,45,26,22,57,25
2810,47,3,9,23,-10,2,41,13,8,29,38,25,28,63,30
2815,39,5,13,-3,-4,22,48,16,22,16,45,17,17,44,39
2820,38,7,7,-9,-7,3,57,10,18,34,29,25,7,54,29
2825,42,13,17,2,-3,-12,48,16,5,12,41,33,8,54,35
2830,45,15,13,-4,5,15,40,19,-5,35,37,32,17,22,18
2835,45,14,22,12,22,0,63,11,-8,28,39,19,13,50,41
2840,48,21,24,13,24,0,41,15,16,7,34,2,14,49,19
2845,50,17,34,4,15,6,55,22,10,36,42,10,9,11,7
2850,54,16,31,20,1,-5,62,15,15,21,35,18,7,39,44
2855,63,18,27,22,9,11,45,16,17,26,39,29,8,28,-1
2860,65,21,23,18,10,9,54,14,2,16,32,15,8,14,16
2865,59,30,32,20,15,-5,58,13,6,36,45,17,8,13,16
2870,61,24,33,24,25,7,54,14,12,20,36,37,10,54,18
2875,66,31,38,15,25,18,50,23,1,25,43,33,7,15,18