,id,date,value
0,1001,2022-01-15 11:49:00,1000.4
1,1003,2022-01-15 11:57:00,1000.7
2,1004,2022-01-15 11:57:00,988.0
3,1008,2022-01-15 11:57:00,1018.5
4,1012,2022-01-15 11:59:00,1018.5
5,1013,2022-01-15 12:01:00,1008.4
6,1018,2022-01-15 12:00:00,1013.7
7,1019,2022-01-15 11:53:00,1007.1
8,1023,2022-01-15 11:54:00,1001.9
9,1024,2022-01-15 11:55:00,989.9
10,1025,2022-01-15 11:55:00,982.3
11,1029,2022-01-15 11:54:00,1023.2
12,1032,2022-01-15 12:00:00,1019.9
13,1034,2022-01-15 11:54:00,1020.6
14,1038,2022-01-15 12:00:00,1017.2
15,1039,2022-01-15 11:56:00,973.3
16,1040,2022-01-15 11:58:00,1020.3
17,1041,2022-01-15 11:48:00,1015.2
18,1045,2022-01-15 12:00:00,1017.3
19,1047,2022-01-15 11:47:00,1004.4
20,1048,2022-01-15 11:50:00,1010.6
21,1050,2022-01-15 11:59:00,1017.6
22,1051,2022-01-15 11:46:00,1011.7
23,1052,2022-01-15 11:53:00,973.5
24,1054,2022-01-15 11:55:00,1016.8
25,1056,2022-01-15 11:59:00,1019.0
26,1058,2022-01-15 11:59:00,1014.9
27,1063,2022-01-15 11:59:00,1021.4
28,1065,2022-01-15 11:59:00,1015.2
29,1071,2022-01-15 11:55:00,1022.4
30,1073,2022-01-15 11:52:00,1011.6
31,1075,2022-01-15 11:58:00,1006.2
32,1079,2022-01-15 11:54:00,1018.8
33,1081,2022-01-15 11:53:00,1021.1
34,1085,2022-01-15 11:59:00,971.1
35,1087,2022-01-15 11:52:00,1001.0
36,1088,2022-01-15 12:00:00,1007.6
37,1089,2022-01-15 11:34:00,998.5
38,1091,2022-01-15 12:00:00,1001.1
39,1095,2022-01-15 11:54:00,1010.2
40,1096,2022-01-15 11:56:00,981.7
41,1097,2022-01-15 11:53:00,1014.3
42,1099,2022-01-15 11:59:00,1015.3
43,1100,2022-01-15 11:59:00,1021.7
44,1102,2022-01-15 12:00:00,1013.6
45,1103,2022-01-15 12:00:00,1021.4
46,1105,2022-01-15 12:00:00,1008.4
47,1107,2022-01-15 11:50:00,1000.0
48,1109,2022-01-15 12:03:00,1014.7
49,1110,2022-01-15 11:54:00,1005.7
50,1111,2022-01-15 11:52:00,986.4
51,1112,2022-01-15 11:53:00,999.9
52,1115,2022-01-15 12:10:00,1019.5
53,1117,2022-01-15 11:53:00,1014.4
54,1119,2022-01-15 12:01:00,1004.2
55,1120,2022-01-15 11:52:00,1010.4
56,1121,2022-01-15 11:53:00,1009.7
57,1122,2022-01-15 11:53:00,1002.9
58,1124,2022-01-15 12:08:00,1018.6
59,1125,2022-01-15 12:05:00,1019.3
60,1126,2022-01-15 11:55:00,1022.3
61,1127,2022-01-15 11:56:00,1021.1
62,1128,2022-01-15 12:05:00,1012.4
63,1129,2022-01-15 12:03:00,1011.7
64,1131,2022-01-15 11:57:00,1021.0
65,1132,2022-01-15 11:53:00,1021.0
66,1134,2022-01-15 11:55:00,1022.1
67,1138,2022-01-15 11:49:00,1010.1
68,1141,2022-01-15 11:53:00,1009.4
69,1144,2022-01-15 12:03:00,1009.1
70,1145,2022-01-15 11:53:00,1014.7
71,1146,2022-01-15 11:52:00,1006.1
72,1147,2022-01-15 11:55:00,1016.4
73,1148,2022-01-15 11:53:00,1011.0
74,1149,2022-01-15 11:51:00,1006.6
75,1150,2022-01-15 11:51:00,1012.2
76,1151,2022-01-15 11:58:00,955.4
77,1153,2022-01-15 11:59:00,1013.4
78,1154,2022-01-15 12:00:00,1008.5
79,1155,2022-01-15 12:02:00,1021.6
80,1156,2022-01-15 12:00:00,1016.6
81,1158,2022-01-15 11:48:00,1012.6
82,1160,2022-01-15 11:57:00,1009.0
83,1161,2022-01-15 11:56:00,1015.9
84,1162,2022-01-15 11:54:00,979.7
85,1164,2022-01-15 11:58:00,1017.4
86,1166,2022-01-15 11:58:00,1016.2
87,1168,2022-01-15 12:00:00,1020.4
88,1171,2022-01-15 11:50:00,1009.8
89,1176,2022-01-15 12:11:00,1021.9
90,1178,2022-01-15 11:56:00,1015.2
91,1180,2022-01-15 11:59:00,1019.5
92,1181,2022-01-15 12:00:00,1022.1
93,1183,2022-01-15 11:59:00,1004.5
94,1188,2022-01-15 12:01:00,1018.8
95,1192,2022-01-15 12:07:00,1018.2
96,1193,2022-01-15 11:52:00,1018.1
97,1196,2022-01-15 12:03:00,985.3
98,1198,2022-01-15 11:58:00,1020.0
99,2003,2022-01-15 11:49:00,1020.9
100,2004,2022-01-15 11:51:00,1021.5
101,2005,2022-01-15 11:49:00,1019.5
102,2007,2022-01-15 11:49:00,1022.5
103,2008,2022-01-15 11:49:00,998.0
104,2009,2022-01-15 11:48:00,1015.0
105,2010,2022-01-15 11:48:00,1014.8
106,2011,2022-01-15 11:44:00,1007.1
107,2012,2022-01-15 11:45:00,1019.5
108,2013,2022-01-15 11:45:00,1008.5
109,2014,2022-01-15 11:46:00,1003.6
110,2015,2022-01-15 11:45:00,991.4
111,2016,2022-01-15 11:45:00,1011.3
112,2017,2022-01-15 11:46:00,1020.3
113,2019,2022-01-15 11:46:00,1014.2
114,2020,2022-01-15 11:46:00,1017.6
115,2021,2022-01-15 11:48:00,1015.1
116,2022,2022-01-15 11:47:00,1019.1
117,2023,2022-01-15 11:47:00,1020.5
118,2024,2022-01-15 11:48:00,1019.3
119,2025,2022-01-15 11:47:00,1019.7
120,2029,2022-01-15 11:49:00,1021.5
121,2031,2022-01-15 11:48:00,1002.6
122,2032,2022-01-15 11:48:00,1021.4
123,2033,2022-01-15 11:49:00,1021.2
124,2034,2022-01-15 11:51:00,1020.2
125,2035,2022-01-15 11:49:00,1019.9
126,2036,2022-01-15 11:50:00,1024.4
127,2037,2022-01-15 11:48:00,1014.2
128,2038,2022-01-15 11:49:00,1022.1
129,2040,2022-01-15 11:45:00,1019.2
130,2041,2022-01-15 11:48:00,1017.1
131,2042,2022-01-15 11:50:00,1020.5
132,2043,2022-01-15 11:49:00,1022.9
133,2044,2022-01-15 11:49:00,1023.5
134,2045,2022-01-15 11:51:00,1018.2
135,3001,2022-01-15 11:38:00,1017.0
136,3003,2022-01-15 11:40:00,1003.8
137,3004,2022-01-15 11:39:00,993.5
138,3005,2022-01-15 11:39:00,990.1
139,3007,2022-01-15 11:39:00,1016.0
140,3008,2022-01-15 11:41:00,1003.0
141,3009,2022-01-15 11:38:00,1021.4
142,3010,2022-01-15 11:40:00,948.2
143,3011,2022-01-15 11:41:00,1002.3
144,3012,2022-01-15 11:41:00,1013.9
145,3013,2022-01-15 11:41:00,1008.9
146,3016,2022-01-15 11:43:00,936.0
147,3017,2022-01-15 11:43:00,983.1
148,3019,2022-01-15 11:42:00,1005.9
149,3021,2022-01-15 11:42:00,1007.6
150,3023,2022-01-15 11:43:00,975.4
151,3024,2022-01-15 11:39:00,1014.9
152,3025,2022-01-15 11:44:00,975.3
153,3027,2022-01-15 11:42:00,1020.3
154,3029,2022-01-15 11:41:00,1009.7
155,3031,2022-01-15 11:40:00,1007.8
156,3032,2022-01-15 11:42:00,1006.0
157,3033,2022-01-15 11:42:00,998.7
158,3035,2022-01-15 11:39:00,1021.7
159,3039,2022-01-15 11:37:00,1001.4
160,3040,2022-01-15 11:44:00,1003.4
161,3041,2022-01-15 11:44:00,963.7
162,3042,2022-01-15 11:44:00,1000.6
163,3043,2022-01-15 11:44:00,988.5
164,3044,2022-01-15 11:44:00,933.0
165,3045,2022-01-15 11:43:00,990.1
166,3046,2022-01-15 11:41:00,1012.2
167,3047,2022-01-15 11:40:00,1014.6
168,3048,2022-01-15 11:38:00,1020.7
169,3049,2022-01-15 11:42:00,984.8
170,3050,2022-01-15 11:41:00,991.0
171,3051,2022-01-15 11:41:00,1018.7
172,4002,2022-01-15 11:37:00,1016.0
173,4003,2022-01-15 11:36:00,1017.6
174,4004,2022-01-15 11:36:00,1018.4
175,4008,2022-01-15 11:36:00,1009.7
176,4012,2022-01-15 11:36:00,1022.3
177,4014,2022-01-15 11:38:00,1014.5
178,4015,2022-01-15 11:38:00,1019.6
179,4018,2022-01-15 11:37:00,1020.3
180,4020,2022-01-15 11:37:00,1014.3
181,4028,2022-01-15 11:36:00,1016.1
182,4030,2022-01-15 11:36:00,1021.5
183,4033,2022-01-15 11:36:00,1014.3
184,4039,2022-01-15 11:36:00,1024.9
185,4040,2022-01-15 11:38:00,1015.2
186,4044,2022-01-15 11:36:00,1023.0
187,4045,2022-01-15 11:36:00,1016.5
188,4051,2022-01-15 11:36:00,1015.5
189,4053,2022-01-15 11:36:00,1019.8
190,5002,2022-01-15 11:43:00,1002.6
191,5004,2022-01-15 11:42:00,1017.2
192,5006,2022-01-15 11:47:00,1021.2
193,5007,2022-01-15 11:47:00,1017.7
194,5009,2022-01-15 11:46:00,993.8
195,5010,2022-01-15 11:45:00,1002.4
196,5011,2022-01-15 11:46:00,1001.9
197,5012,2022-01-15 11:46:00,1023.5
198,5015,2022-01-15 11:45:00,1019.7
199,5016,2022-01-15 11:45:00,1023.4
200,5017,2022-01-15 11:45:00,1011.3
201,5018,2022-01-15 11:43:00,1015.6
202,5022,2022-01-15 11:47:00,1015.0
203,5023,2022-01-15 11:43:00,1019.9
204,5026,2022-01-15 11:47:00,1016.7
205,5028,2022-01-15 11:41:00,1001.0
206,5029,2022-01-15 11:41:00,1007.3
207,5030,2022-01-15 11:46:00,1024.1
208,5031,2022-01-15 11:48:00,1021.9
209,5032,2022-01-15 11:46:00,1010.2
210,5033,2022-01-15 11:47:00,1018.7
211,5034,2022-01-15 11:43:00,1013.4
212,5035,2022-01-15 11:44:00,1018.0
213,5036,2022-01-15 11:45:00,1023.4
214,5039,2022-01-15 11:46:00,1020.1
215,5041,2022-01-15 11:47:00,1020.9
216,5042,2022-01-15 11:42:00,1010.9
217,6001,2022-01-15 11:38:00,1012.0
218,6002,2022-01-15 11:41:00,1000.4
219,6004,2022-01-15 11:40:00,998.2
220,6006,2022-01-15 11:40:00,999.4
221,6007,2022-01-15 11:41:00,1010.0
222,6008,2022-01-15 11:40:00,1017.9
223,6009,2022-01-15 11:40:00,1009.5
224,6010,2022-01-15 11:38:00,1011.9
225,6011,2022-01-15 11:38:00,1011.0
226,6012,2022-01-15 11:38:00,1002.1
227,6013,2022-01-15 11:42:00,1013.6
228,6015,2022-01-15 11:43:00,1024.3
229,6016,2022-01-15 11:37:00,1000.7
230,6017,2022-01-15 11:40:00,1015.5
231,6019,2022-01-15 11:39:00,1012.5
232,6020,2022-01-15 11:39:00,998.9
233,6022,2022-01-15 11:39:00,998.8
234,6023,2022-01-15 11:39:00,987.2
235,6024,2022-01-15 11:39:00,1008.3
236,6025,2022-01-15 11:38:00,994.0
237,6026,2022-01-15 11:38:00,996.7
238,6027,2022-01-15 11:39:00,1015.2
239,6028,2022-01-15 11:38:00,1000.4
240,6029,2022-01-15 11:41:00,1005.1
241,6030,2022-01-15 11:42:00,1024.5
242,6031,2022-01-15 11:41:00,1020.9
243,6032,2022-01-15 11:41:00,1016.1
244,6033,2022-01-15 11:38:00,1012.6
245,6035,2022-01-15 11:38:00,1011.2
246,6036,2022-01-15 11:38:00,1012.0
247,6037,2022-01-15 11:37:00,994.4
248,6038,2022-01-15 11:38:00,998.8
249,6039,2022-01-15 11:42:00,1023.3
250,6041,2022-01-15 11:37:00,996.1
251,6042,2022-01-15 11:39:00,1013.6
252,6043,2022-01-15 11:39:00,1003.3
253,6044,2022-01-15 11:37:00,996.5
254,6045,2022-01-15 11:37:00,998.6
255,6046,2022-01-15 11:37:00,988.0
256,7002,2022-01-15 11:32:00,961.0
257,7005,2022-01-15 11:30:00,1020.1
258,7006,2022-01-15 11:30:00,1011.6
259,7008,2022-01-15 11:35:00,1014.9
260,7010,2022-01-15 11:34:00,1000.6
261,7012,2022-01-15 11:35:00,1016.9
262,7013,2022-01-15 11:36:00,1002.8
263,7015,2022-01-15 11:36:00,965.0
264,7016,2022-01-15 11:36:00,1000.0
265,7017,2022-01-15 11:33:00,992.6
266,7019,2022-01-15 11:36:00,1000.8
267,7024,2022-01-15 11:35:00,973.0
268,7025,2022-01-15 11:34:00,994.4
269,7027,2022-01-15 11:34:00,994.8
270,7028,2022-01-15 11:33:00,992.4
271,7029,2022-01-15 11:34:00,986.8
272,7031,2022-01-15 11:33:00,985.8
273,7035,2022-01-15 11:32:00,971.3
274,7037,2022-01-15 11:32:00,987.3
275,7038,2022-01-15 11:32:00,967.1
276,7047,2022-01-15 11:34:00,1021.8
277,7049,2022-01-15 11:34:00,1022.4
278,7050,2022-01-15 11:34:00,960.1
279,7052,2022-01-15 11:33:00,979.1
280,7053,2022-01-15 11:32:00,969.9
281,7055,2022-01-15 11:33:00,973.2
282,7056,2022-01-15 11:31:00,967.3
283,7057,2022-01-15 11:32:00,982.6
284,7058,2022-01-15 11:31:00,1003.5
285,7059,2022-01-15 11:34:00,943.8
286,7061,2022-01-15 11:35:00,950.8
287,7062,2022-01-15 11:35:00,959.2
288,7063,2022-01-15 11:36:00,961.0
289,7066,2022-01-15 11:34:00,995.6
290,7067,2022-01-15 11:34:00,995.1
291,7068,2022-01-15 11:33:00,980.7
292,7069,2022-01-15 11:35:00,1007.2
293,7071,2022-01-15 11:35:00,1006.3
294,7072,2022-01-15 11:35:00,1014.2
295,7073,2022-01-15 11:35:00,1017.0
296,7075,2022-01-15 11:37:00,1004.3
297,7076,2022-01-15 11:35:00,962.2
298,7077,2022-01-15 11:37:00,986.8
299,7079,2022-01-15 11:31:00,996.7
300,7080,2022-01-15 11:36:00,971.0
301,7081,2022-01-15 11:36:00,998.0
302,7082,2022-01-15 11:37:00,986.0
303,7083,2022-01-15 11:33:00,995.9
304,8003,2022-01-15 11:28:00,1022.0
305,8004,2022-01-15 11:29:00,1020.2
306,8008,2022-01-15 11:27:00,1022.6
307,8009,2022-01-15 11:27:00,1019.2
308,8018,2022-01-15 11:31:00,1005.4
309,8019,2022-01-15 11:31:00,1006.9
310,8025,2022-01-15 11:29:00,1021.6
311,8026,2022-01-15 11:30:00,959.0
312,8033,2022-01-15 11:28:00,1021.8
313,8038,2022-01-15 11:29:00,1018.0
314,8039,2022-01-15 11:30:00,1018.3
315,8041,2022-01-15 11:25:00,1022.8
316,8042,2022-01-15 11:25:00,1022.9
317,8046,2022-01-15 11:29:00,1019.8
318,8048,2022-01-15 11:26:00,1020.7
319,8050,2022-01-15 11:28:00,1022.4
320,8056,2022-01-15 11:29:00,1018.9
321,8057,2022-01-15 11:29:00,1007.5
322,8058,2022-01-15 11:29:00,1016.7
323,8062,2022-01-15 11:27:00,1022.0
324,8064,2022-01-15 11:27:00,1022.8
325,9010,2022-01-15 11:31:00,1022.3
326,9012,2022-01-15 11:31:00,1015.5
327,9013,2022-01-15 11:30:00,1021.5
328,9017,2022-01-15 11:32:00,1004.8
329,9018,2022-01-15 11:33:00,985.1
330,9019,2022-01-15 11:32:00,1003.5
331,9025,2022-01-15 11:30:00,1015.5
332,9027,2022-01-15 11:32:00,1003.3
333,9032,2022-01-15 11:31:00,1016.8
334,9039,2022-01-15 11:34:00,879.3
335,9040,2022-01-15 11:33:00,918.8
336,9043,2022-01-15 11:33:00,977.4
337,9049,2022-01-15 11:33:00,931.6
338,9050,2022-01-15 11:33:00,983.6
339,9051,2022-01-15 11:32:00,992.0
340,9054,2022-01-15 11:30:00,1012.7
341,9055,2022-01-15 11:31:00,1007.7
342,10001,2022-01-15 11:33:00,978.7
343,10004,2022-01-15 11:34:00,1003.0
344,10005,2022-01-15 11:34:00,944.1
345,10009,2022-01-15 11:33:00,992.1
346,10011,2022-01-15 11:33:00,1002.8
347,10012,2022-01-15 11:33:00,971.4
348,10018,2022-01-15 11:35:00,977.7
349,10022,2022-01-15 11:36:00,846.6
350,10023,2022-01-15 11:36:00,909.7
351,10028,2022-01-15 11:33:00,1011.6
352,10030,2022-01-15 11:33:00,1011.9
353,10031,2022-01-15 11:33:00,1016.6
354,10032,2022-01-15 11:34:00,997.9
355,10034,2022-01-15 11:35:00,981.7
356,10035,2022-01-15 11:34:00,955.8
357,10037,2022-01-15 11:33:00,1004.4
358,10038,2022-01-15 11:33:00,989.1
359,10040,2022-01-15 11:33:00,972.5
360,10044,2022-01-15 11:32:00,1010.1
361,10045,2022-01-15 11:33:00,1015.0
362,10047,2022-01-15 11:34:00,1004.4
363,10048,2022-01-15 11:34:00,993.8
364,10049,2022-01-15 11:31:00,1019.2
365,10053,2022-01-15 11:31:00,1021.3
366,10056,2022-01-15 11:35:00,981.5
367,10060,2022-01-15 11:34:00,861.2
368,10061,2022-01-15 11:35:00,896.4
369,10062,2022-01-15 11:34:00,920.0
370,11019,2022-01-15 11:29:00,1018.4
371,11021,2022-01-15 11:29:00,1024.5
372,11022,2022-01-15 11:29:00,1022.7
373,11024,2022-01-15 11:29:00,1023.0
374,11025,2022-01-15 11:29:00,1020.6
375,11026,2022-01-15 11:29:00,1021.2
376,11029,2022-01-15 11:29:00,1021.8
377,11031,2022-01-15 11:29:00,1018.6
378,11032,2022-01-15 11:29:00,1022.1
379,11034,2022-01-15 11:29:00,1022.9
380,11035,2022-01-15 11:29:00,1019.7
381,11036,2022-01-15 11:31:00,1023.2
382,11039,2022-01-15 11:28:00,1020.1
383,11040,2022-01-15 11:30:00,1020.3
384,11041,2022-01-15 11:30:00,1022.4
385,11049,2022-01-15 11:29:00,1023.6
386,11052,2022-01-15 11:31:00,1023.1
387,11054,2022-01-15 11:31:00,1021.7
388,11055,2022-01-15 11:30:00,1020.2
389,11056,2022-01-15 11:28:00,1023.0
390,11057,2022-01-15 11:28:00,1023.5
391,11059,2022-01-15 11:32:00,1015.3
392,11061,2022-01-15 11:32:00,1012.3
393,11067,2022-01-15 11:30:00,1022.5
394,11069,2022-01-15 11:29:00,1018.2
395,11073,2022-01-15 11:30:00,1022.1
396,11074,2022-01-15 11:28:00,1020.4
397,11075,2022-01-15 11:28:00,1022.6
398,11077,2022-01-15 11:32:00,1009.5
399,11079,2022-01-15 11:32:00,999.8
400,11080,2022-01-15 11:32:00,983.2
401,11083,2022-01-15 11:31:00,1005.9
402,11084,2022-01-15 11:31:00,964.7
403,11086,2022-01-15 11:32:00,984.5
404,11087,2022-01-15 11:32:00,995.8
405,11088,2022-01-15 11:32:00,906.1
406,11089,2022-01-15 11:29:00,1020.2
407,11090,2022-01-15 11:30:00,1018.6
408,11092,2022-01-15 11:29:00,1024.6
409,11095,2022-01-15 11:31:00,1013.0
410,11096,2022-01-15 11:29:00,1022.7
411,11097,2022-01-15 11:30:00,1018.1
412,11098,2022-01-15 11:29:00,1011.3
413,11100,2022-01-15 11:28:00,1024.3
414,11101,2022-01-15 11:28:00,1021.9
415,11102,2022-01-15 11:30:00,996.0
416,11104,2022-01-15 11:30:00,1003.5
417,11105,2022-01-15 11:30:00,1006.7
418,11108,2022-01-15 11:30:00,1020.0
419,11110,2022-01-15 11:30:00,1021.9
420,11111,2022-01-15 11:30:00,1015.6
421,11112,2022-01-15 11:31:00,1015.6
422,11113,2022-01-15 11:29:00,1023.2
423,11114,2022-01-15 11:29:00,1023.7
424,11115,2022-01-15 11:28:00,1030.4
425,11116,2022-01-15 11:29:00,1023.0
426,11117,2022-01-15 11:30:00,1023.4
427,11118,2022-01-15 11:30:00,1017.8
428,11119,2022-01-15 11:32:00,1018.3
429,11121,2022-01-15 11:28:00,1018.5
430,11122,2022-01-15 11:29:00,1019.9
431,11123,2022-01-15 11:29:00,1018.9
432,12023,2022-01-15 11:23:00,1021.8
433,12024,2022-01-15 11:23:00,1020.1
434,12025,2022-01-15 11:23:00,1023.2
435,12026,2022-01-15 11:25:00,1025.1
436,12027,2022-01-15 11:24:00,1022.6
437,12031,2022-01-15 11:24:00,1019.9
438,12032,2022-01-15 11:24:00,1019.7
439,12033,2022-01-15 11:27:00,1021.8
440,12035,2022-01-15 11:27:00,1020.9
441,12038,2022-01-15 11:27:00,1021.2
442,12041,2022-01-15 11:27:00,1019.9
443,12043,2022-01-15 11:24:00,1017.8
444,12044,2022-01-15 11:24:00,1019.6
445,12045,2022-01-15 11:24:00,1018.8
446,12049,2022-01-15 11:25:00,1016.1
447,12052,2022-01-15 11:25:00,1025.3
448,12058,2022-01-15 11:25:00,1019.3
449,12062,2022-01-15 11:26:00,1022.6
450,12063,2022-01-15 11:25:00,1017.2
451,12064,2022-01-15 11:25:00,1016.0
452,12065,2022-01-15 11:25:00,1022.0
453,12067,2022-01-15 11:27:00,1020.0
454,12071,2022-01-15 11:24:00,1014.3
455,12073,2022-01-15 11:27:00,1020.7
456,12074,2022-01-15 11:27:00,1018.3
457,12075,2022-01-15 11:27:00,1023.6
458,12077,2022-01-15 11:26:00,1023.0
459,12079,2022-01-15 11:26:00,1020.4
460,12080,2022-01-15 11:26:00,1020.6
461,12081,2022-01-15 11:26:00,1020.6
462,12083,2022-01-15 11:26:00,1020.5
463,12084,2022-01-15 11:26:00,1021.3
464,12085,2022-01-15 11:26:00,1021.6
465,12093,2022-01-15 11:26:00,1021.3
466,12096,2022-01-15 11:26:00,1017.4
467,12098,2022-01-15 11:27:00,1022.5
468,12101,2022-01-15 11:25:00,1018.9
469,12102,2022-01-15 11:26:00,1024.4
470,12103,2022-01-15 11:26:00,1021.3
471,12106,2022-01-15 11:24:00,1024.0
472,12107,2022-01-15 11:24:00,1020.5
473,12108,2022-01-15 11:24:00,1017.6
474,12109,2022-01-15 11:25:00,1021.0
475,12110,2022-01-15 11:24:00,1022.9
476,12111,2022-01-15 11:24:00,1020.3
477,12112,2022-01-15 11:25:00,1016.3
478,12115,2022-01-15 11:24:00,1021.8
479,12117,2022-01-15 11:24:00,1020.8
480,12118,2022-01-15 11:23:00,1023.0
481,12119,2022-01-15 11:24:00,1014.4
482,12121,2022-01-15 11:27:00,1021.3
483,12122,2022-01-15 11:26:00,1016.7
484,12123,2022-01-15 11:25:00,1015.8
485,12126,2022-01-15 11:25:00,1022.5
486,12127,2022-01-15 11:25:00,1012.5
487,12128,2022-01-15 11:25:00,1022.2
488,12129,2022-01-15 11:25:00,1023.6
489,12130,2022-01-15 11:26:00,1020.4
490,12131,2022-01-15 11:25:00,1021.7
491,12135,2022-01-15 11:26:00,1023.1
492,12136,2022-01-15 11:28:00,1017.0
493,12137,2022-01-15 11:28:00,1020.2
494,12138,2022-01-15 11:28:00,1023.1
495,13042,2022-01-15 11:28:00,1017.4
496,13044,2022-01-15 11:28:00,1020.5
497,13045,2022-01-15 11:28:00,1021.9
498,13046,2022-01-15 11:27:00,1024.2
499,13047,2022-01-15 11:27:00,1016.1
500,13049,2022-01-15 11:27:00,1016.3
501,13051,2022-01-15 11:28:00,1015.8
502,13054,2022-01-15 11:28:00,1018.7
503,13062,2022-01-15 11:29:00,1011.0
504,13066,2022-01-15 11:25:00,1007.8
505,13067,2022-01-15 11:28:00,1017.0
506,13068,2022-01-15 11:28:00,1015.5
507,13069,2022-01-15 11:29:00,1020.0
508,13071,2022-01-15 11:30:00,1001.9
509,13073,2022-01-15 11:29:00,1013.5
510,13077,2022-01-15 11:28:00,1018.4
511,13078,2022-01-15 11:28:00,1019.9
512,13079,2022-01-15 11:28:00,1020.5
513,13080,2022-01-15 11:28:00,1007.2
514,13084,2022-01-15 11:27:00,1019.1
515,13085,2022-01-15 11:27:00,1018.1
516,13088,2022-01-15 11:28:00,1015.7
517,13094,2022-01-15 11:29:00,1009.4
518,13096,2022-01-15 11:29:00,995.3
519,13097,2022-01-15 11:29:00,1008.1
520,13098,2022-01-15 11:29:00,1003.1
521,13100,2022-01-15 11:29:00,1002.3
522,13105,2022-01-15 11:28:00,1017.3
523,13106,2022-01-15 11:28:00,1022.6
524,13107,2022-01-15 11:28:00,1020.4
525,13109,2022-01-15 11:27:00,1017.4
526,13112,2022-01-15 11:29:00,1010.2
527,13116,2022-01-15 11:28:00,1019.4
528,13117,2022-01-15 11:28:00,1017.4
529,13119,2022-01-15 11:28:00,1018.1
530,13122,2022-01-15 11:28:00,1023.5
531,13123,2022-01-15 11:28:00,1018.9
532,13124,2022-01-15 11:24:00,1007.5
533,13125,2022-01-15 11:29:00,1009.0
534,13126,2022-01-15 11:29:00,1007.3
535,13127,2022-01-15 11:29:00,1012.9
536,13128,2022-01-15 11:28:00,1018.9
537,13130,2022-01-15 11:27:00,1017.8
538,13132,2022-01-15 11:27:00,1012.0
539,13134,2022-01-15 11:29:00,1012.2
540,13135,2022-01-15 11:28:00,1018.9
541,13136,2022-01-15 11:28:00,1012.9
542,13138,2022-01-15 11:28:00,1017.5
543,13139,2022-01-15 11:28:00,1016.2
544,13142,2022-01-15 11:28:00,1017.2
545,13143,2022-01-15 11:28:00,1015.2
546,13146,2022-01-15 11:30:00,1001.6
547,13149,2022-01-15 11:27:00,1021.7
548,13150,2022-01-15 11:27:00,1020.2
549,13151,2022-01-15 11:25:00,1012.7
550,13152,2022-01-15 11:27:00,1016.2
551,13154,2022-01-15 11:28:00,1018.2
552,13157,2022-01-15 11:29:00,993.1
553,13158,2022-01-15 11:28:00,1020.9
554,13159,2022-01-15 11:27:00,1018.0
555,13160,2022-01-15 11:27:00,1018.2
556,13161,2022-01-15 11:29:00,1013.1
557,13162,2022-01-15 11:28:00,1017.3
558,13163,2022-01-15 11:28:00,1021.3
559,13164,2022-01-15 11:29:00,1015.7
560,13169,2022-01-15 11:30:00,986.1
561,13170,2022-01-15 11:30:00,993.4
562,13171,2022-01-15 11:30:00,984.8
563,13172,2022-01-15 11:21:00,1013.6
564,13173,2022-01-15 11:28:00,1014.9
565,14021,2022-01-15 11:28:00,1007.3
566,14022,2022-01-15 11:28:00,1000.0
567,14023,2022-01-15 11:28:00,1015.2
568,14024,2022-01-15 11:28:00,1017.5
569,14027,2022-01-15 11:26:00,1016.0
570,14028,2022-01-15 11:26:00,1020.9
571,14032,2022-01-15 11:27:00,1018.8
572,14033,2022-01-15 11:27:00,1019.6
573,14034,2022-01-15 11:27:00,1015.6
574,14037,2022-01-15 11:27:00,1020.0
575,14042,2022-01-15 11:28:00,1018.6
576,14043,2022-01-15 11:28:00,1015.0
577,14044,2022-01-15 11:28:00,1013.4
578,14045,2022-01-15 11:27:00,1018.2
579,14047,2022-01-15 11:27:00,1021.9
580,14048,2022-01-15 11:27:00,1015.6
581,14050,2022-01-15 11:27:00,1013.7
582,14054,2022-01-15 11:27:00,1022.9
583,14063,2022-01-15 11:28:00,985.5
584,14064,2022-01-15 11:26:00,1019.7
585,14065,2022-01-15 11:28:00,1016.8
586,14066,2022-01-15 11:27:00,1016.7
587,14069,2022-01-15 11:27:00,1019.6
588,14071,2022-01-15 12:18:00,995.6
589,14072,2022-01-15 11:29:00,1005.2
590,14073,2022-01-15 11:29:00,976.7
591,14076,2022-01-15 11:28:00,990.2
592,14078,2022-01-15 11:28:00,993.3
593,14079,2022-01-15 11:28:00,990.3
594,14080,2022-01-15 11:28:00,997.8
595,14081,2022-01-15 11:28:00,1018.2
596,14082,2022-01-15 11:28:00,1013.9
597,14085,2022-01-15 11:27:00,1014.2
598,14086,2022-01-15 11:27:00,1016.2
599,14087,2022-01-15 11:28:00,1019.4
600,14091,2022-01-15 11:28:00,1005.3
601,14092,2022-01-15 11:28:00,1020.2
602,14094,2022-01-15 11:27:00,1018.7
603,14095,2022-01-15 11:27:00,1020.5
604,14097,2022-01-15 11:28:00,1022.5
605,14098,2022-01-15 11:26:00,1014.4
606,14101,2022-01-15 11:28:00,1012.3
607,14103,2022-01-15 11:27:00,1018.1
608,14104,2022-01-15 11:27:00,993.1
609,14106,2022-01-15 11:29:00,1004.7
610,15001,2022-01-15 11:39:00,1024.5
611,15003,2022-01-15 11:40:00,1023.9
612,15004,2022-01-15 11:39:00,1025.3
613,15007,2022-01-15 11:39:00,1014.5
614,15009,2022-01-15 11:38:00,1011.9
615,15010,2022-01-15 11:39:00,1022.6
616,15011,2022-01-15 11:39:00,1024.8
617,15012,2022-01-15 11:43:00,1021.8
618,15014,2022-01-15 11:43:00,1025.2
619,15015,2022-01-15 11:40:00,1017.8
620,15016,2022-01-15 11:40:00,1022.1
621,15017,2022-01-15 11:41:00,1022.8
622,15020,2022-01-15 11:38:00,1007.9
623,15021,2022-01-15 11:38:00,1018.7
624,15024,2022-01-15 11:40:00,1025.2
625,15025,2022-01-15 11:40:00,1024.0
626,15026,2022-01-15 11:39:00,1001.8
627,15030,2022-01-15 11:40:00,1026.2
628,15031,2022-01-15 11:40:00,1024.5
629,15032,2022-01-15 11:40:00,1024.9
630,15034,2022-01-15 11:40:00,1027.0
631,15035,2022-01-15 11:40:00,1026.7
632,15036,2022-01-15 11:40:00,1025.4
633,15037,2022-01-15 11:39:00,1008.9
634,15038,2022-01-15 11:40:00,1024.0
635,15044,2022-01-15 11:41:00,1015.1
636,15045,2022-01-15 11:40:00,1024.7
637,15051,2022-01-15 11:39:00,1021.7
638,15053,2022-01-15 11:39:00,1018.1
639,15054,2022-01-15 11:38:00,1017.0
640,15055,2022-01-15 11:39:00,1024.3
641,15056,2022-01-15 11:37:00,1008.8
642,15057,2022-01-15 11:40:00,1025.6
643,15058,2022-01-15 11:37:00,1004.6
644,15059,2022-01-15 11:40:00,1021.0
645,15062,2022-01-15 11:39:00,1010.9
646,15063,2022-01-15 11:39:00,934.2
647,15064,2022-01-15 11:38:00,986.2
648,16009,2022-01-15 11:42:00,1022.7
649,16010,2022-01-15 11:41:00,1021.8
650,16012,2022-01-15 11:42:00,1020.8
651,16014,2022-01-15 11:41:00,1009.0
652,16015,2022-01-15 11:41:00,1025.5
653,17003,2022-01-15 11:44:00,1022.2
654,17009,2022-01-15 11:42:00,1007.2
655,17011,2022-01-15 11:43:00,1025.4
656,17012,2022-01-15 11:43:00,1024.7
657,17016,2022-01-15 11:41:00,1024.7
658,17017,2022-01-15 11:42:00,1025.1
659,17023,2022-01-15 11:41:00,1017.1
660,17024,2022-01-15 11:42:00,1025.1
661,17027,2022-01-15 11:42:00,1025.0
662,17028,2022-01-15 11:46:00,1003.2
663,18001,2022-01-15 11:45:00,1022.3
664,18003,2022-01-15 11:43:00,1024.9
665,18007,2022-01-15 11:44:00,1024.6
666,18009,2022-01-15 11:41:00,1013.1
667,18014,2022-01-15 11:42:00,1022.7
668,19002,2022-01-15 11:31:00,969.3
669,19004,2022-01-15 11:32:00,963.5
670,19009,2022-01-15 11:32:00,963.9
671,19010,2022-01-15 11:32:00,892.3
672,19011,2022-01-15 11:30:00,974.9
673,19013,2022-01-15 11:30:00,977.7
674,19014,2022-01-15 11:30:00,911.0
675,19015,2022-01-15 11:31:00,994.2
676,19016,2022-01-15 11:30:00,969.4
677,19017,2022-01-15 11:30:00,981.8
678,19018,2022-01-15 11:30:00,966.1
679,19019,2022-01-15 11:32:00,992.8
680,19021,2022-01-15 11:31:00,989.7
681,19022,2022-01-15 11:31:00,962.6
682,19023,2022-01-15 11:30:00,962.9
683,19024,2022-01-15 11:30:00,970.3
684,19025,2022-01-15 11:32:00,996.4
685,19027,2022-01-15 11:31:00,983.8
686,19032,2022-01-15 11:32:00,994.8
687,19033,2022-01-15 11:29:00,904.7
688,19034,2022-01-15 11:29:00,938.2
689,19036,2022-01-15 11:30:00,921.0
690,19037,2022-01-15 11:32:00,973.9
691,19039,2022-01-15 11:30:00,923.7
692,19041,2022-01-15 11:33:00,902.4
693,19042,2022-01-15 11:33:00,961.0
694,19043,2022-01-15 11:31:00,940.8
695,19044,2022-01-15 11:31:00,960.9
696,19045,2022-01-15 11:29:00,894.0
697,19046,2022-01-15 11:34:00,856.6
698,19047,2022-01-15 11:30:00,918.0
699,19048,2022-01-15 11:30:00,903.3
700,20001,2022-01-15 11:40:00,984.4
701,20003,2022-01-15 11:34:00,916.1
702,20004,2022-01-15 11:35:00,941.3
703,20005,2022-01-15 11:36:00,925.3
704,20008,2022-01-15 11:34:00,896.8
705,20009,2022-01-15 11:34:00,930.2
706,20010,2022-01-15 11:36:00,959.7
707,20012,2022-01-15 11:33:00,965.4
708,20015,2022-01-15 11:33:00,947.2
709,20017,2022-01-15 11:34:00,920.7
710,20018,2022-01-15 11:33:00,928.0
711,20020,2022-01-15 11:35:00,968.9
712,20021,2022-01-15 11:33:00,929.0
713,20024,2022-01-15 11:37:00,947.9
714,20025,2022-01-15 11:38:00,987.0
715,20030,2022-01-15 11:35:00,934.9
716,20031,2022-01-15 11:35:00,890.4
717,20033,2022-01-15 11:35:00,925.9
718,20034,2022-01-15 11:36:00,944.1
719,20040,2022-01-15 11:35:00,935.2
720,20041,2022-01-15 11:34:00,928.9
721,20042,2022-01-15 11:35:00,938.0
722,20043,2022-01-15 11:34:00,936.8
723,20046,2022-01-15 11:37:00,870.9
724,20047,2022-01-15 11:37:00,986.8
725,20048,2022-01-15 11:38:00,947.5
726,20049,2022-01-15 11:38:00,935.8
727,20050,2022-01-15 11:38:00,951.7
728,20051,2022-01-15 11:38:00,966.5
729,20052,2022-01-15 11:36:00,911.6
730,20053,2022-01-15 11:36:00,960.9
731,20054,2022-01-15 11:36:00,934.2
732,20057,2022-01-15 11:34:00,899.7
733,20058,2022-01-15 11:34:00,918.0
734,20060,2022-01-15 11:35:00,925.1
735,20061,2022-01-15 11:37:00,849.1
736,20062,2022-01-15 11:37:00,980.0
737,20063,2022-01-15 11:37:00,981.9
738,20065,2022-01-15 11:37:00,983.3
739,20070,2022-01-15 11:38:00,920.9
740,20071,2022-01-15 11:38:00,871.6
741,20074,2022-01-15 11:37:00,940.9
742,20077,2022-01-15 11:36:00,927.7
743,20078,2022-01-15 11:37:00,952.1
744,20080,2022-01-15 11:34:00,835.3
745,20081,2022-01-15 11:34:00,924.2
746,20082,2022-01-15 11:33:00,867.8
747,20083,2022-01-15 11:33:00,899.0
748,20084,2022-01-15 11:34:00,899.4
749,20085,2022-01-15 11:33:00,897.9
750,20087,2022-01-15 11:38:00,970.0
751,20088,2022-01-15 11:38:00,978.1
752,20091,2022-01-15 11:39:00,950.7
753,20092,2022-01-15 11:39:00,932.4
754,20093,2022-01-15 11:38:00,952.6
755,20094,2022-01-15 11:38:00,945.9
756,20095,2022-01-15 11:39:00,921.3
757,20096,2022-01-15 11:35:00,862.1
758,20100,2022-01-15 11:35:00,938.1
759,20103,2022-01-15 11:35:00,956.3
760,20108,2022-01-15 11:36:00,862.8
761,21001,2022-01-15 11:39:00,1025.0
762,21006,2022-01-15 11:39:00,1018.9
763,21008,2022-01-15 11:37:00,995.8
764,21009,2022-01-15 11:37:00,971.2
765,21010,2022-01-15 11:37:00,984.7
766,21011,2022-01-15 11:37:00,948.0
767,21013,2022-01-15 11:38:00,953.9
768,21014,2022-01-15 11:36:00,1017.6
769,21015,2022-01-15 11:36:00,1008.1
770,21018,2022-01-15 11:36:00,970.0
771,21019,2022-01-15 11:36:00,987.9
772,21022,2022-01-15 11:36:00,967.3
773,21023,2022-01-15 11:36:00,951.9
774,21024,2022-01-15 11:36:00,1005.1
775,21027,2022-01-15 11:36:00,1005.3
776,21032,2022-01-15 11:39:00,1017.8
777,21033,2022-01-15 11:39:00,1017.5
778,21034,2022-01-15 11:37:00,1007.9
779,21035,2022-01-15 11:37:00,1018.7
780,21036,2022-01-15 11:38:00,1006.7
781,21038,2022-01-15 11:37:00,1018.8
782,21039,2022-01-15 11:37:00,1021.7
783,21040,2022-01-15 11:37:00,1022.6
784,21041,2022-01-15 11:38:00,985.1
785,21042,2022-01-15 11:38:00,951.5
786,21043,2022-01-15 11:38:00,996.5
787,21044,2022-01-15 11:38:00,993.3
788,21046,2022-01-15 11:40:00,986.6
789,21052,2022-01-15 11:35:00,960.8
790,21053,2022-01-15 11:35:00,981.5
791,21056,2022-01-15 11:37:00,911.9
792,21059,2022-01-15 11:38:00,938.2
793,21060,2022-01-15 11:39:00,952.7
794,21062,2022-01-15 11:39:00,958.9
795,21067,2022-01-15 11:37:00,1020.3
796,21070,2022-01-15 11:35:00,967.2
797,21071,2022-01-15 11:38:00,999.9
798,21073,2022-01-15 11:35:00,990.2
799,21074,2022-01-15 11:40:00,1020.4
800,21076,2022-01-15 11:39:00,1018.4
801,21077,2022-01-15 11:41:00,973.6
802,21079,2022-01-15 11:40:00,963.4
803,21084,2022-01-15 11:35:00,979.7
804,21086,2022-01-15 11:40:00,945.8
805,21090,2022-01-15 11:36:00,1009.3
806,21092,2022-01-15 11:37:00,1010.2
807,21095,2022-01-15 11:40:00,1017.6
808,21098,2022-01-15 11:40:00,1020.8
809,21099,2022-01-15 11:41:00,982.2
810,21102,2022-01-15 11:38:00,1014.4
811,21103,2022-01-15 11:40:00,1021.0
812,21104,2022-01-15 11:39:00,1014.1
813,21106,2022-01-15 11:39:00,998.1
814,21107,2022-01-15 11:37:00,1014.8
815,21108,2022-01-15 11:37:00,1023.5
816,22001,2022-01-15 11:26:00,1013.6
817,22003,2022-01-15 11:30:00,1012.4
818,22006,2022-01-15 11:27:00,1010.3
819,22007,2022-01-15 11:27:00,980.2
820,22008,2022-01-15 11:27:00,950.0
821,22009,2022-01-15 11:28:00,1018.3
822,22010,2022-01-15 11:26:00,999.8
823,22011,2022-01-15 11:26:00,1007.4
824,22014,2022-01-15 11:26:00,1006.3
825,22026,2022-01-15 11:29:00,976.9
826,22029,2022-01-15 11:28:00,1021.0
827,22032,2022-01-15 11:29:00,1021.7
828,22034,2022-01-15 11:29:00,1017.6
829,22046,2022-01-15 11:29:00,1020.2
830,22048,2022-01-15 11:28:00,1023.0
831,22050,2022-01-15 11:30:00,977.8
832,22051,2022-01-15 11:29:00,1019.4
833,22053,2022-01-15 11:27:00,1015.3
834,22055,2022-01-15 11:31:00,1023.0
835,22057,2022-01-15 11:33:00,1001.2
836,22058,2022-01-15 11:31:00,983.3
837,22062,2022-01-15 11:33:00,1020.5
838,22063,2022-01-15 11:33:00,1026.0
839,22070,2022-01-15 11:31:00,1023.2
840,23002,2022-01-15 11:36:00,1023.9
841,23003,2022-01-15 11:38:00,1022.0
842,23004,2022-01-15 11:35:00,1013.8
843,23005,2022-01-15 11:37:00,1018.9
844,23006,2022-01-15 11:34:00,1020.2
845,23007,2022-01-15 11:36:00,1024.7
846,23008,2022-01-15 11:39:00,1021.2
847,23009,2022-01-15 11:39:00,1023.6
848,23010,2022-01-15 11:39:00,1023.9
849,23016,2022-01-15 11:38:00,1023.9
850,23017,2022-01-15 11:38:00,1024.0
851,23018,2022-01-15 11:35:00,1024.5
852,23021,2022-01-15 11:35:00,1019.2
853,23023,2022-01-15 11:34:00,1018.4
854,23024,2022-01-15 11:38:00,1025.5
855,23025,2022-01-15 11:38:00,1018.0
856,23026,2022-01-15 11:36:00,1022.6
857,23027,2022-01-15 11:36:00,1024.2
858,23028,2022-01-15 11:34:00,1022.0
859,23031,2022-01-15 11:36:00,1018.1
860,23032,2022-01-15 11:36:00,1019.4
861,23035,2022-01-15 11:34:00,1021.8
862,23040,2022-01-15 11:37:00,1012.3
863,23041,2022-01-15 11:35:00,998.9
864,23046,2022-01-15 11:34:00,1023.3
865,23047,2022-01-15 11:37:00,1021.9
866,23048,2022-01-15 11:38:00,1022.0
867,23052,2022-01-15 11:35:00,1019.5
868,23053,2022-01-15 11:35:00,1022.0
869,23054,2022-01-15 11:33:00,1017.5
870,23055,2022-01-15 11:36:00,1018.6
871,23058,2022-01-15 11:36:00,1023.8
872,23059,2022-01-15 11:35:00,1021.9
873,23062,2022-01-15 11:36:00,1020.0
874,23063,2022-01-15 11:38:00,1025.8
875,23066,2022-01-15 11:37:00,1018.6
876,23067,2022-01-15 11:35:00,1021.3
877,23071,2022-01-15 11:34:00,1022.5
878,23076,2022-01-15 11:33:00,1017.2
879,23077,2022-01-15 11:32:00,1021.3
880,23079,2022-01-15 11:34:00,1014.1
881,23080,2022-01-15 11:34:00,1015.2
882,23081,2022-01-15 11:37:00,1011.0
883,23087,2022-01-15 11:34:00,1020.3
884,23088,2022-01-15 11:35:00,987.4
885,23089,2022-01-15 11:36:00,1016.5
886,23090,2022-01-15 11:34:00,1016.8
887,23091,2022-01-15 11:37:00,1021.8
888,23097,2022-01-15 11:32:00,965.5
889,23099,2022-01-15 11:38:00,1023.2
890,23101,2022-01-15 11:38:00,1023.9
891,23104,2022-01-15 11:35:00,1021.6
892,23106,2022-01-15 11:37:00,1018.0
893,23108,2022-01-15 11:35:00,1020.5
894,23109,2022-01-15 11:38:00,1018.9
895,23110,2022-01-15 11:35:00,1019.2
896,23111,2022-01-15 11:35:00,1023.2
897,23112,2022-01-15 11:35:00,1018.4
898,23117,2022-01-15 11:35:00,1012.5
899,23118,2022-01-15 11:35:00,1016.3
900,23120,2022-01-15 11:38:00,1025.3
901,23122,2022-01-15 11:38:00,1025.8
902,24001,2022-01-15 11:37:00,991.7
903,24002,2022-01-15 11:39:00,1011.4
904,24003,2022-01-15 11:36:00,997.3
905,24005,2022-01-15 11:36:00,997.6
906,24006,2022-01-15 11:35:00,1023.1
907,24007,2022-01-15 11:35:00,1019.5
908,24008,2022-01-15 11:36:00,1017.5
909,24009,2022-01-15 11:38:00,1018.4
910,24012,2022-01-15 11:33:00,1005.4
911,24013,2022-01-15 11:33:00,1015.2
912,24014,2022-01-15 11:35:00,1024.9
913,24017,2022-01-15 11:36:00,1012.6
914,24018,2022-01-15 11:38:00,1025.3
915,24023,2022-01-15 11:34:00,1026.5
916,24025,2022-01-15 11:32:00,1018.7
917,24026,2022-01-15 11:34:00,1017.7
918,24027,2022-01-15 11:34:00,1022.1
919,24030,2022-01-15 11:34:00,983.2
920,24031,2022-01-15 11:34:00,995.6
921,24033,2022-01-15 11:33:00,1011.0
922,24034,2022-01-15 11:33:00,1015.8
923,24035,2022-01-15 11:34:00,1007.2
924,24039,2022-01-15 11:32:00,1017.3
925,24040,2022-01-15 11:35:00,1022.6
926,24041,2022-01-15 11:35:00,991.9
927,24044,2022-01-15 11:37:00,1020.6
928,24045,2022-01-15 11:37:00,1023.5
929,24047,2022-01-15 11:33:00,1007.3
930,24048,2022-01-15 11:35:00,1012.8
931,24049,2022-01-15 11:35:00,1019.1
932,24059,2022-01-15 11:32:00,1010.7
933,24063,2022-01-15 11:35:00,975.4
934,24065,2022-01-15 11:35:00,1018.0
935,24067,2022-01-15 11:33:00,1000.9
936,25001,2022-01-15 11:38:00,1016.0
937,25002,2022-01-15 11:39:00,1000.8
938,25004,2022-01-15 11:38:00,1013.2
939,25006,2022-01-15 11:38:00,1010.6
940,25007,2022-01-15 11:40:00,993.3
941,25009,2022-01-15 11:40:00,1015.3
942,25010,2022-01-15 11:40:00,1011.3
943,25013,2022-01-15 11:36:00,985.0
944,25014,2022-01-15 11:39:00,1000.2
945,25015,2022-01-15 11:40:00,1005.7
946,25017,2022-01-15 11:40:00,985.7
947,25018,2022-01-15 11:40:00,1011.2
948,25021,2022-01-15 11:39:00,990.8
949,25022,2022-01-15 11:38:00,1001.4
950,25024,2022-01-15 11:38:00,1012.3
951,25025,2022-01-15 11:41:00,1010.8
952,25027,2022-01-15 11:39:00,1013.5
953,25029,2022-01-15 11:41:00,1014.1
954,25030,2022-01-15 11:39:00,1014.1
955,25032,2022-01-15 11:38:00,1014.9
956,25033,2022-01-15 11:37:00,988.0
957,25034,2022-01-15 11:38:00,1015.2
958,25035,2022-01-15 11:40:00,1008.4
959,25036,2022-01-15 11:40:00,1000.8
960,25037,2022-01-15 11:38:00,1015.6
961,26002,2022-01-15 11:42:00,1010.9
962,26003,2022-01-15 11:38:00,1015.1
963,26004,2022-01-15 11:38:00,1007.4
964,26006,2022-01-15 11:40:00,1004.1
965,26007,2022-01-15 11:39:00,1009.0
966,26008,2022-01-15 11:38:00,1024.7
967,26009,2022-01-15 11:43:00,1023.2
968,26010,2022-01-15 11:47:00,1025.4
969,26013,2022-01-15 11:38:00,1023.2
970,26014,2022-01-15 11:41:00,1025.0
971,26015,2022-01-15 11:38:00,1023.5
972,26017,2022-01-15 11:37:00,974.4
973,26019,2022-01-15 11:37:00,1003.6
974,26020,2022-01-15 11:36:00,1006.0
975,26022,2022-01-15 11:37:00,999.8
976,26023,2022-01-15 11:41:00,1021.8
977,26025,2022-01-15 11:40:00,1007.3
978,26026,2022-01-15 11:40:00,996.7
979,26028,2022-01-15 11:42:00,1024.9
980,26029,2022-01-15 11:43:00,1012.8
981,26032,2022-01-15 11:37:00,1016.7
982,26034,2022-01-15 11:46:00,1024.7
983,26035,2022-01-15 11:46:00,1017.4
984,26037,2022-01-15 11:39:00,1016.9
985,26038,2022-01-15 11:39:00,1017.8
986,26039,2022-01-15 11:39:00,992.5
987,26041,2022-01-15 11:38:00,1015.9
988,26043,2022-01-15 11:39:00,1019.5
989,26044,2022-01-15 11:39:00,1016.5
990,26046,2022-01-15 11:38:00,1021.5
991,26047,2022-01-15 11:39:00,1012.1
992,26048,2022-01-15 11:42:00,1025.2
993,26049,2022-01-15 11:39:00,1016.0
994,26050,2022-01-15 11:40:00,989.2
995,26052,2022-01-15 11:46:00,1023.9
996,26053,2022-01-15 11:37:00,999.1
997,27001,2022-01-15 11:39:00,1008.3
998,27003,2022-01-15 11:36:00,988.4
999,27005,2022-01-15 11:37:00,1018.4
1000,27008,2022-01-15 11:37:00,1005.2
1001,27009,2022-01-15 11:38:00,1020.5
1002,27011,2022-01-15 11:38:00,1022.9
1003,27012,2022-01-15 11:38:00,1025.7
1004,27013,2022-01-15 11:38:00,1021.4
1005,27015,2022-01-15 11:40:00,1018.2
1006,27017,2022-01-15 11:37:00,1021.9
1007,27018,2022-01-15 11:37:00,1021.1
1008,27019,2022-01-15 11:38:00,1016.5
1009,27020,2022-01-15 11:38:00,1017.3
1010,27022,2022-01-15 11:38:00,1013.0
1011,27024,2022-01-15 11:38:00,1024.7
1012,27025,2022-01-15 11:37:00,1014.8
1013,27026,2022-01-15 11:37:00,1022.4
1014,27028,2022-01-15 11:37:00,1016.1
1015,27030,2022-01-15 11:38:00,1022.1
1016,27031,2022-01-15 11:37:00,1020.5
1017,27032,2022-01-15 11:37:00,1012.0
1018,27033,2022-01-15 11:38:00,1021.7
1019,27035,2022-01-15 11:38:00,1022.5
1020,27036,2022-01-15 11:38:00,1020.7
1021,27037,2022-01-15 11:38:00,1019.6
1022,27039,2022-01-15 11:38:00,1022.5
1023,27040,2022-01-15 11:38:00,1022.0
1024,27042,2022-01-15 11:38:00,1017.3
1025,27044,2022-01-15 11:38:00,1018.4
1026,27045,2022-01-15 11:38:00,1020.4
1027,27047,2022-01-15 11:38:00,1021.2
1028,27048,2022-01-15 11:38:00,1021.3
1029,27050,2022-01-15 11:38:00,1018.8
1030,27055,2022-01-15 11:37:00,1020.0
1031,27063,2022-01-15 11:41:00,1019.0
1032,27065,2022-01-15 11:39:00,956.0
1033,27068,2022-01-15 11:39:00,998.9
1034,27070,2022-01-15 11:37:00,1021.9
1035,27071,2022-01-15 11:37:00,1014.7
1036,27072,2022-01-15 11:38:00,1022.7
1037,27073,2022-01-15 11:38:00,1026.7
1038,27075,2022-01-15 11:39:00,1018.2
1039,27076,2022-01-15 11:37:00,1017.0
1040,27077,2022-01-15 11:38:00,1024.8
1041,27078,2022-01-15 11:37:00,1021.2
1042,27080,2022-01-15 11:38:00,1021.2
1043,27082,2022-01-15 11:38:00,1019.8
1044,27083,2022-01-15 11:38:00,1020.5
1045,27085,2022-01-15 11:36:00,987.2
1046,27087,2022-01-15 11:38:00,1021.1
1047,27088,2022-01-15 11:36:00,983.6
1048,27089,2022-01-15 11:38:00,1020.2
1049,27090,2022-01-15 11:39:00,972.7
1050,28001,2022-01-15 11:43:00,1019.1
1051,28002,2022-01-15 11:43:00,1025.9
1052,28003,2022-01-15 11:39:00,1020.5
1053,28005,2022-01-15 11:41:00,1020.8
1054,28008,2022-01-15 11:41:00,1015.7
1055,28009,2022-01-15 11:41:00,1021.0
1056,28010,2022-01-15 11:46:00,1007.3
1057,28011,2022-01-15 11:44:00,994.7
1058,28012,2022-01-15 11:46:00,1016.3
1059,28013,2022-01-15 11:40:00,1003.4
1060,28014,2022-01-15 11:40:00,1008.6
1061,28015,2022-01-15 11:43:00,1010.9
1062,28016,2022-01-15 11:43:00,1006.7
1063,28019,2022-01-15 11:39:00,1021.2
1064,28021,2022-01-15 11:40:00,1018.5
1065,28023,2022-01-15 11:39:00,1015.3
1066,28024,2022-01-15 11:39:00,1021.8
1067,28025,2022-01-15 11:39:00,1019.4
1068,28026,2022-01-15 11:39:00,1002.8
1069,28027,2022-01-15 11:39:00,1021.3
1070,28028,2022-01-15 11:40:00,1003.9
1071,28029,2022-01-15 11:40:00,980.3
1072,28030,2022-01-15 11:42:00,1015.0
1073,28031,2022-01-15 11:42:00,1006.1
1074,28032,2022-01-15 11:39:00,984.2
1075,28033,2022-01-15 11:39:00,1020.4
1076,28035,2022-01-15 11:43:00,1021.8
1077,28036,2022-01-15 11:43:00,1025.8
1078,28040,2022-01-15 11:42:00,1014.7
1079,28042,2022-01-15 11:41:00,1013.3
1080,28043,2022-01-15 11:39:00,1018.7
1081,28044,2022-01-15 11:43:00,1008.8
1082,28046,2022-01-15 11:39:00,1020.9
1083,28047,2022-01-15 11:46:00,1005.3
1084,28048,2022-01-15 11:46:00,1025.5
1085,28050,2022-01-15 11:39:00,1019.6
1086,28052,2022-01-15 11:47:00,1024.5
1087,28053,2022-01-15 11:40:00,1017.6
1088,28054,2022-01-15 11:42:00,1023.0
1089,28056,2022-01-15 11:41:00,1022.9
1090,28058,2022-01-15 11:43:00,1007.1
1091,28060,2022-01-15 11:39:00,1020.2
1092,28061,2022-01-15 11:39:00,1022.3
1093,28067,2022-01-15 11:39:00,1027.4
1094,28068,2022-01-15 11:43:00,982.7
1095,28070,2022-01-15 11:40:00,999.4
1096,29002,2022-01-15 11:39:00,1020.5
1097,29004,2022-01-15 11:35:00,987.2
1098,29005,2022-01-15 11:36:00,979.2
1099,29006,2022-01-15 11:35:00,984.2
1100,29007,2022-01-15 11:35:00,947.5
1101,29008,2022-01-15 11:36:00,1018.1
1102,29009,2022-01-15 11:36:00,1014.3
1103,29010,2022-01-15 11:35:00,983.4
1104,29011,2022-01-15 11:35:00,1004.0
1105,29015,2022-01-15 11:34:00,965.1
1106,29016,2022-01-15 11:34:00,967.0
1107,29019,2022-01-15 11:35:00,973.7
1108,29020,2022-01-15 11:36:00,993.0
1109,29021,2022-01-15 11:36:00,1013.9
1110,29022,2022-01-15 11:37:00,1014.3
1111,29025,2022-01-15 11:36:00,1016.7
1112,29026,2022-01-15 11:36:00,977.8
1113,29029,2022-01-15 11:37:00,1020.2
1114,29032,2022-01-15 11:37:00,1015.6
1115,29034,2022-01-15 11:36:00,1016.3
1116,29035,2022-01-15 11:36:00,962.7
1117,29036,2022-01-15 11:37:00,1018.3
1118,29037,2022-01-15 11:37:00,1009.2
1119,29038,2022-01-15 11:37:00,1020.7
1120,29039,2022-01-15 11:37:00,1018.2
1121,29040,2022-01-15 11:36:00,1021.1
1122,29041,2022-01-15 11:37:00,1016.0
1123,29044,2022-01-15 11:35:00,980.2
1124,29045,2022-01-15 11:33:00,991.7
1125,29046,2022-01-15 11:35:00,1001.8
1126,29048,2022-01-15 11:35:00,925.6
1127,29050,2022-01-15 11:35:00,971.3
1128,30001,2022-01-15 11:36:00,984.3
1129,30004,2022-01-15 11:36:00,991.1
1130,30005,2022-01-15 11:37:00,1015.0
1131,30006,2022-01-15 11:37:00,994.2
1132,30007,2022-01-15 11:37:00,1023.9
1133,30011,2022-01-15 11:36:00,1022.9
1134,30013,2022-01-15 11:35:00,1021.5
1135,30014,2022-01-15 11:34:00,1014.0
1136,30015,2022-01-15 11:36:00,1024.3
1137,30021,2022-01-15 11:37:00,1020.7
1138,30023,2022-01-15 11:36:00,1024.0
1139,30024,2022-01-15 11:36:00,987.8
1140,30025,2022-01-15 11:36:00,1025.6
1141,30027,2022-01-15 11:36:00,1025.2
1142,30028,2022-01-15 11:38:00,1017.5
1143,30029,2022-01-15 11:36:00,1018.0
1144,30030,2022-01-15 11:37:00,1022.9
1145,30032,2022-01-15 11:38:00,1023.1
1146,30033,2022-01-15 11:37:00,1025.1
1147,30034,2022-01-15 11:37:00,1026.2
1148,30035,2022-01-15 11:37:00,1025.8
1149,30039,2022-01-15 11:32:00,1019.0
1150,30040,2022-01-15 11:36:00,929.8
1151,30041,2022-01-15 11:34:00,1025.3
1152,30043,2022-01-15 11:37:00,1003.2
1153,30044,2022-01-15 11:34:00,998.7
1154,30046,2022-01-15 11:36:00,1016.4
1155,30047,2022-01-15 11:39:00,977.9
1156,30048,2022-01-15 11:37:00,1018.2
1157,31001,2022-01-15 11:46:00,1020.8
1158,31003,2022-01-15 11:50:00,1025.0
1159,31004,2022-01-15 11:49:00,1023.0
1160,31006,2022-01-15 11:51:00,1021.1
1161,31009,2022-01-15 11:49:00,1018.9
1162,31011,2022-01-15 11:48:00,1015.4
1163,31012,2022-01-15 11:48:00,996.0
1164,31013,2022-01-15 11:46:00,1011.4
1165,31014,2022-01-15 11:46:00,1022.0
1166,31016,2022-01-15 11:47:00,1015.5
1167,31017,2022-01-15 11:48:00,1010.1
1168,31019,2022-01-15 11:46:00,986.2
1169,31020,2022-01-15 11:49:00,1023.7
1170,31022,2022-01-15 11:47:00,956.3
1171,31023,2022-01-15 11:48:00,1023.6
1172,31025,2022-01-15 11:48:00,1000.8
1173,31027,2022-01-15 11:48:00,1004.9
1174,31029,2022-01-15 11:45:00,991.8
1175,31030,2022-01-15 11:45:00,961.1
1176,31032,2022-01-15 11:45:00,959.5
1177,31033,2022-01-15 11:46:00,1014.1
1178,31034,2022-01-15 11:52:00,1024.2
1179,32001,2022-01-15 11:52:00,1024.5
1180,32002,2022-01-15 11:54:00,1018.7
1181,32003,2022-01-15 11:53:00,1020.9
1182,32007,2022-01-15 11:51:00,994.6
1183,32010,2022-01-15 11:52:00,1017.9
1184,32012,2022-01-15 11:52:00,969.5
1185,32013,2022-01-15 11:54:00,1018.7
1186,32014,2022-01-15 11:51:00,984.0
1187,32015,2022-01-15 11:52:00,975.2
1188,32017,2022-01-15 11:53:00,1021.2
1189,32018,2022-01-15 11:53:00,1018.8
1190,32020,2022-01-15 11:53:00,1010.8
1191,32022,2022-01-15 11:50:00,1025.8
1192,32023,2022-01-15 11:51:00,1020.1
1193,32026,2022-01-15 11:49:00,937.3
1194,32028,2022-01-15 11:54:00,1017.6
1195,32029,2022-01-15 11:51:00,1025.3
1196,32030,2022-01-15 11:52:00,965.0
1197,32032,2022-01-15 11:53:00,1007.0
1198,32033,2022-01-15 11:53:00,1018.5
1199,32034,2022-01-15 11:54:00,1021.5
1200,33002,2022-01-15 11:48:00,1005.4
1201,33004,2022-01-15 11:44:00,1024.3
1202,33005,2022-01-15 11:44:00,1023.9
1203,33006,2022-01-15 11:45:00,1024.7
1204,33007,2022-01-15 11:46:00,1025.3
1205,33010,2022-01-15 11:44:00,1023.8
1206,33012,2022-01-15 11:46:00,984.6
1207,33013,2022-01-15 11:47:00,1027.8
1208,33015,2022-01-15 11:45:00,989.4
1209,33016,2022-01-15 11:45:00,984.5
1210,33019,2022-01-15 11:47:00,1012.3
1211,33021,2022-01-15 11:47:00,995.1
1212,33023,2022-01-15 11:49:00,1005.2
1213,33025,2022-01-15 11:48:00,965.7
1214,33026,2022-01-15 11:47:00,999.5
1215,33029,2022-01-15 11:48:00,1009.6
1216,33030,2022-01-15 11:44:00,1026.0
1217,33032,2022-01-15 11:47:00,1022.4
1218,33033,2022-01-15 11:46:00,1023.2
1219,33034,2022-01-15 11:46:00,1023.1
1220,33035,2022-01-15 11:44:00,1025.0
1221,33036,2022-01-15 11:46:00,1018.6
1222,33037,2022-01-15 11:46:00,1007.0
1223,33038,2022-01-15 11:46:00,1025.8
1224,33039,2022-01-15 11:47:00,1023.8
1225,33040,2022-01-15 11:46:00,1010.5
1226,33042,2022-01-15 11:46:00,981.7
1227,33043,2022-01-15 11:47:00,916.4
1228,33044,2022-01-15 11:46:00,1010.4
1229,33047,2022-01-15 11:44:00,1002.4
1230,33048,2022-01-15 11:45:00,1013.0
1231,33049,2022-01-15 11:44:00,1018.0
1232,34002,2022-01-15 11:50:00,991.9
1233,34004,2022-01-15 11:50:00,1021.2
1234,34005,2022-01-15 11:50:00,1000.5
1235,34006,2022-01-15 11:51:00,1009.6
1236,34007,2022-01-15 11:49:00,1019.5
1237,34008,2022-01-15 11:48:00,1019.2
1238,34009,2022-01-15 11:48:00,1017.2
1239,34010,2022-01-15 11:48:00,1023.8
1240,34011,2022-01-15 11:50:00,1021.8
1241,34012,2022-01-15 11:51:00,1019.2
1242,34013,2022-01-15 11:51:00,1017.0
1243,34016,2022-01-15 11:51:00,1023.0
1244,34017,2022-01-15 11:51:00,1011.3
1245,34019,2022-01-15 11:49:00,1022.7
1246,34020,2022-01-15 11:50:00,1021.4
1247,34021,2022-01-15 11:50:00,1020.8
1248,34022,2022-01-15 11:50:00,1022.5
1249,34023,2022-01-15 11:50:00,1023.5
1250,34026,2022-01-15 11:48:00,1021.8
1251,34027,2022-01-15 11:50:00,1001.4
1252,34028,2022-01-15 11:51:00,1007.4
1253,34030,2022-01-15 11:52:00,1004.5
1254,34031,2022-01-15 11:52:00,990.6
1255,34033,2022-01-15 11:51:00,990.8
1256,34034,2022-01-15 11:51:00,977.9
1257,34036,2022-01-15 11:51:00,965.6
1258,34037,2022-01-15 11:49:00,953.3
1259,34038,2022-01-15 11:50:00,925.0
1260,34040,2022-01-15 11:49:00,948.6
1261,34041,2022-01-15 11:50:00,1009.3
1262,34045,2022-01-15 11:49:00,995.2
1263,34046,2022-01-15 11:50:00,999.8
1264,34047,2022-01-15 11:51:00,987.9
1265,34050,2022-01-15 11:47:00,1023.4
1266,34051,2022-01-15 11:48:00,1021.6
1267,34053,2022-01-15 11:47:00,1020.7
1268,34056,2022-01-15 11:47:00,1021.5
1269,34057,2022-01-15 11:48:00,1018.9
1270,35001,2022-01-15 11:53:00,1025.1
1271,35005,2022-01-15 11:53:00,1022.2
1272,35009,2022-01-15 11:49:00,1022.9
1273,35010,2022-01-15 11:49:00,1023.3
1274,35011,2022-01-15 11:49:00,1020.2
1275,35012,2022-01-15 11:49:00,1004.6
1276,35013,2022-01-15 11:50:00,973.6
1277,35016,2022-01-15 11:48:00,999.2
1278,35017,2022-01-15 11:48:00,1026.8
1279,35018,2022-01-15 11:48:00,1023.8
1280,35020,2022-01-15 11:52:00,988.3
1281,35021,2022-01-15 11:52:00,1024.0
1282,35024,2022-01-15 11:51:00,1023.8
1283,35025,2022-01-15 11:51:00,1017.3
1284,35026,2022-01-15 11:52:00,1027.2
1285,35027,2022-01-15 11:50:00,1023.7
1286,35028,2022-01-15 11:50:00,972.3
1287,35029,2022-01-15 11:50:00,1023.2
1288,35030,2022-01-15 11:48:00,1025.0
1289,35031,2022-01-15 11:54:00,1021.4
1290,35034,2022-01-15 11:53:00,1025.0
1291,35035,2022-01-15 11:53:00,1018.5
1292,35037,2022-01-15 11:52:00,983.6
1293,35039,2022-01-15 11:51:00,1020.4
1294,35040,2022-01-15 11:51:00,1025.1
1295,35041,2022-01-15 11:48:00,1023.5
1296,36001,2022-01-15 11:39:00,1020.0
1297,36003,2022-01-15 11:39:00,1006.3
1298,36004,2022-01-15 11:40:00,1022.6
1299,36007,2022-01-15 11:40:00,1023.3
1300,36008,2022-01-15 11:42:00,1026.3
1301,36012,2022-01-15 11:44:00,986.4
1302,36013,2022-01-15 11:43:00,1011.6
1303,36014,2022-01-15 11:40:00,976.5
1304,36015,2022-01-15 11:41:00,983.3
1305,36016,2022-01-15 11:40:00,1017.4
1306,36018,2022-01-15 11:41:00,1027.2
1307,36019,2022-01-15 11:41:00,1017.6
1308,36020,2022-01-15 11:39:00,1022.3
1309,36021,2022-01-15 11:41:00,1024.3
1310,36022,2022-01-15 11:40:00,1011.5
1311,36023,2022-01-15 11:41:00,986.2
1312,36025,2022-01-15 11:42:00,984.9
1313,36026,2022-01-15 11:42:00,1019.0
1314,36027,2022-01-15 11:41:00,1024.2
1315,36028,2022-01-15 11:41:00,1025.8
1316,36034,2022-01-15 11:41:00,1025.0
1317,37001,2022-01-15 11:43:00,1016.5
1318,37002,2022-01-15 11:44:00,999.5
1319,37003,2022-01-15 11:45:00,1013.9
1320,37005,2022-01-15 11:44:00,1023.2
1321,37006,2022-01-15 11:44:00,1023.4
1322,37009,2022-01-15 11:44:00,1023.7
1323,37010,2022-01-15 11:44:00,1024.2
1324,37011,2022-01-15 11:44:00,1012.1
1325,37012,2022-01-15 11:44:00,1025.9
1326,37019,2022-01-15 11:45:00,1025.4
1327,37020,2022-01-15 11:44:00,1023.6
1328,37021,2022-01-15 11:42:00,1019.1
1329,37022,2022-01-15 11:42:00,1014.1
1330,37023,2022-01-15 11:44:00,1018.7
1331,37024,2022-01-15 11:44:00,1018.0
1332,37026,2022-01-15 11:44:00,1018.1
1333,37027,2022-01-15 11:45:00,1030.8
1334,37028,2022-01-15 11:42:00,1021.1
1335,37029,2022-01-15 11:41:00,954.8
1336,37031,2022-01-15 11:43:00,1019.3
1337,38001,2022-01-15 11:47:00,1022.7
1338,38002,2022-01-15 11:46:00,1027.0
1339,38003,2022-01-15 11:46:00,1011.3
1340,38004,2022-01-15 11:45:00,1017.5
1341,38005,2022-01-15 11:47:00,1021.9
1342,38006,2022-01-15 11:44:00,1009.5
1343,38008,2022-01-15 11:44:00,1017.3
1344,38010,2022-01-15 11:47:00,1025.2
1345,38012,2022-01-15 11:47:00,1025.4
1346,38013,2022-01-15 11:47:00,1012.9
1347,38015,2022-01-15 11:44:00,1018.2
1348,38016,2022-01-15 11:45:00,1021.6
1349,38017,2022-01-15 11:47:00,996.0
1350,38018,2022-01-15 11:46:00,1017.4
1351,38019,2022-01-15 11:46:00,1025.2
1352,38020,2022-01-15 11:44:00,967.3
1353,38021,2022-01-15 11:44:00,1023.1
1354,38022,2022-01-15 11:46:00,1016.4
1355,38023,2022-01-15 11:46:00,993.6
1356,38024,2022-01-15 11:46:00,1026.8
1357,38025,2022-01-15 11:46:00,1018.9
1358,38026,2022-01-15 11:44:00,985.8
1359,38027,2022-01-15 11:45:00,1026.6
1360,38028,2022-01-15 11:45:00,1015.3
1361,38029,2022-01-15 11:46:00,995.3
1362,38030,2022-01-15 11:45:00,998.0
1363,38032,2022-01-15 11:44:00,983.9
1364,38033,2022-01-15 11:43:00,971.6
1365,38034,2022-01-15 11:43:00,1010.3
1366,38035,2022-01-15 11:43:00,1008.7
1367,39003,2022-01-15 11:40:00,1021.7
1368,39004,2022-01-15 11:40:00,993.1
1369,39007,2022-01-15 11:41:00,1013.8
1370,39011,2022-01-15 11:41:00,1020.5
1371,39015,2022-01-15 11:41:00,1011.6
1372,39018,2022-01-15 11:43:00,1006.7
1373,39019,2022-01-15 11:42:00,942.8
1374,39022,2022-01-15 11:42:00,1021.2
1375,39025,2022-01-15 11:42:00,1024.9
1376,39026,2022-01-15 11:41:00,1016.0
1377,39027,2022-01-15 11:38:00,1011.5
1378,39028,2022-01-15 11:41:00,1024.0
1379,39029,2022-01-15 11:41:00,1014.7
1380,39030,2022-01-15 11:42:00,1026.4
1381,39034,2022-01-15 11:43:00,944.7
1382,39036,2022-01-15 11:40:00,1020.5
1383,39037,2022-01-15 11:42:00,1021.3
1384,39039,2022-01-15 11:41:00,1021.5
1385,40003,2022-01-15 11:53:00,1030.9
1386,40004,2022-01-15 11:52:00,1020.3
1387,40007,2022-01-15 11:54:00,1022.9
1388,40009,2022-01-15 11:52:00,1022.7
1389,40011,2022-01-15 11:52:00,1022.2
1390,40012,2022-01-15 11:52:00,1021.7
1391,40013,2022-01-15 11:52:00,1026.6
1392,40015,2022-01-15 11:52:00,1017.2
1393,40020,2022-01-15 11:51:00,1026.9
1394,40023,2022-01-15 11:54:00,1020.1
1395,40024,2022-01-15 11:53:00,1017.6
1396,40025,2022-01-15 11:52:00,1026.0
1397,40026,2022-01-15 11:53:00,1016.8
1398,40028,2022-01-15 11:53:00,1024.0
1399,40029,2022-01-15 11:53:00,1023.0
1400,40030,2022-01-15 11:54:00,1023.6
1401,40031,2022-01-15 11:53:00,1017.5
1402,40033,2022-01-15 11:53:00,1011.7
1403,40034,2022-01-15 11:52:00,1023.7
1404,40036,2022-01-15 11:53:00,1023.4
1405,40038,2022-01-15 11:51:00,997.0
1406,40039,2022-01-15 11:51:00,1010.1
1407,40041,2022-01-15 11:53:00,1016.8
1408,40042,2022-01-15 11:52:00,1017.4
1409,40043,2022-01-15 11:53:00,1017.5
1410,40045,2022-01-15 11:52:00,1022.1
1411,40046,2022-01-15 11:51:00,991.1
1412,40047,2022-01-15 11:51:00,1020.8
1413,40048,2022-01-15 11:53:00,1023.4
1414,40051,2022-01-15 11:51:00,1015.6
1415,40052,2022-01-15 11:52:00,1016.9
1416,40055,2022-01-15 11:52:00,1014.5
1417,40056,2022-01-15 11:52:00,1018.9
1418,40058,2022-01-15 11:50:00,997.6
1419,40059,2022-01-15 11:50:00,986.9
1420,40061,2022-01-15 11:52:00,1024.9
1421,40062,2022-01-15 11:53:00,1000.4
1422,40063,2022-01-15 11:53:00,1025.0
1423,40066,2022-01-15 11:53:00,1021.7
1424,40070,2022-01-15 11:53:00,1020.0
1425,40071,2022-01-15 11:53:00,1022.9
1426,40073,2022-01-15 11:53:00,1022.4
1427,40074,2022-01-15 11:53:00,1025.2
1428,40075,2022-01-15 11:53:00,1021.4
1429,40077,2022-01-15 11:50:00,1023.0
1430,40078,2022-01-15 11:53:00,1022.3
1431,40080,2022-01-15 11:53:00,1024.0
1432,40083,2022-01-15 11:52:00,974.8
1433,40085,2022-01-15 11:53:00,1017.6
1434,40086,2022-01-15 11:53:00,1018.9
1435,40087,2022-01-15 11:53:00,1024.1
1436,40088,2022-01-15 11:53:00,1026.0
1437,40090,2022-01-15 11:51:00,1022.9
1438,41003,2022-01-15 11:52:00,1011.4
1439,41004,2022-01-15 11:53:00,1025.7
1440,41006,2022-01-15 11:52:00,1025.3
1441,41007,2022-01-15 11:52:00,1028.1
1442,41008,2022-01-15 11:53:00,1007.0
1443,41009,2022-01-15 11:52:00,1025.8
1444,41011,2022-01-15 11:52:00,1025.7
1445,41016,2022-01-15 11:53:00,1024.7
1446,41017,2022-01-15 11:52:00,1024.0
1447,41018,2022-01-15 11:52:00,1024.5
1448,41019,2022-01-15 11:54:00,1020.6
1449,41020,2022-01-15 11:53:00,1014.2
1450,41021,2022-01-15 11:52:00,1025.2
1451,41022,2022-01-15 11:52:00,1025.2
1452,41023,2022-01-15 11:53:00,960.7
1453,41028,2022-01-15 11:53:00,1020.4
1454,42001,2022-01-15 11:57:00,1008.1
1455,42002,2022-01-15 11:51:00,1022.8
1456,42004,2022-01-15 11:54:00,1013.6
1457,42005,2022-01-15 11:54:00,1018.1
1458,42006,2022-01-15 11:55:00,1007.0
1459,42007,2022-01-15 11:54:00,1021.4
1460,42008,2022-01-15 11:52:00,1020.6
1461,42009,2022-01-15 11:54:00,1005.3
1462,42012,2022-01-15 12:02:00,1025.8
1463,42013,2022-01-15 11:52:00,1026.9
1464,42014,2022-01-15 11:52:00,1024.2
1465,42018,2022-01-15 11:52:00,1019.7
1466,42019,2022-01-15 11:52:00,1015.0
1467,42021,2022-01-15 11:50:00,1026.7
1468,42022,2022-01-15 11:53:00,1010.0
1469,42023,2022-01-15 11:53:00,1009.1
1470,42024,2022-01-15 11:53:00,1021.9
1471,42025,2022-01-15 11:56:00,1021.6
1472,42028,2022-01-15 11:56:00,1007.8
1473,42031,2022-01-15 11:51:00,1023.9
1474,42032,2022-01-15 11:51:00,1017.2
1475,43001,2022-01-15 11:47:00,959.0
1476,43002,2022-01-15 11:48:00,942.5
1477,43005,2022-01-15 11:48:00,977.5
1478,43010,2022-01-15 11:48:00,1028.4
1479,43012,2022-01-15 11:48:00,1015.8
1480,43014,2022-01-15 11:48:00,1012.5
1481,43017,2022-01-15 11:46:00,986.4
1482,43018,2022-01-15 11:45:00,1001.1
1483,43020,2022-01-15 11:46:00,1001.8
1484,43022,2022-01-15 11:46:00,994.3
1485,43023,2022-01-15 11:45:00,1008.7
1486,43024,2022-01-15 11:45:00,1009.3
1487,43025,2022-01-15 11:50:00,1019.1
1488,43028,2022-01-15 11:50:00,1021.4
1489,43029,2022-01-15 11:50:00,1022.1
1490,43031,2022-01-15 11:49:00,1014.3
1491,43032,2022-01-15 11:48:00,1015.6
1492,43033,2022-01-15 11:49:00,1024.2
1493,43034,2022-01-15 11:49:00,1017.3
1494,43035,2022-01-15 11:51:00,1023.3
1495,43036,2022-01-15 11:48:00,1017.6
1496,43038,2022-01-15 11:50:00,1018.1
1497,43043,2022-01-15 11:48:00,1018.1
1498,43044,2022-01-15 11:47:00,980.6
1499,43048,2022-01-15 11:47:00,1021.9
1500,43049,2022-01-15 11:50:00,1009.9
1501,43054,2022-01-15 11:48:00,1024.6
1502,44001,2022-01-15 11:49:00,1013.8
1503,44003,2022-01-15 11:46:00,1025.3
1504,44005,2022-01-15 11:48:00,1018.3
1505,44006,2022-01-15 11:49:00,973.9
1506,44007,2022-01-15 11:48:00,933.8
1507,44008,2022-01-15 11:49:00,979.1
1508,44009,2022-01-15 11:48:00,1015.4
1509,44010,2022-01-15 11:45:00,1003.9
1510,44011,2022-01-15 11:44:00,1025.1
1511,44013,2022-01-15 11:48:00,973.6
1512,44014,2022-01-15 11:48:00,1022.2
1513,44015,2022-01-15 11:46:00,1018.6
1514,44016,2022-01-15 11:47:00,1021.8
1515,44017,2022-01-15 11:47:00,1013.5
1516,44018,2022-01-15 11:47:00,1021.6
1517,44020,2022-01-15 11:50:00,1022.9
1518,44025,2022-01-15 11:50:00,1009.6
1519,44026,2022-01-15 11:48:00,1020.8
1520,44027,2022-01-15 11:49:00,1018.6
1521,44028,2022-01-15 11:46:00,1006.7
1522,44029,2022-01-15 11:47:00,1013.5
1523,45001,2022-01-15 11:45:00,994.9
1524,45008,2022-01-15 11:42:00,1024.4
1525,45009,2022-01-15 11:42:00,1020.4
1526,45011,2022-01-15 11:40:00,1027.0
1527,45012,2022-01-15 11:40:00,1023.5
1528,45013,2022-01-15 11:42:00,1016.8
1529,45014,2022-01-15 11:42:00,1017.1
1530,45015,2022-01-15 11:44:00,979.3
1531,45016,2022-01-15 11:42:00,1020.4
1532,45017,2022-01-15 11:43:00,1002.7
1533,45023,2022-01-15 11:45:00,967.2
1534,45024,2022-01-15 11:44:00,1001.6
1535,45026,2022-01-15 11:43:00,1024.3
1536,45027,2022-01-15 11:43:00,1009.9
1537,45028,2022-01-15 11:42:00,1006.9
1538,45029,2022-01-15 11:45:00,964.3
1539,45031,2022-01-15 11:45:00,930.7
1540,45032,2022-01-15 11:43:00,1023.4
1541,45034,2022-01-15 11:42:00,1024.0
1542,45036,2022-01-15 11:43:00,1021.6
1543,45037,2022-01-15 11:40:00,1006.8
1544,45038,2022-01-15 11:41:00,1026.1
1545,45039,2022-01-15 11:42:00,1003.2
1546,46002,2022-01-15 11:47:00,1017.6
1547,46006,2022-01-15 11:35:00,1024.7
1548,46007,2022-01-15 11:41:00,1020.4
1549,46008,2022-01-15 11:41:00,1024.5
1550,46010,2022-01-15 11:41:00,1025.5
1551,46011,2022-01-15 11:41:00,1023.9
1552,46016,2022-01-15 11:46:00,1019.7
1553,46019,2022-01-15 11:46:00,1023.7
1554,46021,2022-01-15 11:42:00,1021.8
1555,46022,2022-01-15 11:42:00,1023.8
1556,46023,2022-01-15 11:44:00,1000.9
1557,46024,2022-01-15 11:42:00,1021.9
1558,46027,2022-01-15 11:44:00,1018.6
1559,46033,2022-01-15 11:43:00,1019.8
1560,46034,2022-01-15 11:40:00,998.7
1561,46036,2022-01-15 11:41:00,1022.1
1562,46037,2022-01-15 11:43:00,986.4
1563,46038,2022-01-15 11:42:00,1004.8
1564,46040,2022-01-15 11:36:00,1021.1
1565,46042,2022-01-15 11:35:00,1025.3
1566,46043,2022-01-15 11:35:00,1001.5
1567,46044,2022-01-15 11:34:00,1012.1
1568,46045,2022-01-15 11:34:00,1021.1
1569,46048,2022-01-15 11:35:00,1022.3
1570,46052,2022-01-15 11:45:00,1009.8
1571,46053,2022-01-15 11:43:00,1024.3
1572,46055,2022-01-15 11:44:00,1024.7
1573,47002,2022-01-15 11:34:00,1011.2
1574,47015,2022-01-15 11:35:00,1018.0
1575,47018,2022-01-15 11:36:00,1021.2
1576,47023,2022-01-15 11:34:00,1024.2
1577,47030,2022-01-15 11:17:00,1018.9
1578,47033,2022-01-15 11:36:00,1020.3
1579,47034,2022-01-15 11:39:00,1013.7
1580,47036,2022-01-15 11:40:00,1021.2
1581,47038,2022-01-15 11:42:00,1018.8
1582,47039,2022-01-15 11:41:00,1021.0
